order_date,region,category,channel,customer_segment,product_id,quantity,unit_price,discount_pct,revenue,is_returning_customer,notes
2024-12-11,South,Apparel,Online,Consumer,SKU-1039,5,11.49,0.2,45.96,False,expedited shipping requested
2025-06-10,North,Apparel,Online,Consumer,SKU-1000,6,27.35,0.0,164.1,False,
2024-12-17,North,Books,Partner,Consumer,SKU-1058,11,17.02,0.1,168.5,False,
2025-01-17,North,Books,Retail Store,Consumer,SKU-1033,3,51.62,0.15,131.63,True,gift wrap
2025-01-07,West,Sports,Retail Store,SMB,SKU-1016,10,26.5,0.0,265.0,False,
2025-05-21,Central,Home & Kitchen,Marketplace,Consumer,SKU-1105,8,83.87,0.0,670.96,True,promo code applied
2025-12-19,East,Home & Kitchen,Retail Store,Consumer,SKU-1051,8,9.1,0.0,72.8,False,gift wrap
2025-06-04,North,Electronics,Online,SMB,SKU-1113,3,57.59,0.0,172.77,False,first-time customer
2026-04-06,Central,Electronics,Online,Consumer,SKU-1084,7,29.87,0.1,188.18,False,expedited shipping requested
2025-05-22,North,Apparel,Online,Consumer,SKU-1052,3,51.09,0.2,122.62,False,
2025-03-27,Central,Apparel,Retail Store,SMB,SKU-1054,1,47.51,0.0,47.51,False,first-time customer
2025-11-16,West,Home & Kitchen,Online,Enterprise,SKU-1022,9,40.31,0.05,344.65,False,
2026-02-09,East,Sports,Online,Consumer,SKU-1040,6,138.76,0.0,832.56,False,
2025-11-18,West,Toys,Marketplace,Consumer,SKU-1105,4,,0.05,274.55,True,
2026-04-09,South,Sports,Online,Consumer,SKU-1095,10,69.23,0.1,623.07,True,promo code applied
2025-12-28,Central,Apparel,Online,Consumer,SKU-1082,7,61.0,0.15,362.95,True,bulk order
2026-03-02,North,Home & Kitchen,Retail Store,Consumer,SKU-1052,4,67.18,0.2,214.98,True,
2025-01-13,East,Toys,Partner,Consumer,SKU-1028,8,40.14,0.0,321.12,True,
2025-12-09,West,Sports,Retail Store,Consumer,SKU-1053,5,35.79,0.15,152.11,True,bulk order
2025-08-16,South,Electronics,Retail Store,Consumer,SKU-1079,5,27.0,0.0,135.0,False,
2026-02-07,East,Toys,Partner,SMB,SKU-1099,5,160.4,0.1,721.8,False,expedited shipping requested
2025-08-04,West,Books,Partner,SMB,SKU-1081,4,156.22,0.0,624.88,False,first-time customer
2026-03-20,Central,Sports,Retail Store,Consumer,SKU-1068,11,78.45,0.0,862.95,True,
2025-07-18,North,Electronics,Online,Consumer,SKU-1115,5,91.44,0.2,365.76,False,gift wrap
2025-11-24,Central,Electronics,Online,Consumer,SKU-1007,2,33.04,0.0,66.08,True,
2025-02-02,East,Apparel,Online,Consumer,SKU-1093,6,57.41,0.0,344.46,False,
2026-05-02,South,Sports,Online,Consumer,SKU-1038,5,51.55,0.2,206.2,False,gift wrap
2025-10-02,West,Electronics,Partner,Consumer,SKU-1110,9,50.77,0.1,411.24,True,bulk order
2025-05-11,West,Electronics,Online,Consumer,SKU-1004,7,72.79,0.2,407.62,False,bulk order
2025-07-17,North,Toys,Online,Consumer,SKU-1009,2,59.1,0.0,118.2,False,
2025-09-03,North,Home & Kitchen,Online,Consumer,SKU-1047,7,46.6,0.0,326.2,False,expedited shipping requested
2026-04-09,West,Electronics,Online,Consumer,SKU-1117,1,61.56,0.05,58.48,False,expedited shipping requested
2025-07-21,North,Electronics,Partner,Consumer,SKU-1068,6,59.06,0.05,336.64,False,
2025-05-25,North,Electronics,Online,Enterprise,SKU-1053,9,56.31,0.0,506.79,True,bulk order
2026-05-13,West,Electronics,Online,Consumer,SKU-1109,6,72.59,0.0,435.54,False,first-time customer
2025-09-10,East,Toys,Online,SMB,SKU-1103,7,164.88,0.1,1038.74,True,bulk order
2025-03-12,Central,Sports,Online,Consumer,SKU-1106,8,37.87,0.1,272.66,False,
2025-10-11,South,Apparel,Online,SMB,SKU-1092,1,21.54,0.15,18.31,False,promo code applied
2026-05-06,West,Books,Online,Enterprise,SKU-1046,2,74.52,0.0,149.04,False,first-time customer
2025-10-25,West,Sports,Online,Consumer,SKU-1066,1,119.83,0.0,119.83,False,gift wrap
2026-02-12,South,Home & Kitchen,Retail Store,Consumer,SKU-1106,5,51.57,0.15,219.17,True,bulk order
2025-07-24,Central,Home & Kitchen,Online,SMB,SKU-1007,11,30.36,0.15,283.87,False,
2026-03-24,East,Apparel,Retail Store,SMB,SKU-1111,6,55.99,0.15,285.55,True,gift wrap
2025-02-14,South,Sports,Retail Store,Consumer,SKU-1031,8,19.01,0.15,129.27,False,expedited shipping requested
2025-06-25,North,Toys,Online,SMB,SKU-1039,8,31.43,0.0,251.44,False,first-time customer
2026-03-24,North,Books,Online,Consumer,SKU-1023,7,55.3,0.0,387.1,True,promo code applied
2025-12-28,West,Electronics,Retail Store,SMB,SKU-1096,3,56.54,0.0,169.62,True,
2024-12-03,North,Apparel,Marketplace,SMB,SKU-1097,5,44.99,0.15,191.21,True,bulk order
2026-05-05,South,Apparel,Retail Store,Consumer,SKU-1002,4,57.16,0.0,228.64,False,
2026-03-16,North,Apparel,Partner,Enterprise,SKU-1057,5,49.47,0.1,222.62,True,first-time customer
2025-10-05,North,Books,Partner,SMB,SKU-1012,1,52.15,0.15,44.33,False,
2025-06-09,South,Apparel,Partner,Enterprise,SKU-1048,9,70.42,0.0,633.78,False,
2025-05-06,North,Sports,Online,Consumer,SKU-1096,10,87.76,0.1,789.84,False,
2026-01-03,Central,Sports,Partner,Consumer,SKU-1017,8,23.4,0.1,168.48,False,bulk order
2026-03-03,West,Electronics,Online,Consumer,SKU-1101,8,64.88,0.0,519.04,True,
2025-03-28,North,Sports,Online,Consumer,SKU-1112,9,66.02,0.2,475.34,False,
2025-01-13,North,Toys,Retail Store,Enterprise,SKU-1111,1,19.74,0.15,16.78,False,promo code applied
2025-01-04,Central,Electronics,Online,Consumer,SKU-1089,5,39.93,0.0,199.65,False,
2025-12-16,Central,Home & Kitchen,Online,Consumer,SKU-1102,10,69.16,0.1,622.44,False,
2025-01-28,West,Electronics,Online,Consumer,SKU-1024,6,93.07,0.0,558.42,False,
2025-01-16,South,Apparel,Online,Consumer,SKU-1019,11,37.84,0.0,416.24,False,first-time customer
2025-04-21,West,Toys,Retail Store,Consumer,SKU-1015,3,63.61,0.2,152.66,True,bulk order
2025-12-09,North,Home & Kitchen,Online,Consumer,SKU-1076,2,50.66,0.05,96.25,True,
2024-12-26,West,Toys,Retail Store,SMB,SKU-1116,8,71.61,0.15,486.95,False,
2026-01-11,West,Books,Marketplace,Consumer,SKU-1022,4,36.33,0.2,116.26,False,first-time customer
2025-01-25,East,Books,Retail Store,Consumer,SKU-1060,6,25.33,0.2,121.58,True,
2025-08-24,West,Toys,Online,SMB,SKU-1066,5,27.91,0.2,111.64,True,bulk order
2026-04-21,Central,Home & Kitchen,Online,SMB,SKU-1031,1,119.98,0.0,119.98,False,
2025-11-30,West,Sports,Online,Consumer,SKU-1073,4,78.37,0.15,266.46,True,first-time customer
2026-04-13,Central,Toys,Online,SMB,SKU-1012,2,69.86,0.15,118.76,False,
2026-02-20,East,Electronics,Online,SMB,SKU-1023,6,,0.0,393.36,True,
2025-05-19,East,Electronics,Online,SMB,SKU-1082,5,96.24,0.0,481.2,False,bulk order
2025-02-12,South,Home & Kitchen,Online,Consumer,SKU-1039,3,53.38,0.0,160.14,True,gift wrap
2026-01-07,West,Apparel,Online,Enterprise,SKU-1108,1,77.73,0.0,77.73,True,bulk order
2025-10-06,Central,Apparel,Online,Enterprise,SKU-1001,6,40.46,0.0,242.76,False,gift wrap
2025-05-07,West,Toys,Retail Store,Consumer,SKU-1036,5,77.52,0.2,310.08,False,
2025-05-11,South,Toys,Online,Consumer,SKU-1008,7,97.03,0.15,577.33,False,
2025-06-22,North,Home & Kitchen,Retail Store,Consumer,SKU-1083,10,100.3,0.0,1003.0,False,
2025-10-26,West,Toys,Online,Enterprise,SKU-1007,11,99.37,0.0,1093.07,False,gift wrap
2026-02-02,Central,Toys,Online,Consumer,SKU-1080,7,50.38,0.2,282.13,False,bulk order
2026-04-05,West,Home & Kitchen,Online,Consumer,SKU-1072,2,49.49,0.0,98.98,False,gift wrap
2025-01-30,West,Home & Kitchen,Retail Store,Consumer,SKU-1020,2,71.53,0.0,143.06,False,expedited shipping requested
2026-04-12,North,Electronics,Online,SMB,SKU-1021,4,33.4,0.1,120.24,False,first-time customer
2025-07-23,West,Apparel,Partner,SMB,SKU-1011,11,59.47,0.05,621.46,True,
2025-10-18,West,Home & Kitchen,Online,Consumer,SKU-1015,6,39.99,0.0,239.94,False,gift wrap
2026-01-08,West,Apparel,Retail Store,Consumer,SKU-1028,7,61.69,0.0,431.83,False,gift wrap
2026-01-16,West,Sports,Online,Consumer,SKU-1059,8,65.23,0.05,495.75,True,bulk order
2024-12-24,North,Sports,Online,Consumer,SKU-1001,4,147.82,0.2,473.02,True,bulk order
2026-04-13,North ,Electronics,Online,Consumer,SKU-1015,6,26.38,0.0,158.28,False,
2025-11-27,North,Electronics,Online,Consumer,SKU-1109,2,88.89,0.15,151.11,False,promo code applied
2025-08-30,West,Apparel,Marketplace,Enterprise,SKU-1107,5,74.0,0.0,370.0,False,expedited shipping requested
2025-10-31,South,Home & Kitchen,Marketplace,Consumer,SKU-1083,8,23.64,0.0,189.12,False,
2025-06-06,North,Apparel,Online,SMB,SKU-1008,7,93.8,0.15,558.11,False,
2025-11-07,North,Electronics,Online,SMB,SKU-1113,5,21.91,0.0,109.55,False,
2025-06-01,East,Sports,Online,Consumer,SKU-1088,8,44.72,0.15,304.1,False,
2025-09-03,North,Home & Kitchen,Online,Consumer,SKU-1057,10,54.18,0.15,460.53,False,promo code applied
2026-01-20,West,Home & Kitchen,Online,Consumer,SKU-1035,11,51.09,0.0,561.99,False,expedited shipping requested
2025-08-02,North,Toys,Online,Consumer,SKU-1037,1,46.93,0.05,44.58,True,gift wrap
2025-05-25,East,Home & Kitchen,Retail Store,Consumer,SKU-1087,10,77.11,0.15,655.44,True,bulk order
2025-03-29,East,Toys,Online,Consumer,SKU-1103,8,120.59,0.15,820.01,False,bulk order
2025-04-02,West,Books,Retail Store,Consumer,SKU-1104,1,28.65,0.0,28.65,False,
2025-06-02,North,Apparel,Online,SMB,SKU-1059,6,67.01,0.2,321.65,True,promo code applied
2026-03-01,West,Electronics,Online,SMB,SKU-1022,8,73.99,0.05,562.32,True,bulk order
2025-05-22,South,Home & Kitchen,Online,Consumer,SKU-1004,4,,0.0,127.0,False,gift wrap
2025-06-26,East,Toys,Retail Store,Enterprise,SKU-1047,6,115.4,0.1,623.16,False,
2025-11-09,South,Apparel,Partner,Consumer,SKU-1094,7,48.66,0.1,306.56,True,
2025-12-03,West,Toys,Online,Consumer,SKU-1084,10,82.71,0.2,661.68,False,promo code applied
2025-06-28,West,Sports,Online,SMB,SKU-1052,3,92.74,0.0,278.22,True,
2026-05-12,South,Apparel,Online,Enterprise,SKU-1036,3,35.53,0.1,95.93,True,expedited shipping requested
2025-09-19,Central,Toys,Online,Consumer,SKU-1022,9,36.44,0.0,327.96,False,bulk order
2025-03-03,North,Electronics,Partner,SMB,SKU-1088,2,30.93,0.15,52.58,False,
2026-03-08,South,Books,Retail Store,Consumer,SKU-1058,9,30.16,0.0,271.44,True,expedited shipping requested
2025-07-08,Central,Electronics,Partner,SMB,SKU-1109,11,84.39,0.15,789.05,True,first-time customer
2025-03-17,North,Apparel,Partner,Enterprise,SKU-1083,4,68.27,0.15,232.12,False,
2025-05-27,Central,Sports,Online,SMB,SKU-1004,8,70.43,0.15,478.92,True,first-time customer
2026-01-09,Central,Books,Online,Consumer,SKU-1079,9,37.26,0.2,268.27,False,
2025-08-29,East,Electronics,Online,Consumer,SKU-1003,11,65.63,0.0,721.93,True,promo code applied
2024-12-06,West,Apparel,Online,Consumer,SKU-1010,7,34.89,0.0,244.23,False,expedited shipping requested
2025-06-24,South,Home & Kitchen,Online,Enterprise,SKU-1067,7,24.97,0.05,166.05,True,
2025-08-14,South,Toys,Retail Store,Consumer,SKU-1015,8,148.6,0.0,1188.8,True,
2025-01-04,West,Apparel,Online,Consumer,SKU-1061,7,19.7,0.05,131.0,False,
2025-02-08,West,Electronics,Online,Consumer,SKU-1070,5,31.88,0.15,135.49,True,
2025-04-10,South,Home & Kitchen,Partner,Consumer,SKU-1022,1,53.25,0.1,47.92,False,bulk order
2026-05-23,West,Books,Online,Consumer,SKU-1049,7,52.04,0.2,291.42,False,
2025-04-30,North,Home & Kitchen,Online,Consumer,SKU-1034,10,29.1,0.0,291.0,True,
2026-03-16,South,Electronics,Marketplace,SMB,SKU-1001,10,52.6,0.1,473.4,True,
2025-08-20,East,Home & Kitchen,Online,Consumer,SKU-1070,9,24.64,0.1,199.58,True,first-time customer
2026-05-18,South,Electronics,Online,Consumer,SKU-1024,8,28.68,0.0,229.44,False,promo code applied
2025-02-12,Central,Sports,Online,Consumer,SKU-1003,7,62.95,0.1,396.58,False,
2025-01-19,West,Electronics,Online,Consumer,SKU-1107,8,44.18,0.15,300.42,True,
2025-02-27,North,Home & Kitchen,Marketplace,Consumer,SKU-1046,9,9.49,0.0,85.41,False,first-time customer
2025-12-11,West,Electronics,Online,Consumer,SKU-1004,3,29.23,0.0,87.69,False,first-time customer
2025-10-08,East,Apparel,Retail Store,SMB,SKU-1022,6,23.95,0.0,143.7,False,
2025-04-05,West,Electronics,Retail Store,SMB,SKU-1064,5,62.88,0.0,314.4,False,promo code applied
2025-06-11,East,Home & Kitchen,Online,SMB,SKU-1047,10,24.04,0.1,216.36,False,promo code applied
2026-03-01,Central,Home & Kitchen,Retail Store,Consumer,SKU-1068,7,31.04,0.1,195.55,False,first-time customer
2024-12-29,West,Electronics,Online,Consumer,SKU-1109,1,76.88,0.05,73.04,True,expedited shipping requested
2025-12-04,Central,Home & Kitchen,Partner,Consumer,SKU-1022,5,202.62,0.1,911.79,True,
2026-02-23,East,Electronics,Online,Enterprise,SKU-1014,2,92.66,0.0,185.32,False,bulk order
2026-01-08,West,Home & Kitchen,Retail Store,Consumer,SKU-1083,8,51.11,0.1,367.99,False,bulk order
2025-04-23,Central,Electronics,Online,Consumer,SKU-1087,10,55.8,0.2,446.4,True,expedited shipping requested
2026-03-05,South,Home & Kitchen,Retail Store,SMB,SKU-1062,4,100.77,0.2,322.46,False,bulk order
2025-08-13,West,Toys,Marketplace,Consumer,SKU-1018,4,56.4,0.0,225.6,True,
2025-11-12,North,Home & Kitchen,Online,SMB,SKU-1083,9,187.99,0.2,1353.53,False,
2025-11-28,North,Books,Online,Consumer,SKU-1097,11,47.7,0.0,524.7,False,
2025-03-07,Central,Toys,Online,SMB,SKU-1106,9,48.51,0.0,436.59,True,expedited shipping requested
2025-07-10,North,Home & Kitchen,Online,Consumer,SKU-1083,11,100.82,0.05,1053.57,False,
2025-09-14,South,Toys,Online,Consumer,SKU-1062,8,20.05,0.15,136.34,False,
2026-04-13,East,Books,Retail Store,Consumer,SKU-1017,8,64.72,0.15,440.1,True,promo code applied
2026-01-14,North,Home & Kitchen,Online,Consumer,SKU-1076,6,11.01,0.2,52.85,True,
2026-05-14,West,Electronics,Online,Enterprise,SKU-1062,9,123.76,0.15,946.76,True,expedited shipping requested
2025-10-17,West,Apparel,Marketplace,Consumer,SKU-1104,1,64.87,0.2,51.9,True,
2025-12-25,East,Books,Online,Consumer,SKU-1091,8,49.91,0.1,359.35,True,first-time customer
2026-03-09,West,Electronics,Partner,Enterprise,SKU-1090,5,35.3,0.05,167.68,False,promo code applied
2025-07-15,West,Books,Retail Store,Consumer,SKU-1057,7,35.59,0.05,236.67,True,expedited shipping requested
2026-03-25,Central,Sports,Retail Store,Consumer,SKU-1089,6,23.58,0.05,134.41,False,gift wrap
2025-08-10,Central,Toys,Online,Consumer,SKU-1061,3,57.18,0.05,162.96,True,gift wrap
2026-03-04,West,Home & Kitchen,Partner,Consumer,SKU-1061,9,63.43,0.0,570.87,False,
2024-12-24,Central,Electronics,Online,Consumer,SKU-1114,2,123.86,0.0,247.72,True,bulk order
2025-06-14,West,Apparel,Online,Consumer,SKU-1013,6,60.19,0.1,325.03,False,first-time customer
2025-06-16,North,Apparel,Partner,Consumer,SKU-1101,6,71.12,0.05,405.38,True,expedited shipping requested
2025-08-21,South,Toys,Retail Store,Consumer,SKU-1011,1,106.37,0.0,106.37,False,first-time customer
2026-05-21,West,Home & Kitchen,Marketplace,Consumer,SKU-1078,8,48.99,0.1,352.73,True,
2026-03-12,South,Sports,Marketplace,Consumer,SKU-1097,5,21.99,0.0,109.95,False,
2024-12-13,South,Home & Kitchen,Online,Enterprise,SKU-1012,4,67.71,0.2,216.67,True,
2025-09-18,East,Home & Kitchen,Partner,Consumer,SKU-1025,7,54.3,0.0,380.1,True,
2025-07-07,North,Apparel,Retail Store,Consumer,SKU-1000,9,57.68,0.0,519.12,True,
2025-07-05,West,Apparel,Online,Consumer,SKU-1072,4,48.35,0.0,193.4,False,
2025-10-14,Central,Home & Kitchen,Partner,SMB,SKU-1114,11,25.72,0.0,282.92,False,bulk order
2024-12-09,North,Electronics,Online,Consumer,SKU-1117,9,28.19,0.1,228.34,True,
2026-04-24,East,Electronics,Online,Enterprise,SKU-1056,8,29.54,0.0,236.32,True,
2025-02-01,North,Sports,Retail Store,Consumer,SKU-1059,7,149.05,0.2,834.68,False,promo code applied
2026-02-02,West,Electronics,Online,Consumer,SKU-1003,11,,0.05,863.59,False,gift wrap
2026-04-19,South,Electronics,Partner,Consumer,SKU-1002,11,38.65,0.05,403.89,False,first-time customer
2025-09-24,East,Home & Kitchen,Online,SMB,SKU-1023,11,40.28,0.0,443.08,True,
2025-02-01,East,Sports,Online,Consumer,SKU-1001,1,99.84,0.0,99.84,False,bulk order
2025-01-24,North,Electronics,Online,SMB,SKU-1044,9,60.17,0.1,487.38,False,promo code applied
2025-10-11,East,Electronics,Partner,SMB,SKU-1090,5,19.3,0.0,96.5,True,promo code applied
2025-01-18,West,Home & Kitchen,Partner,Consumer,SKU-1064,2,74.93,0.0,149.86,True,promo code applied
2025-11-04,South,Electronics,Retail Store,Consumer,SKU-1101,3,21.04,0.2,50.5,True,
2025-08-08,West,Electronics,Online,Consumer,SKU-1113,4,42.47,0.2,135.9,False,
2025-03-11,West,Sports,Partner,Consumer,SKU-1092,6,48.81,0.0,292.86,False,
2026-01-16,North,Electronics,Retail Store,SMB,SKU-1089,8,102.14,0.0,817.12,False,
2025-06-09,Central,Electronics,Marketplace,SMB,SKU-1115,3,35.41,0.0,106.23,False,
2025-05-07,East,Electronics,Online,Consumer,SKU-1018,3,32.8,0.15,83.64,False,
2026-03-23,Central,Apparel,Online,SMB,SKU-1025,11,51.84,0.2,456.19,False,promo code applied
2025-03-18,North,Home & Kitchen,Online,Consumer,SKU-1042,8,90.01,0.0,720.08,True,
2025-02-23,South,Home & Kitchen,Online,Consumer,SKU-1081,3,33.96,0.05,96.79,True,
2024-12-27,Central,Home & Kitchen,Online,Consumer,SKU-1040,11,94.27,0.0,1036.97,False,
2025-08-02,East,Home & Kitchen,Online,Consumer,SKU-1061,1,,0.0,68.81,False,
2025-07-27,South,Books,Retail Store,SMB,SKU-1012,1,78.87,0.15,67.04,False,
2025-02-28,East,Toys,Online,SMB,SKU-1096,2,,0.0,133.56,False,
2025-11-22,South,Home & Kitchen,Online,Consumer,SKU-1024,11,64.09,0.15,599.24,False,expedited shipping requested
2025-05-23,East,Electronics,Online,Consumer,SKU-1075,10,35.01,0.0,350.1,False,expedited shipping requested
2026-01-02,East,Sports,Online,Consumer,SKU-1088,8,46.09,0.1,331.85,True,
2025-04-06,West,Home & Kitchen,Online,Consumer,SKU-1076,6,,0.0,58.2,True,
2025-10-08,West,Electronics,Retail Store,Consumer,SKU-1011,6,54.97,0.0,329.82,False,expedited shipping requested
2025-03-16,Central,Apparel,Online,Consumer,SKU-1038,8,73.22,0.1,527.18,True,promo code applied
2025-11-21,South,Books,Online,Consumer,SKU-1091,7,37.56,0.1,236.63,True,
2025-02-04,Central,Apparel,Online,Consumer,SKU-1073,9,108.55,0.0,976.95,True,first-time customer
2025-06-10,East ,Sports,Online,Consumer,SKU-1059,2,173.41,0.2,277.46,False,
2025-04-22,West,Books,Retail Store,SMB,SKU-1005,10,169.29,0.1,1523.61,True,promo code applied
2025-03-01,Central,Home & Kitchen,Online,Enterprise,SKU-1065,6,59.02,0.05,336.41,True,bulk order
2025-01-26,South,Home & Kitchen,Online,Consumer,SKU-1009,6,28.18,0.0,169.08,True,promo code applied
2026-02-28,North,Electronics,Online,Consumer,SKU-1022,1,13.01,0.0,13.01,False,promo code applied
2025-05-01,Central,Electronics,Online,Consumer,SKU-1016,8,62.15,0.0,497.2,False,
2025-12-26,South,Electronics,Online,Consumer,SKU-1047,4,12.2,0.05,46.36,True,bulk order
2025-01-24,West,Electronics,Online,SMB,SKU-1093,10,102.11,0.0,1021.1,False,
2025-07-06,East,Electronics,Online,Consumer,SKU-1007,5,247.35,0.0,1236.75,True,bulk order
2025-05-31,East,Electronics,Marketplace,Consumer,SKU-1078,3,28.66,0.15,73.08,False,expedited shipping requested
2024-12-23,North,Toys,Online,SMB,SKU-1006,5,,0.0,453.35,False,bulk order
2025-09-04,West,Toys,Retail Store,Consumer,SKU-1104,1,50.23,0.0,50.23,True,gift wrap
2026-01-31,East,Books,Online,Consumer,SKU-1038,5,13.86,0.2,55.44,True,bulk order
2025-02-02,South,Sports,Online,SMB,SKU-1093,3,33.83,0.0,101.49,True,first-time customer
2025-04-25,Central,Electronics,Retail Store,SMB,SKU-1070,9,130.53,0.2,939.82,False,
2025-09-06,Central,Electronics,Online,Consumer,SKU-1005,4,105.81,0.05,402.08,True,bulk order
2026-02-15,West,Electronics,Retail Store,Consumer,SKU-1071,1,70.51,0.0,70.51,True,
2025-04-10,South,Apparel,Online,Consumer,SKU-1070,10,13.75,0.0,137.5,False,bulk order
2025-04-09,North,Electronics,Marketplace,Consumer,SKU-1095,4,39.1,0.15,132.94,True,first-time customer
2025-05-17,Central,Home & Kitchen,Online,SMB,SKU-1001,7,77.08,0.1,485.6,False,gift wrap
2025-01-08,South,Electronics,Online,SMB,SKU-1035,3,23.29,0.15,59.39,True,
2026-03-01,East,Home & Kitchen,Online,SMB,SKU-1054,3,30.47,0.2,73.13,True,expedited shipping requested
2025-08-23,East,Electronics,Marketplace,Consumer,SKU-1052,5,80.18,0.2,320.72,True,gift wrap
2025-12-03,Central,Home & Kitchen,Marketplace,SMB,SKU-1080,7,51.44,0.0,360.08,False,promo code applied
2026-02-09,South,Sports,Retail Store,Consumer,SKU-1033,6,79.63,0.0,477.78,False,bulk order
2025-06-15,South,Home & Kitchen,Partner,SMB,SKU-1066,10,28.58,0.05,271.51,False,promo code applied
2026-04-19,South,Sports,Online,Enterprise,SKU-1012,11,49.84,0.15,466.0,False,
2026-01-30,North,Home & Kitchen,Online,Consumer,SKU-1020,1,46.51,0.0,46.51,False,bulk order
2025-07-29,North,Electronics,Marketplace,Consumer,SKU-1001,4,103.15,0.1,371.34,False,
2025-02-09,Central,Home & Kitchen,Online,SMB,SKU-1024,8,24.54,0.05,186.5,True,
2025-11-23,West,Apparel,Online,Consumer,SKU-1068,2,64.32,0.0,128.64,False,promo code applied
2026-05-17,East,Sports,Online,Consumer,SKU-1019,4,56.94,0.0,227.76,True,
2025-12-24,Central,Electronics,Online,Enterprise,SKU-1058,11,32.59,0.1,322.64,False,bulk order
2025-10-21,West,Apparel,Online,SMB,SKU-1058,5,56.2,0.0,281.0,True,
2025-08-29,Central,Toys,Online,Consumer,SKU-1103,9,36.98,0.15,282.9,False,
2026-03-22,West,Electronics,Marketplace,Consumer,SKU-1080,9,23.59,0.0,212.31,False,gift wrap
2025-02-07,West,Home & Kitchen,Online,SMB,SKU-1079,5,73.77,0.2,295.08,True,
2024-12-17,North,Apparel,Retail Store,Consumer,SKU-1064,10,24.11,0.1,216.99,False,
2026-02-01,West,Books,Retail Store,SMB,SKU-1005,5,30.84,0.2,123.36,False,
2025-06-12,East,Electronics,Online,Consumer,SKU-1040,1,35.76,0.0,35.76,False,first-time customer
2026-04-27,West,Apparel,Marketplace,Consumer,SKU-1071,10,16.17,0.1,145.53,False,
2026-03-13,South,Books,Partner,Consumer,SKU-1087,7,39.12,0.05,260.15,False,expedited shipping requested
2024-12-27,Central,Home & Kitchen,Marketplace,Consumer,SKU-1011,1,54.96,0.15,46.72,True,gift wrap
2026-03-04,North,Books,Marketplace,SMB,SKU-1055,6,19.32,0.0,115.92,False,bulk order
2024-12-15,South,Electronics,Online,Enterprise,SKU-1110,2,50.75,0.2,81.2,True,bulk order
2026-03-31,South,Electronics,Online,Consumer,SKU-1066,8,67.06,0.0,536.48,False,
2025-03-11,West,Electronics,Marketplace,Consumer,SKU-1005,4,16.58,0.2,53.06,False,expedited shipping requested
2026-02-14,North,Home & Kitchen,Marketplace,SMB,SKU-1017,9,66.78,0.0,601.02,False,
2025-12-19,Central,Home & Kitchen,Online,Consumer,SKU-1117,5,136.34,0.0,681.7,False,
2026-03-02,South,Electronics,Partner,SMB,SKU-1111,4,65.92,0.0,263.68,True,gift wrap
2025-12-24,West,Apparel,Online,SMB,SKU-1055,1,13.12,0.05,12.46,True,
2025-03-15,Central,Sports,Online,SMB,SKU-1056,8,31.21,0.15,212.23,False,
2025-07-29,Central,Books,Marketplace,Consumer,SKU-1038,1,44.07,0.2,35.26,False,
2025-03-15,North,Sports,Online,Consumer,SKU-1023,9,86.05,0.2,619.56,False,promo code applied
2025-08-19,West,Electronics,Online,Enterprise,SKU-1102,1,80.73,0.05,76.69,False,promo code applied
2025-05-31,South,Electronics,Online,Consumer,SKU-1085,4,56.25,0.0,225.0,False,
2025-04-20,South,Toys,Partner,Consumer,SKU-1051,11,38.59,0.0,424.49,True,expedited shipping requested
2026-03-22,North,Sports,Online,SMB,SKU-1073,4,83.89,0.05,318.78,True,promo code applied
2026-05-13,West,Apparel,Marketplace,SMB,SKU-1007,3,31.71,0.1,85.62,False,
2026-05-10,North,Apparel,Online,Consumer,SKU-1034,6,52.05,0.0,312.3,False,promo code applied
2025-05-14,West ,Apparel,Online,Consumer,SKU-1102,11,71.92,0.0,791.12,False,
2025-05-19,South,Toys,Online,Consumer,SKU-1048,8,16.26,0.05,123.58,False,
2026-04-03,North,Books,Retail Store,Enterprise,SKU-1039,4,26.79,0.0,107.16,False,expedited shipping requested
2026-01-11,North,Sports,Marketplace,Consumer,SKU-1042,2,15.94,0.2,25.5,True,
2026-02-21,North,Apparel,Marketplace,Consumer,SKU-1013,5,29.56,0.0,147.8,True,first-time customer
2026-05-08,Central,Electronics,Marketplace,Consumer,SKU-1080,5,34.19,0.05,162.4,False,
2025-10-08,South,Apparel,Online,Consumer,SKU-1032,5,22.1,0.05,104.98,True,
2026-03-16,North,Electronics,Online,Consumer,SKU-1118,11,128.5,0.0,1413.5,True,bulk order
2025-08-21,Central,Books,Online,Consumer,SKU-1059,6,55.72,0.1,300.89,False,bulk order
2025-01-14,Central,Toys,Retail Store,SMB,SKU-1084,4,33.05,0.15,112.37,True,
2025-06-22,East,Electronics,Marketplace,Enterprise,SKU-1079,1,28.21,0.0,28.21,False,expedited shipping requested
2026-04-20,South,Books,Marketplace,Enterprise,SKU-1118,11,60.06,0.0,660.66,False,
2025-01-25,South,Toys,Online,SMB,SKU-1075,9,87.6,0.0,788.4,False,
2025-04-15,South,Sports,Retail Store,Consumer,SKU-1071,6,42.87,0.0,257.22,False,promo code applied
2026-04-27,North,Apparel,Online,Consumer,SKU-1099,7,78.97,0.1,497.51,False,promo code applied
2026-01-11,South,Apparel,Retail Store,Consumer,SKU-1111,11,24.61,0.0,270.71,False,promo code applied
2024-12-03,East,Books,Online,Enterprise,SKU-1084,6,47.99,0.15,244.75,False,expedited shipping requested
2025-09-21,North,Home & Kitchen,Online,Consumer,SKU-1007,10,27.07,0.0,270.7,False,expedited shipping requested
2025-09-04,West,Toys,Online,Consumer,SKU-1073,4,78.44,0.2,251.01,False,bulk order
2025-02-09,North,Apparel,Retail Store,SMB,SKU-1021,6,60.8,0.0,364.8,False,
2026-02-10,West,Home & Kitchen,Retail Store,SMB,SKU-1065,11,89.46,0.2,787.25,False,gift wrap
2025-11-05,West,Apparel,Online,Consumer,SKU-1086,9,29.52,0.15,225.83,False,
2025-08-10,West ,Toys,Online,SMB,SKU-1024,1,101.42,0.1,91.28,False,
2025-03-04,West,Electronics,Online,Consumer,SKU-1001,10,39.97,0.0,399.7,True,
2026-01-22,North,Apparel,Online,Consumer,SKU-1051,1,106.6,0.2,85.28,True,
2026-03-02,West,Home & Kitchen,Online,Consumer,SKU-1095,7,31.93,0.0,223.51,False,promo code applied
2026-04-15,Central,Apparel,Partner,Consumer,SKU-1055,8,11.17,0.0,89.36,False,first-time customer
2025-09-16,East,Toys,Online,Consumer,SKU-1088,4,38.16,0.0,152.64,True,
2026-02-06,East,Electronics,Online,SMB,SKU-1042,1,32.92,0.0,32.92,False,bulk order
2025-04-06,Central,Apparel,Online,Consumer,SKU-1071,4,28.59,0.2,91.49,False,first-time customer
2026-05-03,North,Electronics,Online,SMB,SKU-1026,11,57.37,0.15,536.41,False,promo code applied
2025-03-02,West,Home & Kitchen,Retail Store,Consumer,SKU-1031,7,44.27,0.05,294.4,False,
2026-03-16,South,Electronics,Online,Consumer,SKU-1048,4,57.29,0.0,229.16,False,
2025-08-13,North,Electronics,Online,Consumer,SKU-1110,5,58.83,0.2,235.32,True,
2025-11-05,West,Sports,Marketplace,SMB,SKU-1103,8,14.08,0.0,112.64,True,
2026-01-11,South,Apparel,Online,Consumer,SKU-1093,4,51.4,0.0,205.6,True,promo code applied
2024-12-02,North,Home & Kitchen,Online,Consumer,SKU-1035,4,44.92,0.0,179.68,False,promo code applied
2025-08-24,West,Books,Online,Consumer,SKU-1055,10,93.1,0.0,931.0,True,
2025-08-30,South,Electronics,Retail Store,Consumer,SKU-1015,10,70.48,0.05,669.56,True,
2025-08-31,North,Apparel,Online,SMB,SKU-1080,7,26.81,0.15,159.52,False,bulk order
2025-05-16,South,Toys,Online,Enterprise,SKU-1066,11,58.95,0.0,648.45,False,
2025-04-29,East,Electronics,Online,Consumer,SKU-1079,11,92.84,0.15,868.05,False,
2025-05-29,West,Electronics,Marketplace,Consumer,SKU-1101,3,35.04,0.0,105.12,False,gift wrap
2025-01-04,East,Sports,Online,Consumer,SKU-1103,6,30.89,0.15,157.54,False,expedited shipping requested
2026-04-30,North,Electronics,Online,Consumer,SKU-1014,9,41.57,0.0,374.13,False,gift wrap
2025-08-26,West,Apparel,Online,Consumer,SKU-1037,6,18.68,0.15,95.27,False,
2025-03-08,South,Books,Online,SMB,SKU-1117,3,40.22,0.1,108.59,True,
2025-01-14,South,Electronics,Retail Store,Enterprise,SKU-1035,9,62.61,0.0,563.49,False,first-time customer
2026-03-01,North,Home & Kitchen,Marketplace,Consumer,SKU-1100,7,75.25,0.0,526.75,False,
2026-02-07,West,Toys,Retail Store,Enterprise,SKU-1101,2,24.05,0.05,45.7,True,
2025-07-23,West,Home & Kitchen,Partner,Consumer,SKU-1080,7,32.76,0.0,229.32,False,expedited shipping requested
2025-03-16,West,Home & Kitchen,Online,Enterprise,SKU-1007,11,42.4,0.2,373.12,False,expedited shipping requested
2026-04-24,West,Toys,Online,Consumer,SKU-1117,2,63.09,0.15,107.25,False,expedited shipping requested
2025-06-24,Central,Apparel,Online,Consumer,SKU-1000,11,52.47,0.2,461.74,False,expedited shipping requested
2026-05-02,South,Electronics,Retail Store,Consumer,SKU-1114,3,21.71,0.15,55.36,False,
2025-03-06,East,Apparel,Online,Consumer,SKU-1082,7,13.62,0.0,95.34,True,
2025-01-12,South,Electronics,Marketplace,Consumer,SKU-1091,1,38.3,0.1,34.47,True,
2025-11-09,West,Electronics,Online,Enterprise,SKU-1019,11,70.13,0.2,617.14,True,
2026-03-20,West,Electronics,Retail Store,SMB,SKU-1105,11,50.0,0.0,550.0,True,
2025-11-22,South,Sports,Online,SMB,SKU-1033,3,40.07,0.15,102.18,False,
2025-07-15,South,Apparel,Marketplace,Consumer,SKU-1056,5,66.24,0.0,331.2,True,gift wrap
2025-09-11,Central,Sports,Marketplace,Consumer,SKU-1115,11,48.1,0.1,476.19,False,
2025-04-06,Central,Apparel,Online,SMB,SKU-1108,10,46.36,0.05,440.42,True,
2026-02-22,South,Home & Kitchen,Retail Store,SMB,SKU-1019,5,39.96,0.0,199.8,True,expedited shipping requested
2024-12-07,North,Home & Kitchen,Retail Store,Consumer,SKU-1077,6,59.5,0.0,357.0,False,first-time customer
2026-03-31,Central,Sports,Retail Store,SMB,SKU-1080,10,130.39,0.0,1303.9,False,
2026-01-18,North,Books,Online,SMB,SKU-1033,11,86.5,0.0,951.5,True,promo code applied
2025-01-10,East,Toys,Online,Consumer,SKU-1091,10,26.5,0.0,265.0,False,first-time customer
2025-03-11,East,Toys,Retail Store,SMB,SKU-1010,1,47.63,0.0,47.63,False,
2025-05-09,North,Toys,Online,Consumer,SKU-1043,7,112.21,0.1,706.92,False,
2025-04-25,Central,Apparel,Marketplace,Consumer,SKU-1073,3,68.24,0.15,174.01,False,expedited shipping requested
2025-10-08,West,Apparel,Online,Enterprise,SKU-1025,7,26.77,0.0,187.39,False,
2025-06-04,Central,Home & Kitchen,Online,Consumer,SKU-1088,4,55.01,0.0,220.04,True,first-time customer
2025-02-14,North,Apparel,Online,SMB,SKU-1038,7,42.97,0.15,255.67,False,
2026-02-26,West,Books,Online,Consumer,SKU-1064,11,39.29,0.0,432.19,False,
2025-08-09,Central,Home & Kitchen,Online,Consumer,SKU-1013,2,55.59,0.05,105.62,False,
2026-01-15,Central,Home & Kitchen,Online,SMB,SKU-1028,4,48.35,0.0,193.4,False,gift wrap
2025-11-04,South,Electronics,Retail Store,Consumer,SKU-1002,7,34.4,0.2,192.64,True,gift wrap
2025-05-18,Central,Apparel,Marketplace,Consumer,SKU-1088,8,33.03,0.05,251.03,True,
2025-07-03,East,Sports,Online,Enterprise,SKU-1083,2,53.13,0.15,90.32,False,bulk order
2025-02-05,West,Books,Online,Consumer,SKU-1090,8,28.75,0.2,184.0,True,
2026-01-05,South,Home & Kitchen,Partner,Consumer,SKU-1055,8,39.69,0.0,317.52,False,first-time customer
2025-08-15,South,Apparel,Retail Store,Consumer,SKU-1058,7,,0.0,189.77,True,promo code applied
2026-04-14,South,Apparel,Online,Consumer,SKU-1008,5,16.9,0.0,84.5,False,
2026-02-05,South,Electronics,Online,SMB,SKU-1090,3,35.49,0.1,95.82,False,
2025-12-17,Central,Sports,Partner,Consumer,SKU-1006,2,25.54,0.0,51.08,False,
2025-10-10,West,Home & Kitchen,Retail Store,Enterprise,SKU-1077,1,181.14,0.05,172.08,False,expedited shipping requested
2025-11-30,East,Sports,Online,SMB,SKU-1012,4,42.21,0.05,160.4,False,
2025-04-10,North,Electronics,Retail Store,SMB,SKU-1095,6,15.64,0.15,79.76,False,bulk order
2025-12-12,West,Apparel,Online,Consumer,SKU-1064,3,12.49,0.0,37.47,False,
2026-03-11,North,Sports,Marketplace,Consumer,SKU-1035,2,50.4,0.0,100.8,False,
2025-08-25,South,Toys,Marketplace,Consumer,SKU-1020,7,14.15,0.2,79.24,False,
2025-03-08,Central,Sports,Online,Consumer,SKU-1117,11,86.31,0.05,901.94,False,
2025-05-28,East,Home & Kitchen,Online,Consumer,SKU-1112,11,49.33,0.0,542.63,False,
2025-03-18,Central,Toys,Online,Consumer,SKU-1106,8,43.72,0.0,349.76,False,gift wrap
2025-09-21,West,Sports,Partner,Consumer,SKU-1047,2,113.89,0.0,227.78,True,
2025-03-17,East,Sports,Partner,Consumer,SKU-1115,6,71.29,0.15,363.58,True,
2025-03-19,Central,Home & Kitchen,Online,SMB,SKU-1045,8,56.5,0.0,452.0,False,first-time customer
2025-12-16,Central,Electronics,Online,Consumer,SKU-1077,4,64.42,0.1,231.91,False,expedited shipping requested
2025-09-05,West,Apparel,Partner,Consumer,SKU-1111,8,116.93,0.05,888.67,True,
2024-12-28,West,Home & Kitchen,Marketplace,Consumer,SKU-1055,2,60.56,0.15,102.95,True,promo code applied
2025-08-10,North,Home & Kitchen,Marketplace,Consumer,SKU-1098,1,38.67,0.05,36.74,True,
2026-03-16,South,Electronics,Online,Consumer,SKU-1045,2,95.45,0.0,190.9,True,
2026-04-11,North,Books,Online,SMB,SKU-1017,8,43.92,0.15,298.66,True,
2025-04-05,South,Electronics,Marketplace,Consumer,SKU-1052,9,148.53,0.05,1269.93,True,
2025-07-14,Central,Sports,Marketplace,SMB,SKU-1027,7,27.61,0.0,193.27,False,
2025-03-18,Central,Electronics,Online,Consumer,SKU-1075,7,46.28,0.0,323.96,False,promo code applied
2025-05-02,South,Books,Online,Consumer,SKU-1052,5,73.34,0.1,330.03,False,
2026-03-14,Central,Home & Kitchen,Retail Store,Consumer,SKU-1072,7,8.43,0.1,53.11,True,
2025-10-12,South,Sports,Retail Store,Consumer,SKU-1088,7,51.87,0.05,344.94,False,
2026-02-23,Central,Apparel,Partner,SMB,SKU-1023,2,38.05,0.0,76.1,False,
2026-01-15,North,Electronics,Retail Store,Consumer,SKU-1110,11,55.29,0.05,577.78,False,
2026-02-18,North,Electronics,Online,Consumer,SKU-1007,5,34.55,0.2,138.2,True,bulk order
2026-01-03,North,Electronics,Marketplace,Consumer,SKU-1006,5,23.54,0.0,117.7,False,
2025-12-12,Central,Toys,Retail Store,SMB,SKU-1000,3,49.39,0.0,148.17,True,
2026-01-13,South,Toys,Marketplace,Consumer,SKU-1052,2,40.71,0.1,73.28,True,
2025-07-12,South,Electronics,Online,SMB,SKU-1045,7,30.7,0.0,214.9,False,
2025-05-11,South,Apparel,Partner,Consumer,SKU-1003,3,68.41,0.1,184.71,False,bulk order
2025-09-29,North ,Electronics,Retail Store,Consumer,SKU-1105,8,76.92,0.0,615.36,False,
2025-01-26,South,Toys,Retail Store,SMB,SKU-1077,1,33.25,0.2,26.6,False,
2025-10-22,East,Electronics,Retail Store,SMB,SKU-1006,10,74.93,0.1,674.37,False,
2025-01-02,West,Electronics,Retail Store,Consumer,SKU-1097,7,44.05,0.0,308.35,True,promo code applied
2025-04-08,North,Electronics,Online,Consumer,SKU-1099,2,35.22,0.0,70.44,False,
2025-12-26,East,Sports,Marketplace,SMB,SKU-1030,11,33.27,0.2,292.78,False,gift wrap
2025-11-22,East,Apparel,Online,Consumer,SKU-1087,10,84.2,0.2,673.6,False,
2025-11-04,West,Books,Online,SMB,SKU-1048,5,17.56,0.05,83.41,True,bulk order
2025-06-22,East,Toys,Online,Consumer,SKU-1002,11,84.3,0.2,741.84,False,
2025-06-24,East,Electronics,Online,Consumer,SKU-1022,2,69.88,0.0,139.76,True,
2025-05-09,Central,Apparel,Online,SMB,SKU-1056,11,35.0,0.05,365.75,False,promo code applied
2025-05-17,North,Toys,Online,Consumer,SKU-1028,4,53.29,0.0,213.16,False,expedited shipping requested
2025-10-11,West,Apparel,Online,Consumer,SKU-1010,2,83.04,0.15,141.17,False,
2025-09-21,North,Toys,Marketplace,Enterprise,SKU-1110,9,18.5,0.2,133.2,False,gift wrap
2025-09-22,North,Apparel,Partner,Consumer,SKU-1108,1,19.77,0.15,16.8,False,
2026-02-20,East,Electronics,Online,SMB,SKU-1010,8,77.53,0.05,589.23,False,promo code applied
2025-08-25,North,Apparel,Online,SMB,SKU-1080,5,116.04,0.0,580.2,False,
2025-09-06,East,Apparel,Online,Consumer,SKU-1035,4,105.86,0.0,423.44,False,first-time customer
2026-03-21,West,Sports,Retail Store,Consumer,SKU-1040,1,90.65,0.0,90.65,True,promo code applied
2024-12-04,North,Electronics,Retail Store,Consumer,SKU-1016,5,88.92,0.05,422.37,True,
2025-12-11,West,Electronics,Online,Consumer,SKU-1077,10,59.02,0.0,590.2,True,
2025-09-23,West,Electronics,Online,Consumer,SKU-1095,11,110.37,0.1,1092.66,False,gift wrap
2025-04-20,South,Toys,Online,Consumer,SKU-1066,9,42.41,0.2,305.35,True,
2025-10-18,East,Books,Retail Store,SMB,SKU-1088,7,35.81,0.15,213.07,True,
2026-03-10,East,Toys,Marketplace,SMB,SKU-1078,4,186.0,0.0,744.0,True,gift wrap
2025-08-04,Central,Apparel,Retail Store,SMB,SKU-1105,9,75.9,0.0,683.1,True,promo code applied
2025-11-29,North,Electronics,Retail Store,Consumer,SKU-1003,8,42.85,0.0,342.8,False,
2025-06-06,North,Sports,Online,Consumer,SKU-1027,5,78.63,0.15,334.18,False,
2026-02-23,Central,Electronics,Online,SMB,SKU-1080,11,90.85,0.2,799.48,False,
2024-12-25,East,Electronics,Online,Consumer,SKU-1058,1,128.07,0.0,128.07,True,first-time customer
2024-12-19,South,Electronics,Online,Consumer,SKU-1043,6,117.19,0.1,632.83,True,
2026-02-22,West,Electronics,Marketplace,Consumer,SKU-1089,11,46.54,0.0,511.94,True,
2025-02-26,East,Electronics,Retail Store,Consumer,SKU-1082,1,17.35,0.0,17.35,False,
2026-03-13,West,Apparel,Online,SMB,SKU-1088,7,76.58,0.0,536.06,False,promo code applied
2025-05-16,West,Electronics,Online,Consumer,SKU-1109,7,27.59,0.0,193.13,False,promo code applied
2025-10-29,West,Electronics,Online,Consumer,SKU-1065,4,61.11,0.0,244.44,False,promo code applied
2026-05-02,North,Home & Kitchen,Online,Consumer,SKU-1091,5,73.6,0.1,331.2,False,
2025-03-09,Central,Home & Kitchen,Online,Consumer,SKU-1065,9,65.94,0.15,504.44,False,
2025-07-19,South,Apparel,Retail Store,SMB,SKU-1040,9,104.25,0.2,750.6,False,
2025-11-03,West,Home & Kitchen,Retail Store,Consumer,SKU-1030,5,43.54,0.1,195.93,False,expedited shipping requested
2025-04-09,North,Books,Retail Store,Consumer,SKU-1022,3,39.48,0.0,118.44,False,first-time customer
2025-11-28,West,Books,Marketplace,Consumer,SKU-1093,1,87.36,0.1,78.62,True,
2025-03-16,North,Toys,Retail Store,Consumer,SKU-1029,11,90.55,0.2,796.84,False,
2025-05-09,Central,Toys,Online,Consumer,SKU-1100,11,162.22,0.2,1427.54,False,bulk order
2026-03-19,West,Apparel,Online,Consumer,SKU-1103,6,39.72,0.0,238.32,False,expedited shipping requested
2025-06-26,North,Electronics,Marketplace,Consumer,SKU-1046,9,46.52,0.1,376.81,False,gift wrap
2025-07-21,East,Apparel,Online,Consumer,SKU-1078,4,70.39,0.05,267.48,False,first-time customer
2025-04-05,Central,Sports,Online,SMB,SKU-1046,2,47.85,0.05,90.92,False,bulk order
2025-04-06,North,Home & Kitchen,Online,SMB,SKU-1040,9,38.63,0.0,347.67,False,
2026-04-14,Central,Apparel,Online,SMB,SKU-1068,6,40.11,0.0,240.66,True,gift wrap
2025-10-15,West,Books,Online,Consumer,SKU-1021,9,29.13,0.0,262.17,False,
2025-02-02,South,Electronics,Retail Store,Consumer,SKU-1102,5,83.9,0.05,398.52,False,gift wrap
2025-01-12,West,Sports,Online,Consumer,SKU-1084,9,72.92,0.1,590.65,True,first-time customer
2025-04-23,Central,Toys,Marketplace,SMB,SKU-1083,2,47.53,0.0,95.06,True,expedited shipping requested
2025-11-06,Central,Books,Retail Store,SMB,SKU-1001,7,35.76,0.05,237.8,False,
2025-02-04,West,Sports,Online,Consumer,SKU-1020,3,22.65,0.0,67.95,True,
2024-12-20,Central,Toys,Partner,Consumer,SKU-1035,6,23.5,0.05,133.95,False,gift wrap
2026-05-21,North,Sports,Online,SMB,SKU-1013,2,63.35,0.05,120.36,False,
2025-03-16,West,Apparel,Online,SMB,SKU-1092,6,54.26,0.0,325.56,True,promo code applied
2025-07-12,East,Electronics,Online,Consumer,SKU-1041,3,52.89,0.1,142.8,True,gift wrap
2026-05-21,East,Sports,Online,SMB,SKU-1077,4,45.97,0.15,156.3,True,promo code applied
2025-04-30,West,Home & Kitchen,Marketplace,Consumer,SKU-1013,8,97.51,0.2,624.06,False,promo code applied
2026-04-25,South,Books,Partner,SMB,SKU-1081,11,60.33,0.0,663.63,True,
2025-03-21,West,Electronics,Online,SMB,SKU-1084,3,33.25,0.1,89.78,True,
2026-01-09,West,Sports,Online,Consumer,SKU-1098,6,70.16,0.15,357.82,True,
2025-11-23,South,Apparel,Online,SMB,SKU-1064,7,36.9,0.2,206.64,True,
2024-12-26,North,Home & Kitchen,Online,Consumer,SKU-1040,1,70.45,0.0,70.45,False,promo code applied
2026-05-19,South,Apparel,Online,Enterprise,SKU-1044,11,13.93,0.0,153.23,False,
2025-11-10,South,Home & Kitchen,Retail Store,Consumer,SKU-1095,8,31.74,0.2,203.14,True,
2025-08-06,Central,Electronics,Online,SMB,SKU-1061,1,23.12,0.0,23.12,False,expedited shipping requested
2026-03-25,West,Electronics,Retail Store,SMB,SKU-1027,4,13.13,0.0,52.52,False,expedited shipping requested
2026-02-27,North,Toys,Online,Consumer,SKU-1054,9,110.69,0.0,996.21,False,
2025-03-24,South,Toys,Online,Consumer,SKU-1001,9,109.01,0.0,981.09,False,
2025-03-10,East,Home & Kitchen,Online,SMB,SKU-1062,5,21.56,0.0,107.8,False,
2025-02-07,Central,Apparel,Online,Consumer,SKU-1022,2,79.66,0.0,159.32,False,first-time customer
2026-03-05,Central,Books,Partner,SMB,SKU-1025,10,,0.2,224.96,False,
2026-01-07,North,Sports,Online,SMB,SKU-1082,4,152.31,0.0,609.24,True,
2025-10-08,East,Electronics,Online,SMB,SKU-1004,7,41.45,0.2,232.12,False,expedited shipping requested
2024-12-17,Central,Electronics,Online,SMB,SKU-1038,4,38.53,0.0,154.12,False,
2025-04-28,Central,Electronics,Online,Consumer,SKU-1007,6,99.72,0.05,568.4,True,
2025-04-24,North,Books,Partner,Consumer,SKU-1083,11,43.31,0.15,404.95,False,
2025-10-17,West,Electronics,Retail Store,SMB,SKU-1029,6,54.24,0.15,276.62,False,first-time customer
2025-04-04,West,Books,Online,SMB,SKU-1048,11,36.34,0.0,399.74,False,expedited shipping requested
2026-01-15,North,Electronics,Retail Store,Consumer,SKU-1110,11,55.29,0.05,577.78,False,
2026-03-02,Central,Electronics,Retail Store,SMB,SKU-1097,1,57.42,0.0,57.42,True,bulk order
2025-03-02,North,Home & Kitchen,Online,Consumer,SKU-1066,5,50.92,0.2,203.68,False,
2025-04-01,West,Home & Kitchen,Partner,SMB,SKU-1007,10,27.43,0.1,246.87,True,
2025-05-05,North,Electronics,Retail Store,Consumer,SKU-1018,2,28.36,0.05,53.88,True,
2025-04-16,North,Apparel,Online,Consumer,SKU-1021,9,40.78,0.15,311.97,False,
2025-08-31,South,Books,Online,Consumer,SKU-1045,2,89.43,0.1,160.97,True,
2025-01-28,Central,Home & Kitchen,Online,SMB,SKU-1032,1,22.41,0.1,20.17,True,
2026-02-27,Central,Sports,Online,SMB,SKU-1087,2,45.48,0.15,77.32,False,expedited shipping requested
2025-04-15,East,Books,Retail Store,Consumer,SKU-1040,4,,0.15,48.93,False,promo code applied
2025-12-12,East,Home & Kitchen,Online,Consumer,SKU-1014,4,42.96,0.05,163.25,True,
2025-12-24,Central,Books,Partner,Consumer,SKU-1040,9,66.93,0.05,572.25,False,bulk order
2025-08-25,East,Apparel,Retail Store,Consumer,SKU-1032,7,53.13,0.0,371.91,True,
2025-12-10,North,Electronics,Online,Consumer,SKU-1116,11,37.66,0.2,331.41,False,
2024-12-04,South,Sports,Retail Store,Consumer,SKU-1008,1,88.37,0.0,88.37,True,expedited shipping requested
2025-01-23,Central,Toys,Partner,Consumer,SKU-1066,5,36.82,0.15,156.48,False,promo code applied
2024-12-23,West,Electronics,Retail Store,Consumer,SKU-1093,5,133.26,0.15,566.35,False,
2025-11-04,East ,Sports,Retail Store,Consumer,SKU-1119,8,,0.0,196.0,True,first-time customer
2026-02-01,South,Apparel,Online,Consumer,SKU-1017,4,38.86,0.0,155.44,True,first-time customer
2025-11-12,North,Sports,Retail Store,Enterprise,SKU-1106,6,21.69,0.15,110.62,True,first-time customer
2025-06-29,South,Toys,Online,Consumer,SKU-1091,3,97.06,0.1,262.06,True,
2026-01-14,West,Apparel,Online,Consumer,SKU-1086,3,88.5,0.1,238.95,False,gift wrap
2026-04-08,West,Home & Kitchen,Marketplace,Consumer,SKU-1069,9,118.77,0.0,1068.93,False,promo code applied
2026-04-06,Central,Apparel,Online,Consumer,SKU-1081,9,30.87,0.0,277.83,False,expedited shipping requested
2025-07-28,South,Home & Kitchen,Online,Consumer,SKU-1022,4,61.97,0.0,247.88,False,first-time customer
2025-02-15,South,Electronics,Online,Consumer,SKU-1094,4,47.56,0.05,180.73,False,promo code applied
2025-03-16,Central,Books,Retail Store,SMB,SKU-1084,9,126.25,0.0,1136.25,True,first-time customer
2026-01-09,South,Apparel,Online,Consumer,SKU-1008,2,52.67,0.05,100.07,False,
2025-01-30,North,Apparel,Retail Store,Consumer,SKU-1117,5,92.22,0.15,391.94,True,
2025-06-16,North,Toys,Online,Consumer,SKU-1022,4,141.15,0.15,479.91,False,gift wrap
2026-02-28,South,Toys,Marketplace,SMB,SKU-1029,3,26.53,0.15,67.65,True,expedited shipping requested
2025-05-07,South,Electronics,Online,Consumer,SKU-1102,11,136.75,0.2,1203.4,False,
2026-01-31,East,Apparel,Online,SMB,SKU-1002,11,77.91,0.05,814.16,True,first-time customer
2025-11-20,West,Apparel,Online,Consumer,SKU-1069,5,77.31,0.15,328.57,False,
2026-05-22,East,Apparel,Online,SMB,SKU-1000,11,53.88,0.2,474.14,True,
2026-02-18,East,Toys,Marketplace,Consumer,SKU-1106,8,50.83,0.1,365.98,False,bulk order
2025-09-23,West,Electronics,Retail Store,SMB,SKU-1078,4,93.46,0.1,336.46,False,
2026-02-06,South,Home & Kitchen,Online,Consumer,SKU-1029,4,19.35,0.15,65.79,False,
2025-05-28,South,Electronics,Retail Store,Consumer,SKU-1012,6,58.65,0.2,281.52,True,gift wrap
2025-11-19,East,Toys,Partner,SMB,SKU-1082,6,31.82,0.05,181.37,False,promo code applied
2025-09-13,West,Electronics,Marketplace,Consumer,SKU-1020,11,70.18,0.05,733.38,False,
2024-12-02,North,Home & Kitchen,Retail Store,Consumer,SKU-1113,11,95.92,0.2,844.1,True,
2025-04-22,North,Books,Marketplace,SMB,SKU-1026,3,64.39,0.0,193.17,False,
2025-06-13,North,Sports,Retail Store,Consumer,SKU-1117,10,40.25,0.15,342.12,False,first-time customer
2025-10-05,North,Books,Partner,Consumer,SKU-1032,1,14.93,0.1,13.44,True,
2026-05-06,Central,Books,Online,Enterprise,SKU-1030,7,50.76,0.0,355.32,False,promo code applied
2025-06-30,West,Toys,Retail Store,Consumer,SKU-1117,10,37.55,0.0,375.5,False,bulk order
2024-12-02,North,Sports,Retail Store,Consumer,SKU-1105,3,,0.1,134.92,True,
2025-02-05,North,Electronics,Partner,Consumer,SKU-1069,1,44.86,0.0,44.86,False,expedited shipping requested
2025-03-29,North,Toys,Online,Consumer,SKU-1019,5,39.91,0.0,199.55,False,
2026-01-02,Central,Electronics,Marketplace,Consumer,SKU-1119,7,30.47,0.2,170.63,True,promo code applied
2025-01-08,West,Home & Kitchen,Online,Enterprise,SKU-1099,8,14.24,0.0,113.92,False,gift wrap
2025-11-08,South,Toys,Online,SMB,SKU-1016,4,30.22,0.1,108.79,False,
2024-12-10,North,Electronics,Partner,Enterprise,SKU-1014,7,67.56,0.15,401.98,True,first-time customer
2025-06-26,East,Home & Kitchen,Online,Consumer,SKU-1116,1,40.49,0.0,40.49,True,expedited shipping requested
2025-03-28,West,Electronics,Retail Store,Consumer,SKU-1055,11,131.34,0.0,1444.74,True,first-time customer
2024-12-29,South,Home & Kitchen,Retail Store,Enterprise,SKU-1097,4,35.96,0.05,136.65,False,
2025-12-14,West,Apparel,Online,Consumer,SKU-1039,8,64.02,0.1,460.94,False,gift wrap
2025-06-12,West,Sports,Online,Consumer,SKU-1100,2,59.96,0.2,95.94,True,
2026-02-22,West,Books,Online,Consumer,SKU-1060,1,22.65,0.2,18.12,False,promo code applied
2025-08-17,North ,Apparel,Partner,SMB,SKU-1055,11,146.23,0.0,1608.53,False,expedited shipping requested
2024-12-19,West,Books,Online,Consumer,SKU-1026,7,86.87,0.1,547.28,True,expedited shipping requested
2025-07-07,South,Home & Kitchen,Marketplace,SMB,SKU-1115,4,64.63,0.2,206.82,True,
2025-06-26,South,Electronics,Online,Consumer,SKU-1015,3,31.7,0.15,80.83,True,
2025-05-10,South,Apparel,Retail Store,Consumer,SKU-1027,7,15.21,0.2,85.18,False,expedited shipping requested
2025-07-29,East,Books,Online,SMB,SKU-1115,3,51.94,0.15,132.45,True,gift wrap
2024-12-25,South,Apparel,Online,Consumer,SKU-1063,9,47.63,0.15,364.37,False,promo code applied
2025-01-27,East,Toys,Marketplace,SMB,SKU-1003,8,82.73,0.0,661.84,True,
2026-02-23,East,Apparel,Retail Store,Consumer,SKU-1039,3,76.72,0.0,230.16,False,
2026-02-21,South,Electronics,Retail Store,SMB,SKU-1102,5,22.76,0.2,91.04,False,bulk order
2025-01-31,South,Sports,Partner,SMB,SKU-1092,1,66.37,0.0,66.37,False,bulk order
2025-11-30,North,Electronics,Online,Consumer,SKU-1034,9,44.12,0.2,317.66,True,bulk order
2025-01-20,North,Electronics,Online,SMB,SKU-1101,8,39.65,0.15,269.62,False,
2026-02-10,East,Apparel,Online,Consumer,SKU-1003,4,90.62,0.1,326.23,True,
2025-12-08,Central,Electronics,Marketplace,Consumer,SKU-1032,11,41.48,0.1,410.65,False,
2026-01-28,West,Electronics,Online,Consumer,SKU-1001,7,77.56,0.05,515.77,True,bulk order
2026-02-08,South,Sports,Online,Consumer,SKU-1005,9,48.59,0.05,415.44,False,promo code applied
2025-07-08,West,Apparel,Online,Consumer,SKU-1046,9,34.34,0.0,309.06,False,
2024-12-26,East,Home & Kitchen,Partner,Consumer,SKU-1025,3,51.63,0.0,154.89,False,
2026-02-28,West,Sports,Partner,Consumer,SKU-1075,1,74.45,0.05,70.73,False,
2026-02-19,East,Apparel,Marketplace,Enterprise,SKU-1056,11,57.78,0.15,540.24,False,
2024-12-08,East,Books,Partner,SMB,SKU-1067,4,71.97,0.0,287.88,True,
2025-06-01,North,Apparel,Marketplace,Enterprise,SKU-1071,6,15.3,0.05,87.21,True,first-time customer
2026-05-23,West,Books,Online,Consumer,SKU-1098,3,132.34,0.0,397.02,False,
2025-04-12,North,Sports,Online,SMB,SKU-1086,2,28.31,0.0,56.62,True,
2026-02-10,North,Apparel,Partner,Consumer,SKU-1015,7,85.33,0.0,597.31,True,expedited shipping requested
2025-08-19,West,Electronics,Marketplace,Consumer,SKU-1018,5,134.03,0.0,670.15,True,
2025-06-14,West,Books,Partner,Consumer,SKU-1105,3,18.7,0.0,56.1,False,
2025-08-01,West,Toys,Online,SMB,SKU-1088,7,21.43,0.2,120.01,False,
2025-11-03,West,Apparel,Online,Enterprise,SKU-1023,2,17.69,0.0,35.38,False,
2026-03-13,West,Electronics,Retail Store,Enterprise,SKU-1078,10,47.17,0.1,424.53,False,
2026-04-15,South,Electronics,Online,Consumer,SKU-1061,3,58.68,0.15,149.63,True,bulk order
2026-02-23,Central,Electronics,Online,SMB,SKU-1101,2,82.36,0.0,164.72,False,
2026-03-17,North,Toys,Online,Consumer,SKU-1076,8,62.28,0.1,448.42,False,gift wrap
2025-06-22,Central,Home & Kitchen,Online,Consumer,SKU-1116,8,45.61,0.0,364.88,False,
2026-03-22,Central,Sports,Online,SMB,SKU-1048,3,63.78,0.05,181.77,False,
2025-09-03,South,Toys,Retail Store,Consumer,SKU-1015,10,89.45,0.0,894.5,False,
2025-01-27,Central,Toys,Online,SMB,SKU-1088,11,73.89,0.1,731.51,False,
2025-09-20,Central,Electronics,Online,Consumer,SKU-1053,4,11.95,0.15,40.63,False,
2025-06-15,Central,Apparel,Marketplace,Consumer,SKU-1088,11,17.93,0.15,167.65,False,
2026-01-16,West,Apparel,Marketplace,Consumer,SKU-1013,10,41.65,0.05,395.67,False,
2024-12-20,Central,Electronics,Online,Consumer,SKU-1024,1,77.81,0.05,73.92,True,expedited shipping requested
2025-07-07,Central,Apparel,Retail Store,Consumer,SKU-1024,7,84.05,0.15,500.1,True,gift wrap
2025-08-08,South,Apparel,Online,SMB,SKU-1016,4,106.35,0.1,382.86,False,expedited shipping requested
2025-07-03,North,Apparel,Marketplace,Consumer,SKU-1114,1,33.7,0.15,28.65,False,
2025-07-22,North,Apparel,Retail Store,Enterprise,SKU-1026,10,130.03,0.1,1170.27,False,
2025-07-01,West,Apparel,Retail Store,Consumer,SKU-1047,2,126.58,0.15,215.19,False,gift wrap
2025-05-11,North,Apparel,Partner,Consumer,SKU-1031,1,27.47,0.15,23.35,True,expedited shipping requested
2025-12-24,West,Apparel,Online,SMB,SKU-1095,11,103.98,0.1,1029.4,False,gift wrap
2024-12-28,South,Apparel,Online,Consumer,SKU-1023,7,20.63,0.05,137.19,True,gift wrap
2026-04-14,West,Books,Online,SMB,SKU-1111,2,105.24,0.0,210.48,True,gift wrap
2025-07-08,West,Home & Kitchen,Retail Store,Consumer,SKU-1107,3,103.8,0.1,280.26,True,
2025-12-23,South,Books,Partner,Consumer,SKU-1112,5,109.53,0.1,492.88,False,first-time customer
2025-06-25,Central,Sports,Online,SMB,SKU-1074,3,49.07,0.1,132.49,False,expedited shipping requested
2025-05-08,North,Apparel,Partner,SMB,SKU-1090,10,45.18,0.0,451.8,True,first-time customer
2025-11-30,South,Home & Kitchen,Online,Consumer,SKU-1048,5,89.21,0.0,446.05,False,first-time customer
2025-02-24,South,Electronics,Retail Store,Consumer,SKU-1104,5,33.29,0.2,133.16,False,promo code applied
2026-01-04,Central,Toys,Online,Consumer,SKU-1035,4,65.88,0.0,263.52,False,expedited shipping requested
2025-11-28,South,Apparel,Online,Consumer,SKU-1080,8,26.29,0.1,189.29,True,first-time customer
2025-03-07,South,Sports,Retail Store,Consumer,SKU-1108,3,31.26,0.0,93.78,True,
2025-01-11,North,Home & Kitchen,Online,Consumer,SKU-1107,4,46.64,0.2,149.25,True,promo code applied
2026-01-13,Central,Toys,Online,Consumer,SKU-1087,10,96.25,0.0,962.5,False,expedited shipping requested
2025-04-15,South,Books,Online,Consumer,SKU-1014,11,49.76,0.0,547.36,True,expedited shipping requested
2026-01-29,East,Electronics,Online,Consumer,SKU-1080,10,31.03,0.2,248.24,False,
2026-03-22,South,Home & Kitchen,Marketplace,Consumer,SKU-1101,8,151.14,0.15,1027.75,False,expedited shipping requested
2026-05-05,East,Home & Kitchen,Retail Store,Consumer,SKU-1023,3,107.92,0.1,291.38,True,
2025-09-16,North,Home & Kitchen,Online,Consumer,SKU-1079,3,59.02,0.0,177.06,True,gift wrap
2025-03-21,South,Home & Kitchen,Online,Consumer,SKU-1038,9,47.56,0.0,428.04,True,first-time customer
2026-03-22,North,Toys,Retail Store,SMB,SKU-1033,1,79.93,0.05,75.93,False,promo code applied
2025-01-06,North ,Home & Kitchen,Online,Consumer,SKU-1093,9,40.12,0.05,343.03,False,
2025-04-02,North,Electronics,Retail Store,Consumer,SKU-1117,11,25.05,0.15,234.22,False,promo code applied
2025-11-08,South,Home & Kitchen,Retail Store,Consumer,SKU-1030,7,67.12,0.05,446.35,True,
2025-03-13,Central,Toys,Retail Store,Consumer,SKU-1097,5,20.7,0.0,103.5,True,promo code applied
2025-11-14,North,Apparel,Online,Consumer,SKU-1080,11,60.45,0.2,531.96,False,bulk order
2025-11-01,West,Books,Marketplace,Consumer,SKU-1019,9,89.53,0.2,644.62,True,
2025-09-15,Central,Electronics,Online,Consumer,SKU-1009,10,29.44,0.0,294.4,False,
2025-09-04,North,Electronics,Online,Consumer,SKU-1097,10,42.81,0.2,342.48,True,expedited shipping requested
2025-02-25,Central,Toys,Retail Store,Enterprise,SKU-1008,6,46.54,0.0,279.24,True,
2026-03-06,West,Sports,Marketplace,Consumer,SKU-1098,1,36.94,0.0,36.94,False,gift wrap
2025-03-30,South,Home & Kitchen,Partner,SMB,SKU-1074,1,52.15,0.2,41.72,True,bulk order
2025-05-29,North,Apparel,Retail Store,SMB,SKU-1046,1,42.64,0.1,38.38,True,
2026-02-12,South,Toys,Online,Consumer,SKU-1107,10,23.25,0.0,232.5,False,
2025-07-26,Central,Apparel,Retail Store,Consumer,SKU-1108,7,36.73,0.0,257.11,False,
2025-08-02,East,Apparel,Online,Enterprise,SKU-1112,1,35.24,0.0,35.24,False,gift wrap
2026-03-05,North,Apparel,Online,Consumer,SKU-1032,2,30.34,0.2,48.54,False,
2025-08-14,West,Home & Kitchen,Online,SMB,SKU-1040,6,105.88,0.05,603.52,True,
2025-09-16,South,Apparel,Online,Consumer,SKU-1117,7,40.12,0.0,280.84,False,promo code applied
2026-02-26,West,Electronics,Online,Consumer,SKU-1038,6,39.43,0.1,212.92,False,bulk order
2025-05-12,South,Sports,Online,Consumer,SKU-1079,8,68.83,0.2,440.51,False,
2026-01-08,North,Sports,Online,SMB,SKU-1099,8,66.04,0.1,475.49,False,promo code applied
2025-09-27,East,Electronics,Partner,Consumer,SKU-1004,11,67.83,0.0,746.13,False,
2026-05-19,North,Electronics,Online,Consumer,SKU-1106,4,30.35,0.0,121.4,True,gift wrap
2026-01-10,South,Electronics,Partner,SMB,SKU-1117,9,49.46,0.0,445.14,False,
2025-05-28,West,Home & Kitchen,Online,Consumer,SKU-1095,3,87.52,0.0,262.56,False,
2026-04-07,West,Electronics,Online,Enterprise,SKU-1069,9,103.54,0.0,931.86,False,
2025-09-07,East,Electronics,Online,Enterprise,SKU-1008,11,81.78,0.15,764.64,True,
2025-03-10,South,Electronics,Online,Consumer,SKU-1060,10,28.13,0.05,267.24,True,
2026-02-21,Central,Toys,Retail Store,SMB,SKU-1084,6,45.17,0.0,271.02,True,
2025-03-28,South,Electronics,Online,SMB,SKU-1051,6,,0.15,231.95,True,gift wrap
2025-01-05,North,Apparel,Online,Consumer,SKU-1063,7,60.02,0.1,378.13,False,
2025-09-20,South,Electronics,Retail Store,Consumer,SKU-1075,5,119.01,0.05,565.3,False,bulk order
2025-02-01,West,Electronics,Retail Store,SMB,SKU-1022,9,46.56,0.05,398.09,False,bulk order
2025-05-07,South,Electronics,Partner,Consumer,SKU-1104,11,38.77,0.2,341.18,True,gift wrap
2025-08-04,West,Home & Kitchen,Online,Consumer,SKU-1079,11,50.96,0.0,560.56,True,
2025-10-20,East,Toys,Retail Store,Consumer,SKU-1099,1,43.67,0.1,39.3,True,
2026-05-03,East,Electronics,Marketplace,Consumer,SKU-1017,4,16.45,0.0,65.8,True,expedited shipping requested
2025-01-06,East,Apparel,Partner,Consumer,SKU-1007,10,86.52,0.2,692.16,False,
2025-01-21,North,Apparel,Online,Consumer,SKU-1069,9,63.97,0.0,575.73,True,
2025-05-14,South,Home & Kitchen,Online,SMB,SKU-1100,6,16.67,0.05,95.02,False,first-time customer
2026-01-01,East,Home & Kitchen,Retail Store,SMB,SKU-1063,9,82.38,0.05,704.35,False,promo code applied
2026-05-12,South,Sports,Online,Enterprise,SKU-1011,11,51.43,0.0,565.73,True,
2026-01-16,North,Electronics,Online,Consumer,SKU-1028,8,9.61,0.2,61.5,True,bulk order
2025-05-30,Central,Apparel,Online,Consumer,SKU-1016,3,17.11,0.15,43.63,True,
2026-04-07,South,Electronics,Retail Store,Consumer,SKU-1085,11,127.1,0.2,1118.48,True,gift wrap
2025-07-23,North,Apparel,Online,Consumer,SKU-1048,3,22.45,0.1,60.61,False,promo code applied
2025-01-09,North,Electronics,Online,Consumer,SKU-1100,8,67.57,0.05,513.53,True,
2025-11-11,West,Apparel,Retail Store,Consumer,SKU-1056,9,68.85,0.0,619.65,True,
2025-02-22,South,Electronics,Online,Consumer,SKU-1110,4,63.05,0.1,226.98,True,
2025-02-16,North,Apparel,Online,Consumer,SKU-1061,7,55.3,0.0,387.1,False,
2026-05-18,North,Sports,Online,Consumer,SKU-1048,4,34.49,0.0,137.96,True,promo code applied
2024-12-13,Central,Apparel,Retail Store,Consumer,SKU-1050,11,26.35,0.0,289.85,True,
2025-07-29,Central,Toys,Marketplace,SMB,SKU-1084,1,146.16,0.2,116.93,False,
2026-05-04,Central,Sports,Online,SMB,SKU-1053,8,34.73,0.05,263.95,False,
2025-03-28,North,Apparel,Retail Store,Consumer,SKU-1037,1,55.09,0.05,52.34,False,gift wrap
2025-08-08,Central,Home & Kitchen,Online,SMB,SKU-1101,11,31.95,0.15,298.73,False,
2025-06-07,North,Electronics,Retail Store,Consumer,SKU-1023,9,33.46,0.0,301.14,False,
2025-02-19,Central,Books,Online,SMB,SKU-1035,10,91.38,0.1,822.42,True,
2026-03-19,East,Books,Marketplace,Consumer,SKU-1080,8,51.74,0.0,413.92,False,
2026-04-18,East,Home & Kitchen,Online,Enterprise,SKU-1022,4,70.25,0.05,266.95,False,
2026-04-18,South,Electronics,Online,SMB,SKU-1071,9,24.56,0.15,187.88,False,expedited shipping requested
2025-02-17,North,Apparel,Online,SMB,SKU-1009,3,18.12,0.0,54.36,False,
2026-04-08,West,Apparel,Marketplace,Consumer,SKU-1038,2,83.1,0.0,166.2,False,
2024-12-18,East,Apparel,Online,Enterprise,SKU-1024,1,80.05,0.2,64.04,False,gift wrap
2025-01-09,South,Electronics,Marketplace,Consumer,SKU-1085,6,15.33,0.2,73.58,False,
2025-04-26,South,Apparel,Retail Store,Consumer,SKU-1101,6,70.78,0.2,339.74,False,promo code applied
2025-05-22,West,Electronics,Online,SMB,SKU-1036,11,22.15,0.0,243.65,True,
2026-03-08,Central,Sports,Online,Consumer,SKU-1027,3,70.94,0.1,191.54,True,bulk order
2026-02-22,North,Sports,Online,Consumer,SKU-1083,4,54.22,0.1,195.19,False,
2025-03-25,West,Sports,Online,Consumer,SKU-1028,1,100.09,0.0,100.09,False,
2025-09-05,North,Home & Kitchen,Partner,SMB,SKU-1035,5,46.69,0.2,186.76,True,
2025-04-18,South,Electronics,Online,Consumer,SKU-1079,1,58.3,0.05,55.38,False,
2025-06-10,Central,Apparel,Online,Consumer,SKU-1002,4,62.0,0.0,248.0,False,
2025-07-29,South,Home & Kitchen,Online,Consumer,SKU-1006,9,,0.1,81.97,True,first-time customer
2025-02-07,South,Electronics,Retail Store,SMB,SKU-1060,3,76.86,0.0,230.58,True,gift wrap
2025-03-29,West,Home & Kitchen,Online,Consumer,SKU-1060,8,38.61,0.0,308.88,True,expedited shipping requested
2024-12-01,East,Apparel,Online,Consumer,SKU-1115,2,74.31,0.0,148.62,False,gift wrap
2026-01-02,West,Electronics,Online,Consumer,SKU-1014,11,51.19,0.1,506.78,True,bulk order
2025-11-29,South,Home & Kitchen,Online,Consumer,SKU-1103,6,23.72,0.05,135.2,True,expedited shipping requested
2026-02-17,West,Sports,Online,SMB,SKU-1042,11,53.35,0.0,586.85,False,promo code applied
2026-02-20,Central,Toys,Online,SMB,SKU-1005,2,20.59,0.2,32.94,False,expedited shipping requested
2025-11-24,South,Home & Kitchen,Marketplace,Enterprise,SKU-1005,6,45.97,0.05,262.03,False,
2025-02-21,South,Home & Kitchen,Online,Consumer,SKU-1103,10,92.12,0.15,783.02,False,
2026-03-27,North,Electronics,Online,Consumer,SKU-1058,10,39.23,0.05,372.68,False,
2025-11-03,South,Electronics,Online,Consumer,SKU-1052,1,51.76,0.0,51.76,False,promo code applied
2026-03-18,South,Home & Kitchen,Online,SMB,SKU-1061,5,43.29,0.0,216.45,True,
2025-04-14,West,Apparel,Online,Consumer,SKU-1085,4,43.65,0.0,174.6,True,bulk order
2026-02-12,North,Home & Kitchen,Retail Store,Consumer,SKU-1014,10,152.83,0.0,1528.3,True,expedited shipping requested
2025-02-12,North,Sports,Retail Store,SMB,SKU-1054,6,31.41,0.1,169.61,False,
2025-07-07,Central,Home & Kitchen,Retail Store,SMB,SKU-1076,4,135.79,0.0,543.16,False,
2025-06-01,West,Apparel,Online,Consumer,SKU-1011,10,59.6,0.0,596.0,False,promo code applied
2025-07-13,West,Electronics,Online,SMB,SKU-1082,1,115.96,0.15,98.57,False,expedited shipping requested
2026-01-14,North,Electronics,Online,Enterprise,SKU-1017,3,,0.05,199.19,False,
2025-04-04,North,Home & Kitchen,Retail Store,Consumer,SKU-1079,4,32.05,0.0,128.2,False,first-time customer
2025-02-12,Central,Home & Kitchen,Online,Consumer,SKU-1024,2,46.6,0.05,88.54,True,bulk order
2025-07-31,West,Books,Marketplace,Consumer,SKU-1060,8,23.22,0.0,185.76,False,
2026-02-23,North,Books,Online,Consumer,SKU-1111,8,88.6,0.1,637.92,False,
2025-08-29,North,Apparel,Online,Enterprise,SKU-1070,6,24.62,0.0,147.72,True,
2025-06-26,North,Home & Kitchen,Online,Consumer,SKU-1085,6,101.02,0.0,606.12,False,promo code applied
2025-09-28,South,Electronics,Online,Consumer,SKU-1008,8,42.49,0.1,305.93,True,gift wrap
2026-05-09,South,Toys,Marketplace,SMB,SKU-1016,1,42.96,0.15,36.52,False,bulk order
2025-12-29,North,Home & Kitchen,Online,Consumer,SKU-1114,4,79.61,0.0,318.44,False,
2025-07-20,West,Electronics,Marketplace,Consumer,SKU-1033,11,19.36,0.0,212.96,True,promo code applied
2025-09-20,South,Toys,Online,Consumer,SKU-1052,3,32.1,0.0,96.3,False,expedited shipping requested
2025-07-17,West,Sports,Online,Enterprise,SKU-1107,6,34.45,0.0,206.7,False,
2025-12-20,South,Toys,Online,Consumer,SKU-1087,3,97.73,0.0,293.19,False,expedited shipping requested
2025-04-03,South,Sports,Online,Consumer,SKU-1036,9,51.22,0.1,414.88,True,
2026-03-30,West,Books,Partner,SMB,SKU-1080,6,59.27,0.0,355.62,False,gift wrap
2024-12-07,West,Electronics,Online,Consumer,SKU-1089,10,47.74,0.05,453.53,False,
2025-12-23,Central,Toys,Retail Store,Consumer,SKU-1034,5,29.94,0.05,142.22,True,
2025-03-06,West,Electronics,Online,Consumer,SKU-1061,8,91.2,0.2,583.68,True,
2026-01-18,South,Toys,Retail Store,SMB,SKU-1101,3,86.01,0.0,258.03,True,
2025-08-02,North,Apparel,Marketplace,SMB,SKU-1008,8,67.17,0.0,537.36,True,
2026-04-08,North,Home & Kitchen,Retail Store,Consumer,SKU-1023,2,11.52,0.2,18.43,False,
2026-04-25,Central,Apparel,Online,Consumer,SKU-1067,5,20.08,0.0,100.4,False,
2025-09-29,Central,Apparel,Marketplace,Consumer,SKU-1054,1,135.12,0.0,135.12,False,bulk order
2026-05-07,North,Electronics,Online,Consumer,SKU-1073,6,36.15,0.0,216.9,True,expedited shipping requested
2026-02-08,North,Electronics,Retail Store,SMB,SKU-1048,1,35.09,0.2,28.07,True,first-time customer
2025-07-09,North,Electronics,Retail Store,Enterprise,SKU-1001,5,56.72,0.0,283.6,False,
2025-08-17,West,Sports,Online,Consumer,SKU-1066,7,68.27,0.05,454.0,False,promo code applied
2026-02-15,South,Home & Kitchen,Online,Enterprise,SKU-1095,7,18.13,0.1,114.22,True,expedited shipping requested
2025-06-11,South,Apparel,Online,Consumer,SKU-1002,8,74.61,0.15,507.35,False,first-time customer
2026-01-14,North,Electronics,Partner,Consumer,SKU-1063,2,72.4,0.15,123.08,False,
2025-11-04,Central,Toys,Partner,Consumer,SKU-1073,7,25.57,0.15,152.14,False,
2025-09-07,East,Apparel,Retail Store,Consumer,SKU-1110,3,67.28,0.0,201.84,False,bulk order
2025-09-02,West,Home & Kitchen,Retail Store,Consumer,SKU-1097,11,24.01,0.1,237.7,False,bulk order
2025-04-21,West,Toys,Online,Consumer,SKU-1035,7,14.96,0.15,89.01,True,
2025-12-12,North,Apparel,Online,Consumer,SKU-1084,2,55.84,0.15,94.93,False,
2025-04-11,South,Toys,Online,Consumer,SKU-1028,3,57.31,0.2,137.54,False,bulk order
2025-05-12,North,Books,Marketplace,Consumer,SKU-1113,1,70.44,0.1,63.4,True,gift wrap
2026-03-04,Central,Toys,Online,Consumer,SKU-1077,11,52.12,0.0,573.32,False,
2024-12-28,North,Electronics,Retail Store,Consumer,SKU-1039,5,17.73,0.0,88.65,False,
2025-12-22,East,Toys,Partner,SMB,SKU-1007,9,30.49,0.05,260.69,True,promo code applied
2025-04-02,Central,Electronics,Online,Enterprise,SKU-1081,2,76.15,0.05,144.68,False,first-time customer
2026-02-01,North,Electronics,Partner,Enterprise,SKU-1027,11,163.3,0.0,1796.3,False,promo code applied
2024-12-03,Central,Home & Kitchen,Marketplace,SMB,SKU-1053,2,40.14,0.0,80.28,False,
2025-08-01,South,Apparel,Online,Consumer,SKU-1005,9,82.59,0.0,743.31,False,gift wrap
2026-04-15,North,Home & Kitchen,Partner,Consumer,SKU-1091,11,30.65,0.05,320.29,False,promo code applied
2025-04-20,North,Electronics,Online,SMB,SKU-1017,1,165.34,0.05,157.07,True,
2026-01-08,East,Sports,Partner,Consumer,SKU-1061,11,22.77,0.0,250.47,False,gift wrap
2026-04-19,North,Electronics,Marketplace,Consumer,SKU-1086,2,120.89,0.2,193.42,False,
2025-10-12,Central,Books,Online,SMB,SKU-1119,11,41.69,0.0,458.59,True,expedited shipping requested
2025-05-20,North,Books,Online,Consumer,SKU-1045,5,110.01,0.0,550.05,True,
2025-08-02,East,Apparel,Marketplace,Enterprise,SKU-1109,2,27.03,0.15,45.95,True,expedited shipping requested
2025-01-17,Central,Sports,Marketplace,Enterprise,SKU-1119,9,32.39,0.0,291.51,False,
2025-11-22,West,Apparel,Marketplace,SMB,SKU-1072,1,50.5,0.15,42.92,True,first-time customer
2026-02-16,West ,Apparel,Online,Consumer,SKU-1027,7,19.38,0.0,135.66,False,promo code applied
2025-11-30,South,Home & Kitchen,Retail Store,SMB,SKU-1057,4,23.44,0.15,79.7,False,
2025-07-29,North,Home & Kitchen,Online,SMB,SKU-1112,9,95.61,0.2,688.39,False,promo code applied
2026-05-04,South,Apparel,Retail Store,Consumer,SKU-1022,9,52.6,0.0,473.4,True,expedited shipping requested
2026-04-07,Central,Apparel,Online,Consumer,SKU-1002,1,72.57,0.15,61.68,True,bulk order
2025-11-16,West,Toys,Retail Store,Enterprise,SKU-1035,6,39.47,0.1,213.14,True,bulk order
2026-01-11,West,Home & Kitchen,Online,SMB,SKU-1078,4,23.25,0.15,79.05,True,first-time customer
2024-12-14,Central,Sports,Retail Store,Consumer,SKU-1085,4,53.38,0.0,213.52,False,gift wrap
2025-04-15,South,Apparel,Online,Consumer,SKU-1109,11,25.09,0.2,220.79,True,
2025-02-23,South,Apparel,Online,Consumer,SKU-1018,2,118.89,0.1,214.0,False,first-time customer
2025-01-17,West,Apparel,Online,Consumer,SKU-1004,5,59.23,0.05,281.34,False,
2025-03-17,North,Sports,Online,SMB,SKU-1084,1,56.26,0.0,56.26,False,first-time customer
2025-06-19,South,Books,Online,Consumer,SKU-1026,7,49.13,0.0,343.91,False,first-time customer
2025-08-20,East,Electronics,Online,Consumer,SKU-1094,4,33.11,0.1,119.2,True,expedited shipping requested
2025-09-27,Central,Apparel,Online,Enterprise,SKU-1075,9,14.52,0.15,111.08,True,
2025-01-06,Central,Sports,Online,SMB,SKU-1008,5,73.56,0.15,312.63,True,
2025-11-11,East,Home & Kitchen,Marketplace,Consumer,SKU-1112,5,51.43,0.05,244.29,False,bulk order
2025-12-19,North,Toys,Online,SMB,SKU-1111,7,52.76,0.1,332.39,True,gift wrap
2025-01-03,North,Books,Online,Consumer,SKU-1018,9,35.15,0.2,253.08,False,bulk order
2025-10-05,North,Electronics,Online,Consumer,SKU-1032,8,99.2,0.0,793.6,False,first-time customer
2025-12-16,South,Toys,Marketplace,Consumer,SKU-1103,4,97.47,0.0,389.88,True,gift wrap
2025-01-23,West,Apparel,Marketplace,Consumer,SKU-1071,3,92.11,0.0,276.33,True,
2026-01-11,North,Apparel,Marketplace,SMB,SKU-1103,1,105.7,0.0,105.7,True,
2025-04-02,North,Sports,Retail Store,SMB,SKU-1012,11,44.73,0.0,492.03,False,
2025-03-05,West,Electronics,Marketplace,SMB,SKU-1019,11,24.11,0.0,265.21,True,promo code applied
2025-12-20,Central,Apparel,Retail Store,Consumer,SKU-1011,7,56.62,0.15,336.89,False,promo code applied
2025-05-11,North,Apparel,Partner,Consumer,SKU-1037,11,29.01,0.1,287.2,True,gift wrap
2025-12-21,North,Apparel,Online,Consumer,SKU-1028,7,45.24,0.0,316.68,False,first-time customer
2025-01-21,East,Sports,Marketplace,Consumer,SKU-1041,3,31.34,0.05,89.32,True,
2025-10-02,West,Home & Kitchen,Retail Store,Consumer,SKU-1115,3,52.4,0.0,157.2,False,
2025-10-30,Central,Sports,Partner,Consumer,SKU-1062,5,42.58,0.15,180.96,False,
2025-11-24,East,Electronics,Online,Consumer,SKU-1035,3,89.53,0.1,241.73,False,bulk order
2025-01-24,East,Apparel,Online,Consumer,SKU-1054,7,61.18,0.0,428.26,False,
2025-10-09,North,Electronics,Retail Store,Consumer,SKU-1072,10,28.52,0.1,256.68,False,bulk order
2025-05-25,South,Sports,Partner,Consumer,SKU-1038,2,32.93,0.15,55.98,False,expedited shipping requested
2026-05-21,Central,Sports,Online,Consumer,SKU-1082,2,47.73,0.0,95.46,False,gift wrap
2025-06-20,North,Apparel,Online,Consumer,SKU-1106,10,118.0,0.05,1121.0,True,
2024-12-21,West,Toys,Marketplace,SMB,SKU-1067,10,71.02,0.15,603.67,False,
2025-03-31,South,Electronics,Online,SMB,SKU-1000,3,86.27,0.0,258.81,False,gift wrap
2025-09-01,North,Home & Kitchen,Online,Consumer,SKU-1050,8,45.16,0.0,361.28,False,expedited shipping requested
2025-07-27,North,Electronics,Retail Store,Consumer,SKU-1025,6,151.98,0.2,729.5,True,expedited shipping requested
2025-04-14,North,Sports,Online,Consumer,SKU-1001,11,11.88,0.0,130.68,True,promo code applied
2025-10-10,Central,Home & Kitchen,Marketplace,SMB,SKU-1049,6,27.15,0.2,130.32,True,
2026-05-08,East,Apparel,Online,Consumer,SKU-1097,1,33.83,0.0,33.83,True,first-time customer
2025-03-20,East,Home & Kitchen,Online,Consumer,SKU-1100,3,151.56,0.15,386.48,True,
2026-03-22,West,Sports,Online,Consumer,SKU-1088,11,92.77,0.2,816.38,False,
2025-08-26,Central,Sports,Marketplace,SMB,SKU-1105,10,72.57,0.0,725.7,False,bulk order
2026-04-10,Central,Home & Kitchen,Online,SMB,SKU-1108,10,79.38,0.05,754.11,True,expedited shipping requested
2026-02-09,East,Sports,Online,Consumer,SKU-1032,1,18.29,0.15,15.55,True,expedited shipping requested
2026-05-18,North,Apparel,Online,Enterprise,SKU-1072,11,28.63,0.2,251.94,True,first-time customer
2025-05-22,West,Apparel,Online,Consumer,SKU-1000,6,85.95,0.1,464.13,False,
2026-05-03,West,Apparel,Online,Consumer,SKU-1000,4,44.0,0.1,158.4,False,
2026-01-04,East,Electronics,Online,SMB,SKU-1027,7,37.91,0.0,265.37,True,
2025-09-13,East,Electronics,Online,Enterprise,SKU-1066,1,22.91,0.0,22.91,False,first-time customer
2025-12-31,Central,Electronics,Online,Consumer,SKU-1074,8,34.49,0.0,275.92,False,
2026-02-22,West,Home & Kitchen,Online,SMB,SKU-1002,5,38.93,0.15,165.45,False,
2025-01-27,East,Sports,Partner,SMB,SKU-1009,7,52.61,0.0,368.27,True,promo code applied
2025-03-14,North,Sports,Online,Consumer,SKU-1046,5,63.52,0.1,285.84,True,promo code applied
2025-06-23,Central,Electronics,Online,SMB,SKU-1061,11,138.38,0.05,1446.07,True,bulk order
2026-02-26,North,Books,Marketplace,SMB,SKU-1062,10,36.23,0.15,307.95,False,promo code applied
2025-09-09,West,Electronics,Online,SMB,SKU-1003,8,58.83,0.0,470.64,False,
2026-01-18,South,Electronics,Online,SMB,SKU-1082,8,64.91,0.1,467.35,False,
2025-06-09,North,Apparel,Online,Consumer,SKU-1104,3,18.85,0.0,56.55,False,
2025-09-04,South,Electronics,Online,Consumer,SKU-1088,3,13.93,0.0,41.79,True,first-time customer
2025-02-14,West,Toys,Online,Consumer,SKU-1079,11,17.56,0.0,193.16,False,expedited shipping requested
2025-06-17,North,Toys,Online,Enterprise,SKU-1091,7,72.6,0.0,508.2,False,
2026-03-24,South,Electronics,Marketplace,Consumer,SKU-1109,8,72.02,0.1,518.54,True,gift wrap
2025-03-05,West,Sports,Retail Store,Consumer,SKU-1061,5,34.51,0.1,155.29,False,bulk order
2025-02-06,West,Apparel,Online,SMB,SKU-1063,10,149.91,0.0,1499.1,True,promo code applied
2025-06-23,South,Books,Marketplace,Consumer,SKU-1096,6,82.55,0.1,445.77,False,
2025-01-23,South,Electronics,Online,Consumer,SKU-1033,2,41.49,0.15,70.53,True,bulk order
2025-05-23,East,Home & Kitchen,Online,Enterprise,SKU-1017,7,71.71,0.0,501.97,False,
2026-05-06,West,Apparel,Online,Consumer,SKU-1098,6,101.73,0.2,488.3,True,first-time customer
2026-02-14,East,Sports,Online,Consumer,SKU-1088,11,34.19,0.2,300.87,True,
2026-03-28,North,Apparel,Online,Consumer,SKU-1033,8,60.06,0.15,408.41,True,gift wrap
2025-12-21,West,Home & Kitchen,Retail Store,Consumer,SKU-1026,5,31.88,0.15,135.49,False,
2025-04-03,South,Electronics,Marketplace,Consumer,SKU-1101,6,96.71,0.2,464.21,True,
2026-01-23,East,Electronics,Online,SMB,SKU-1018,4,62.51,0.0,250.04,False,
2025-04-21,West,Home & Kitchen,Retail Store,Consumer,SKU-1068,9,46.17,0.0,415.53,True,
2026-05-20,West,Toys,Online,Consumer,SKU-1112,4,78.11,0.0,312.44,False,bulk order
2026-02-28,North,Toys,Retail Store,Consumer,SKU-1101,4,64.52,0.0,258.08,False,gift wrap
2025-06-25,South,Sports,Online,Consumer,SKU-1115,8,36.12,0.0,288.96,False,promo code applied
2025-05-26,Central,Home & Kitchen,Online,Enterprise,SKU-1104,4,47.51,0.0,190.04,False,first-time customer
2024-12-09,North,Apparel,Marketplace,Consumer,SKU-1055,5,30.82,0.0,154.1,True,
2025-03-06,East,Electronics,Online,Enterprise,SKU-1101,6,22.71,0.0,136.26,True,
2025-08-09,Central,Home & Kitchen,Retail Store,Enterprise,SKU-1038,1,45.33,0.05,43.06,True,first-time customer
2025-10-25,North,Toys,Online,Consumer,SKU-1050,7,26.0,0.15,154.7,False,gift wrap
2025-08-03,South ,Sports,Retail Store,Consumer,SKU-1006,7,66.87,0.0,468.09,False,gift wrap
2025-07-29,Central,Toys,Online,SMB,SKU-1079,2,107.69,0.05,204.61,True,first-time customer
2026-03-06,East,Apparel,Online,Consumer,SKU-1119,4,50.95,0.05,193.61,True,promo code applied
2025-05-26,East,Toys,Partner,SMB,SKU-1018,10,38.3,0.05,363.85,True,bulk order
2025-08-05,South,Home & Kitchen,Partner,Consumer,SKU-1027,6,15.77,0.1,85.16,False,
2025-08-02,West,Apparel,Online,Consumer,SKU-1048,3,31.07,0.0,93.21,False,first-time customer
2025-02-19,North,Electronics,Online,Consumer,SKU-1053,2,83.13,0.05,157.95,False,
2025-08-20,South,Toys,Online,Consumer,SKU-1087,1,35.88,0.1,32.29,False,bulk order
2025-12-09,South,Sports,Online,Consumer,SKU-1101,1,35.7,0.05,33.92,False,
2026-01-17,Central,Home & Kitchen,Online,Consumer,SKU-1087,7,58.26,0.0,407.82,False,
2026-05-02,Central,Electronics,Partner,SMB,SKU-1053,7,33.15,0.1,208.84,True,bulk order
2026-04-06,West,Toys,Online,Consumer,SKU-1052,7,,0.0,84.0,False,expedited shipping requested
2025-08-03,West,Sports,Retail Store,SMB,SKU-1019,8,54.77,0.2,350.53,False,first-time customer
2026-05-22,South,Apparel,Partner,Enterprise,SKU-1046,1,87.48,0.05,83.11,False,gift wrap
2025-12-08,Central,Electronics,Online,Consumer,SKU-1028,2,48.06,0.05,91.31,True,gift wrap
2025-11-04,West,Electronics,Marketplace,Consumer,SKU-1055,10,14.68,0.0,146.8,True,
2025-01-16,North,Sports,Online,Consumer,SKU-1083,10,19.96,0.0,199.6,True,
2026-05-05,Central,Electronics,Online,Consumer,SKU-1051,8,81.66,0.1,587.95,False,promo code applied
2025-06-24,South,Sports,Online,SMB,SKU-1107,8,45.12,0.0,360.96,True,
2025-06-25,North,Toys,Online,SMB,SKU-1046,10,24.74,0.05,235.03,False,gift wrap
2025-04-23,Central,Electronics,Retail Store,SMB,SKU-1074,11,44.88,0.05,469.0,False,
2025-12-29,Central,Apparel,Marketplace,Consumer,SKU-1099,7,,0.0,543.27,False,
2025-01-31,East,Toys,Partner,Consumer,SKU-1095,10,134.5,0.1,1210.5,False,first-time customer
2026-03-26,Central,Apparel,Online,Consumer,SKU-1057,1,9.14,0.1,8.23,True,
2025-12-03,West,Books,Partner,SMB,SKU-1026,2,41.9,0.2,67.04,True,first-time customer
2025-05-09,West,Sports,Retail Store,SMB,SKU-1110,11,66.28,0.0,729.08,False,
2026-05-08,East,Home & Kitchen,Online,Consumer,SKU-1102,6,67.88,0.1,366.55,True,expedited shipping requested
2025-03-14,North,Books,Partner,Consumer,SKU-1038,9,19.94,0.0,179.46,False,expedited shipping requested
2026-04-02,Central,Home & Kitchen,Marketplace,Consumer,SKU-1003,7,65.89,0.15,392.05,False,bulk order
2026-05-11,West,Home & Kitchen,Marketplace,Consumer,SKU-1067,3,44.07,0.15,112.38,False,
2025-05-13,Central,Electronics,Online,SMB,SKU-1033,2,68.57,0.05,130.28,False,bulk order
2025-06-08,South,Books,Online,Consumer,SKU-1030,5,93.38,0.0,466.9,True,
2025-12-19,Central,Home & Kitchen,Marketplace,Consumer,SKU-1053,11,63.23,0.1,625.98,False,gift wrap
2026-03-29,East,Home & Kitchen,Online,SMB,SKU-1017,2,73.93,0.2,118.29,False,
2025-02-20,West,Electronics,Retail Store,Enterprise,SKU-1090,7,33.28,0.0,232.96,True,
2026-01-06,South,Electronics,Online,Consumer,SKU-1118,9,74.56,0.0,671.04,False,first-time customer
2026-03-24,North,Toys,Retail Store,Enterprise,SKU-1109,11,80.5,0.15,752.68,True,bulk order
2025-01-31,East,Home & Kitchen,Online,Consumer,SKU-1059,6,128.06,0.15,653.11,True,
2025-11-22,West,Apparel,Online,Consumer,SKU-1015,10,83.0,0.15,705.5,False,
2025-07-05,Central,Home & Kitchen,Online,SMB,SKU-1046,1,74.92,0.2,59.94,False,gift wrap
2025-06-22,East,Apparel,Online,SMB,SKU-1013,1,115.62,0.2,92.5,False,
2026-05-14,West,Apparel,Marketplace,SMB,SKU-1039,4,89.04,0.1,320.54,False,first-time customer
2026-03-12,North,Sports,Online,SMB,SKU-1098,1,26.21,0.0,26.21,False,
2026-03-27,East,Apparel,Online,Consumer,SKU-1031,4,32.54,0.2,104.13,True,gift wrap
2026-03-15,North,Electronics,Online,Enterprise,SKU-1017,9,54.71,0.0,492.39,True,promo code applied
2025-06-27,East,Toys,Partner,Consumer,SKU-1038,3,29.27,0.0,87.81,False,bulk order
2025-04-08,North,Books,Online,Consumer,SKU-1112,5,171.0,0.15,726.75,False,promo code applied
2026-01-14,South,Apparel,Online,Consumer,SKU-1033,9,70.36,0.15,538.25,True,first-time customer
2025-07-10,South,Apparel,Online,Consumer,SKU-1082,8,93.68,0.05,711.97,True,
2025-06-25,West,Electronics,Marketplace,Consumer,SKU-1096,9,,0.0,377.55,False,
2025-08-04,North,Sports,Online,Consumer,SKU-1051,5,,0.0,207.0,True,
2026-01-21,Central,Electronics,Partner,Consumer,SKU-1016,4,62.48,0.1,224.93,True,
2025-07-11,West,Toys,Online,Consumer,SKU-1048,1,43.21,0.0,43.21,False,gift wrap
2025-07-13,Central,Books,Online,Consumer,SKU-1020,7,137.78,0.15,819.79,True,expedited shipping requested
2025-03-02,South,Books,Online,Consumer,SKU-1008,2,46.01,0.0,92.02,False,
2025-04-12,East,Toys,Online,Consumer,SKU-1005,3,62.71,0.0,188.13,False,
2024-12-15,Central,Apparel,Online,Consumer,SKU-1098,5,40.75,0.0,203.75,False,
2025-10-13,West,Toys,Online,Consumer,SKU-1007,9,50.15,0.0,451.35,False,first-time customer
2025-09-23,East,Home & Kitchen,Online,SMB,SKU-1054,1,53.74,0.0,53.74,False,
2025-03-21,Central,Electronics,Online,Consumer,SKU-1105,11,28.61,0.15,267.5,False,expedited shipping requested
2025-02-05,Central,Home & Kitchen,Online,Consumer,SKU-1059,6,42.55,0.0,255.3,False,gift wrap
2025-12-03,South,Toys,Online,Enterprise,SKU-1083,3,36.33,0.2,87.19,False,
2025-04-22,South,Sports,Retail Store,SMB,SKU-1036,11,18.28,0.15,170.92,False,bulk order
2025-08-29,West,Electronics,Online,Enterprise,SKU-1117,11,78.33,0.0,861.63,True,
2025-09-25,West,Electronics,Online,Consumer,SKU-1052,3,26.74,0.0,80.22,True,
2026-04-11,East,Home & Kitchen,Retail Store,Enterprise,SKU-1081,9,75.02,0.2,540.14,False,
2025-07-24,North,Apparel,Online,Consumer,SKU-1106,4,53.55,0.1,192.78,True,promo code applied
2025-02-17,West,Sports,Retail Store,Consumer,SKU-1079,2,59.91,0.15,101.85,False,gift wrap
2025-09-03,East,Electronics,Retail Store,Consumer,SKU-1009,9,26.45,0.2,190.44,False,gift wrap
2026-02-17,Central,Books,Online,Consumer,SKU-1025,6,15.0,0.2,72.0,True,promo code applied
2025-08-28,West,Sports,Online,Consumer,SKU-1037,11,58.83,0.0,647.13,False,
2025-07-15,Central,Home & Kitchen,Retail Store,Consumer,SKU-1107,9,92.46,0.1,748.93,False,
2025-06-19,North,Apparel,Online,Consumer,SKU-1031,10,49.78,0.0,497.8,True,bulk order
2024-11-30,North,Home & Kitchen,Marketplace,Consumer,SKU-1068,7,35.46,0.15,210.99,False,
2026-02-16,Central,Electronics,Online,SMB,SKU-1013,11,42.21,0.15,394.66,False,
2026-01-13,South,Electronics,Marketplace,Enterprise,SKU-1006,9,127.35,0.05,1088.84,True,first-time customer
2025-08-20,West,Home & Kitchen,Online,Consumer,SKU-1038,7,45.2,0.1,284.76,True,promo code applied
2026-03-02,South,Home & Kitchen,Online,Consumer,SKU-1016,7,75.78,0.0,530.46,True,bulk order
2026-03-08,Central,Sports,Partner,SMB,SKU-1003,11,55.67,0.0,612.37,True,expedited shipping requested
2026-01-31,South,Home & Kitchen,Online,Consumer,SKU-1021,10,42.43,0.0,424.3,False,promo code applied
2026-01-09,North,Home & Kitchen,Online,Consumer,SKU-1063,2,95.62,0.2,152.99,True,
2025-10-26,East,Electronics,Retail Store,SMB,SKU-1094,5,38.86,0.2,155.44,False,bulk order
2025-07-16,North,Books,Online,Consumer,SKU-1100,9,121.55,0.0,1093.95,False,expedited shipping requested
2025-12-05,Central,Sports,Partner,Enterprise,SKU-1053,6,32.17,0.0,193.02,True,gift wrap
2026-03-02,Central,Electronics,Partner,Consumer,SKU-1094,9,29.08,0.1,235.55,False,
2025-05-25,South,Apparel,Online,Consumer,SKU-1008,3,37.17,0.15,94.78,True,
2026-02-21,West,Apparel,Online,SMB,SKU-1114,3,50.97,0.0,152.91,True,
2025-03-21,Central,Home & Kitchen,Retail Store,Consumer,SKU-1057,3,42.93,0.2,103.03,False,bulk order
2025-06-12,South,Home & Kitchen,Online,Consumer,SKU-1036,3,41.79,0.0,125.37,False,
2025-10-14,West,Apparel,Online,Enterprise,SKU-1099,4,68.06,0.0,272.24,False,gift wrap
2025-02-13,South,Electronics,Partner,Consumer,SKU-1074,11,82.29,0.0,905.19,False,
2025-10-16,South,Electronics,Marketplace,Consumer,SKU-1084,9,34.17,0.0,307.53,False,bulk order
2024-12-29,East,Electronics,Online,Consumer,SKU-1099,7,22.25,0.0,155.75,True,
2025-02-26,West,Electronics,Online,SMB,SKU-1081,3,63.57,0.0,190.71,True,gift wrap
2025-05-19,West,Electronics,Online,Enterprise,SKU-1113,3,94.75,0.0,284.25,False,bulk order
2025-02-21,East,Electronics,Marketplace,Consumer,SKU-1020,9,84.9,0.1,687.69,False,expedited shipping requested
2026-03-03,West,Electronics,Marketplace,SMB,SKU-1054,10,131.83,0.05,1252.39,False,
2025-11-30,Central,Electronics,Retail Store,Consumer,SKU-1085,6,37.58,0.2,180.38,False,promo code applied
2025-03-04,East,Home & Kitchen,Partner,SMB,SKU-1053,3,36.4,0.15,92.82,True,
2025-09-24,South,Sports,Online,Consumer,SKU-1020,4,71.66,0.05,272.31,False,
2025-10-12,West,Apparel,Online,SMB,SKU-1086,5,93.35,0.0,466.75,True,
2026-02-06,South,Electronics,Retail Store,Consumer,SKU-1117,8,41.91,0.05,318.52,False,
2026-03-22,East,Electronics,Retail Store,Enterprise,SKU-1023,7,22.38,0.1,140.99,False,promo code applied
2025-07-07,North,Toys,Online,Consumer,SKU-1011,1,29.84,0.05,28.35,False,expedited shipping requested
2025-06-30,West,Home & Kitchen,Online,SMB,SKU-1060,6,92.16,0.2,442.37,False,expedited shipping requested
2026-01-16,East,Sports,Partner,Consumer,SKU-1096,6,40.21,0.0,241.26,True,
2025-11-20,North,Electronics,Online,Consumer,SKU-1037,10,61.68,0.05,585.96,False,
2025-09-05,East,Electronics,Online,Consumer,SKU-1106,8,59.65,0.05,453.34,False,
2025-08-07,West,Electronics,Online,Consumer,SKU-1099,4,15.57,0.05,59.17,True,
2025-07-11,West,Sports,Marketplace,Consumer,SKU-1014,3,88.33,0.0,264.99,False,first-time customer
2026-03-08,North,Electronics,Partner,Consumer,SKU-1070,8,31.4,0.0,251.2,False,expedited shipping requested
2026-02-18,West,Electronics,Partner,SMB,SKU-1092,4,20.63,0.0,82.52,False,gift wrap
2025-09-19,North,Apparel,Online,SMB,SKU-1072,3,48.2,0.0,144.6,False,
2025-10-23,Central,Home & Kitchen,Online,Consumer,SKU-1061,4,70.3,0.1,253.08,True,
2026-02-25,South,Books,Partner,Consumer,SKU-1089,9,,0.05,580.89,False,bulk order
2026-03-08,Central,Sports,Retail Store,SMB,SKU-1051,10,39.66,0.2,317.28,False,
2025-05-13,West,Electronics,Online,SMB,SKU-1094,9,78.26,0.0,704.34,False,
2025-02-09,Central,Electronics,Online,Consumer,SKU-1059,9,74.31,0.2,535.03,False,first-time customer
2025-12-05,West,Toys,Online,Enterprise,SKU-1067,2,164.45,0.2,263.12,True,
2025-07-01,North,Toys,Marketplace,Consumer,SKU-1090,1,37.99,0.15,32.29,False,gift wrap
2025-11-19,North,Books,Online,Consumer,SKU-1075,9,77.91,0.15,596.01,False,gift wrap
2025-03-01,South,Toys,Online,Consumer,SKU-1013,6,61.57,0.1,332.48,False,
2025-06-30,North,Electronics,Online,Consumer,SKU-1086,10,41.36,0.0,413.6,False,bulk order
2026-05-07,North,Home & Kitchen,Online,SMB,SKU-1029,11,25.59,0.0,281.49,False,expedited shipping requested
2026-01-12,West,Apparel,Partner,SMB,SKU-1078,10,34.0,0.2,272.0,False,first-time customer
2025-08-26,South,Sports,Online,Consumer,SKU-1027,10,11.83,0.0,118.3,True,
2025-10-17,West,Electronics,Online,Consumer,SKU-1024,5,156.23,0.2,624.92,True,
2025-04-29,West,Home & Kitchen,Online,Consumer,SKU-1103,5,108.12,0.1,486.54,False,promo code applied
2026-02-07,Central,Sports,Online,Consumer,SKU-1066,7,16.61,0.2,93.02,True,bulk order
2025-01-26,West,Apparel,Online,Consumer,SKU-1104,10,38.1,0.0,381.0,False,expedited shipping requested
2024-12-13,Central,Toys,Partner,Consumer,SKU-1067,10,33.77,0.0,337.7,True,first-time customer
2025-04-18,Central,Electronics,Partner,SMB,SKU-1048,4,52.01,0.2,166.43,True,
2026-04-23,South,Toys,Online,SMB,SKU-1022,2,54.03,0.0,108.06,True,
2025-06-17,Central,Books,Online,Consumer,SKU-1003,7,42.92,0.05,285.42,True,
2025-10-22,Central,Apparel,Retail Store,Consumer,SKU-1042,8,48.18,0.0,385.44,False,
2026-05-11,Central,Electronics,Online,Consumer,SKU-1040,9,33.53,0.05,286.68,False,
2026-03-24,East,Apparel,Retail Store,SMB,SKU-1096,8,31.92,0.1,229.82,False,first-time customer
2025-03-16,South,Apparel,Marketplace,SMB,SKU-1072,10,100.34,0.15,852.89,False,
2025-06-29,North,Toys,Marketplace,Consumer,SKU-1053,8,143.68,0.0,1149.44,True,promo code applied
2026-01-06,West,Electronics,Online,SMB,SKU-1084,5,58.74,0.15,249.64,True,
2026-05-18,West,Electronics,Online,SMB,SKU-1032,10,50.31,0.05,477.94,True,
2026-03-06,Central,Toys,Online,Consumer,SKU-1049,1,35.78,0.2,28.62,False,
2025-02-12,South,Home & Kitchen,Online,Consumer,SKU-1039,3,53.38,0.0,160.14,True,gift wrap
2025-08-10,Central,Electronics,Online,Consumer,SKU-1006,8,85.35,0.0,682.8,True,
2026-05-23,Central,Electronics,Online,Enterprise,SKU-1051,4,35.48,0.1,127.73,True,gift wrap
2026-01-09,Central,Electronics,Online,Consumer,SKU-1017,8,25.94,0.15,176.39,False,
2025-01-23,East,Home & Kitchen,Online,Consumer,SKU-1113,1,53.18,0.0,53.18,True,
2026-02-25,East,Toys,Retail Store,Consumer,SKU-1088,3,132.01,0.1,356.43,False,
2024-12-07,Central,Apparel,Partner,Consumer,SKU-1034,2,76.03,0.2,121.65,False,
2025-07-06,North,Sports,Online,SMB,SKU-1087,10,21.71,0.0,217.1,False,expedited shipping requested
2025-11-13,West,Electronics,Online,Consumer,SKU-1079,7,75.87,0.05,504.54,False,
2025-02-17,North,Books,Online,Consumer,SKU-1096,7,67.3,0.05,447.54,False,expedited shipping requested
2025-10-11,West,Home & Kitchen,Retail Store,Consumer,SKU-1112,11,36.39,0.0,400.29,True,first-time customer
2026-03-20,South,Toys,Online,SMB,SKU-1111,10,17.48,0.0,174.8,False,
2025-10-07,Central,Electronics,Online,Consumer,SKU-1046,7,95.74,0.2,536.14,False,
2025-05-02,Central,Electronics,Online,Consumer,SKU-1056,9,114.09,0.15,872.79,True,expedited shipping requested
2025-03-31,North,Books,Partner,Consumer,SKU-1085,2,,0.1,154.44,True,
2026-03-24,Central,Home & Kitchen,Marketplace,Enterprise,SKU-1017,4,54.79,0.1,197.24,False,bulk order
2026-05-20,West,Apparel,Online,SMB,SKU-1066,10,96.76,0.2,774.08,False,promo code applied
2025-05-21,North,Toys,Online,Consumer,SKU-1117,4,99.17,0.0,396.68,True,expedited shipping requested
2026-03-10,Central,Apparel,Online,Consumer,SKU-1035,9,46.34,0.0,417.06,False,
2025-03-02,West,Home & Kitchen,Marketplace,Enterprise,SKU-1087,11,35.78,0.0,393.58,True,first-time customer
2026-04-07,North,Home & Kitchen,Online,SMB,SKU-1073,9,73.76,0.0,663.84,True,
2025-08-25,West,Electronics,Retail Store,Consumer,SKU-1075,8,40.23,0.15,273.56,True,first-time customer
2025-07-30,East,Home & Kitchen,Online,Consumer,SKU-1000,1,139.05,0.1,125.15,True,
2025-06-14,Central,Apparel,Retail Store,Consumer,SKU-1057,11,79.39,0.0,873.29,False,
2025-10-30,East,Electronics,Online,Consumer,SKU-1015,2,93.61,0.05,177.86,True,
2025-11-06,South,Sports,Online,Enterprise,SKU-1105,9,49.64,0.0,446.76,True,promo code applied
2026-02-28,West,Toys,Marketplace,Enterprise,SKU-1046,3,56.7,0.0,170.1,True,
2025-09-23,Central,Home & Kitchen,Partner,SMB,SKU-1051,4,44.73,0.1,161.03,False,expedited shipping requested
2026-01-17,Central,Electronics,Retail Store,SMB,SKU-1000,4,35.67,0.0,142.68,True,
2025-06-19,Central,Books,Online,Consumer,SKU-1067,4,33.27,0.15,113.12,True,gift wrap
2026-03-14,East,Home & Kitchen,Retail Store,Consumer,SKU-1033,11,95.95,0.2,844.36,True,
2026-02-14,Central,Apparel,Partner,SMB,SKU-1025,9,77.18,0.0,694.62,False,bulk order
2025-06-30,South,Apparel,Online,Enterprise,SKU-1088,4,77.85,0.0,311.4,True,bulk order
2026-05-07,South,Electronics,Online,Consumer,SKU-1084,8,51.43,0.1,370.3,False,first-time customer
2025-12-23,West,Apparel,Retail Store,Enterprise,SKU-1072,2,82.34,0.1,148.21,True,first-time customer
2026-05-18,Central,Toys,Marketplace,SMB,SKU-1119,8,17.71,0.1,127.51,True,promo code applied
2026-01-03,West,Books,Marketplace,Consumer,SKU-1084,4,41.17,0.0,164.68,True,bulk order
2025-03-24,South,Sports,Marketplace,Consumer,SKU-1007,11,68.25,0.0,750.75,False,
2025-02-19,South,Toys,Online,Consumer,SKU-1058,10,50.09,0.15,425.77,False,
2024-12-04,West,Sports,Online,Consumer,SKU-1118,9,55.46,0.0,499.14,False,expedited shipping requested
2025-06-29,West,Apparel,Online,Consumer,SKU-1063,7,28.65,0.05,190.52,True,promo code applied
2025-08-15,North,Electronics,Marketplace,Consumer,SKU-1069,10,66.34,0.0,663.4,False,promo code applied
2026-01-17,West,Apparel,Online,SMB,SKU-1031,6,43.23,0.0,259.38,False,
2025-04-28,South,Electronics,Retail Store,SMB,SKU-1106,4,100.01,0.0,400.04,False,
2026-01-31,East,Electronics,Online,Consumer,SKU-1095,9,11.62,0.1,94.12,True,
2025-01-05,North,Home & Kitchen,Partner,SMB,SKU-1009,6,30.21,0.0,181.26,True,
2025-01-22,South,Books,Marketplace,Consumer,SKU-1084,4,53.43,0.0,213.72,False,promo code applied
2026-03-23,Central,Apparel,Online,Consumer,SKU-1018,8,51.46,0.0,411.68,False,gift wrap
2026-05-07,West,Home & Kitchen,Retail Store,Enterprise,SKU-1037,2,56.16,0.0,112.32,False,
2024-12-04,South,Sports,Online,Enterprise,SKU-1007,4,91.95,0.0,367.8,False,
2026-02-15,West,Books,Online,Consumer,SKU-1021,4,66.4,0.2,212.48,False,expedited shipping requested
2025-05-14,East,Electronics,Partner,Consumer,SKU-1028,7,59.18,0.1,372.83,True,
2026-02-21,West,Electronics,Online,SMB,SKU-1005,2,31.19,0.0,62.38,True,first-time customer
2025-05-15,Central,Sports,Online,Consumer,SKU-1061,9,110.58,0.0,995.22,True,
2025-05-17,West,Home & Kitchen,Online,Consumer,SKU-1091,8,137.84,0.05,1047.58,True,bulk order
2024-12-29,South,Toys,Retail Store,SMB,SKU-1056,2,51.16,0.05,97.2,False,
2025-10-16,North,Electronics,Online,Consumer,SKU-1038,6,25.63,0.15,130.71,False,gift wrap
2025-05-24,Central,Apparel,Online,Consumer,SKU-1119,4,33.26,0.15,113.08,True,first-time customer
2025-04-11,South,Electronics,Marketplace,Consumer,SKU-1013,9,25.22,0.15,192.93,False,expedited shipping requested
2025-01-21,West,Home & Kitchen,Marketplace,Consumer,SKU-1032,10,56.54,0.05,537.13,False,
2026-01-22,East,Books,Marketplace,Consumer,SKU-1119,1,20.85,0.2,16.68,False,promo code applied
2025-02-12,Central,Electronics,Online,Consumer,SKU-1033,8,34.44,0.0,275.52,False,
2025-03-22,Central,Books,Online,SMB,SKU-1006,6,12.79,0.15,65.23,False,
2026-02-27,West,Books,Retail Store,SMB,SKU-1100,2,26.49,0.1,47.68,False,bulk order
2025-07-03,West,Books,Online,SMB,SKU-1027,10,30.41,0.2,243.28,True,
2025-08-08,North,Home & Kitchen,Retail Store,Consumer,SKU-1108,4,57.42,0.0,229.68,False,gift wrap
2024-12-01,South,Sports,Retail Store,Consumer,SKU-1076,9,15.78,0.0,142.02,False,gift wrap
2026-03-10,East,Electronics,Online,Consumer,SKU-1066,8,25.27,0.2,161.73,False,gift wrap
2025-12-12,West,Home & Kitchen,Online,Consumer,SKU-1094,5,107.25,0.0,536.25,True,promo code applied
2025-03-10,West,Electronics,Online,Consumer,SKU-1019,10,15.87,0.0,158.7,True,
2025-08-26,Central,Toys,Online,Consumer,SKU-1047,7,38.62,0.0,270.34,False,
2026-04-14,South,Sports,Online,SMB,SKU-1077,4,18.5,0.0,74.0,False,
2024-11-30,East,Apparel,Online,Consumer,SKU-1089,9,56.62,0.0,509.58,True,
2025-07-24,South ,Apparel,Online,SMB,SKU-1005,9,26.11,0.0,234.99,False,
2025-06-02,West,Books,Retail Store,SMB,SKU-1024,6,,0.0,57.24,False,
2025-12-02,West,Electronics,Online,Consumer,SKU-1009,8,13.54,0.05,102.9,True,gift wrap
2025-09-20,North,Home & Kitchen,Retail Store,Consumer,SKU-1008,8,32.65,0.05,248.14,True,bulk order
2025-03-09,West,Toys,Retail Store,SMB,SKU-1115,2,,0.0,55.96,True,
2025-09-14,West,Sports,Partner,Consumer,SKU-1035,2,118.87,0.15,202.08,True,first-time customer
2026-01-01,South,Toys,Marketplace,Enterprise,SKU-1022,9,51.14,0.0,460.26,False,expedited shipping requested
2024-12-17,North,Sports,Partner,Consumer,SKU-1104,1,50.54,0.0,50.54,False,expedited shipping requested
2025-06-11,Central,Apparel,Retail Store,SMB,SKU-1051,3,32.95,0.0,98.85,False,promo code applied
2025-05-02,South,Home & Kitchen,Online,Consumer,SKU-1036,10,31.48,0.15,267.58,False,
2025-11-19,South,Electronics,Retail Store,Consumer,SKU-1090,6,64.49,0.2,309.55,False,
2025-01-15,North,Home & Kitchen,Online,Consumer,SKU-1042,9,19.62,0.2,141.26,False,expedited shipping requested
2025-07-16,Central,Electronics,Online,SMB,SKU-1090,3,77.98,0.0,233.94,False,first-time customer
2025-03-03,Central,Apparel,Marketplace,Consumer,SKU-1079,2,68.89,0.1,124.0,True,
2026-04-24,South,Apparel,Retail Store,Consumer,SKU-1118,2,48.47,0.0,96.94,True,
2026-02-04,Central,Electronics,Partner,Consumer,SKU-1112,3,57.05,0.0,171.15,True,first-time customer
2025-09-15,South,Home & Kitchen,Marketplace,Consumer,SKU-1060,2,57.25,0.05,108.78,True,
2025-03-30,West,Apparel,Retail Store,Consumer,SKU-1076,10,134.69,0.15,1144.86,True,
2025-07-02,South,Apparel,Partner,Consumer,SKU-1051,6,57.69,0.0,346.14,False,promo code applied
2025-11-17,West,Electronics,Online,SMB,SKU-1047,6,73.48,0.2,352.7,True,
2026-04-15,North,Electronics,Online,Consumer,SKU-1069,9,31.35,0.05,268.04,True,promo code applied
2024-12-01,North,Books,Online,Consumer,SKU-1074,6,45.56,0.15,232.36,True,first-time customer
2025-11-13,West,Apparel,Retail Store,Consumer,SKU-1071,1,54.9,0.1,49.41,False,first-time customer
2025-11-27,South,Books,Retail Store,Enterprise,SKU-1115,11,36.55,0.2,321.64,True,bulk order
2025-06-30,West,Electronics,Online,Consumer,SKU-1011,4,66.24,0.2,211.97,True,
2025-02-17,Central,Electronics,Marketplace,Enterprise,SKU-1008,11,76.74,0.0,844.14,False,expedited shipping requested
2026-04-08,South ,Electronics,Retail Store,Consumer,SKU-1054,3,130.62,0.15,333.08,False,first-time customer
2025-12-26,North,Electronics,Online,Consumer,SKU-1090,6,34.29,0.0,205.74,False,
2024-12-08,West,Electronics,Online,SMB,SKU-1097,7,28.74,0.2,160.94,True,expedited shipping requested
2026-04-23,West,Electronics,Online,Consumer,SKU-1066,3,54.71,0.0,164.13,True,expedited shipping requested
2025-05-22,South,Home & Kitchen,Online,Consumer,SKU-1071,11,49.69,0.2,437.27,False,
2026-05-01,South,Apparel,Online,Enterprise,SKU-1060,7,25.43,0.0,178.01,True,first-time customer
2025-07-17,West,Apparel,Online,Consumer,SKU-1100,7,44.09,0.1,277.77,True,promo code applied
2025-09-15,Central,Toys,Online,Consumer,SKU-1044,5,65.43,0.1,294.44,False,promo code applied
2025-06-06,North,Electronics,Marketplace,SMB,SKU-1087,8,36.93,0.0,295.44,False,bulk order
2025-08-25,East,Home & Kitchen,Online,SMB,SKU-1008,9,,0.0,443.07,True,bulk order
2026-03-05,West,Books,Online,Consumer,SKU-1104,8,46.62,0.05,354.31,False,
2025-05-24,East,Electronics,Online,SMB,SKU-1104,10,219.31,0.15,1864.13,True,
2025-10-24,West,Sports,Online,Consumer,SKU-1001,1,60.88,0.05,57.84,False,
2025-05-03,West,Apparel,Partner,Consumer,SKU-1095,2,156.97,0.15,266.85,True,
2025-03-04,Central,Apparel,Online,Consumer,SKU-1017,10,27.63,0.0,276.3,False,expedited shipping requested
2025-08-01,Central,Books,Marketplace,Consumer,SKU-1113,5,53.49,0.05,254.08,True,expedited shipping requested
2026-01-13,North,Electronics,Partner,Consumer,SKU-1028,9,39.34,0.0,354.06,False,promo code applied
2025-01-04,West,Electronics,Marketplace,Consumer,SKU-1113,4,92.34,0.0,369.36,False,expedited shipping requested
2025-03-16,East,Toys,Retail Store,Enterprise,SKU-1056,1,61.81,0.15,52.54,False,gift wrap
2026-01-20,South,Toys,Retail Store,Consumer,SKU-1064,3,132.26,0.0,396.78,False,
2025-11-29,Central,Electronics,Online,Consumer,SKU-1018,1,22.45,0.0,22.45,True,bulk order
2025-10-03,West,Electronics,Online,SMB,SKU-1049,6,49.18,0.0,295.08,False,
2025-06-29,West,Books,Online,Consumer,SKU-1022,5,29.51,0.1,132.8,True,expedited shipping requested
2025-08-28,North,Electronics,Partner,SMB,SKU-1105,3,30.99,0.0,92.97,True,gift wrap
2026-01-27,East,Home & Kitchen,Retail Store,Consumer,SKU-1102,11,36.13,0.0,397.43,False,promo code applied
2025-05-20,East,Sports,Partner,SMB,SKU-1000,2,87.48,0.0,174.96,False,
2025-02-21,South,Home & Kitchen,Retail Store,Consumer,SKU-1107,11,137.51,0.1,1361.35,False,
2025-04-22,North,Apparel,Marketplace,SMB,SKU-1109,1,,0.0,51.54,False,bulk order
2026-03-01,West,Toys,Online,SMB,SKU-1088,6,34.28,0.15,174.83,True,bulk order
2025-02-18,North,Books,Online,Consumer,SKU-1096,5,44.43,0.1,199.94,True,promo code applied
2025-11-30,East,Apparel,Online,Consumer,SKU-1096,6,46.68,0.1,252.07,False,
2025-12-13,North,Toys,Retail Store,Consumer,SKU-1106,3,63.04,0.15,160.75,True,
2025-02-22,Central,Home & Kitchen,Online,Consumer,SKU-1068,9,104.5,0.05,893.47,False,
2026-03-11,Central,Apparel,Online,SMB,SKU-1061,2,28.2,0.05,53.58,False,expedited shipping requested
2026-02-19,West,Home & Kitchen,Online,Enterprise,SKU-1091,11,12.47,0.1,123.45,True,expedited shipping requested
2026-02-19,South,Books,Online,Consumer,SKU-1084,3,60.75,0.0,182.25,True,gift wrap
2026-02-26,East,Apparel,Retail Store,Consumer,SKU-1075,4,33.63,0.0,134.52,False,
2026-02-19,South,Toys,Online,Consumer,SKU-1115,2,106.89,0.0,213.78,True,expedited shipping requested
2025-03-08,West,Sports,Online,Consumer,SKU-1050,8,25.84,0.15,175.71,False,
2025-02-08,East,Home & Kitchen,Marketplace,SMB,SKU-1119,5,64.37,0.0,321.85,False,
2024-12-07,West,Apparel,Online,SMB,SKU-1105,6,82.05,0.0,492.3,False,first-time customer
2025-07-07,South,Toys,Online,Consumer,SKU-1089,10,84.3,0.1,758.7,True,
2025-05-15,East,Toys,Retail Store,Enterprise,SKU-1017,6,31.36,0.2,150.53,False,
2025-01-20,Central,Apparel,Marketplace,Consumer,SKU-1052,10,101.64,0.0,1016.4,True,expedited shipping requested
2025-02-10,West,Home & Kitchen,Online,Consumer,SKU-1081,11,75.45,0.2,663.96,False,
2024-12-25,South,Sports,Online,Consumer,SKU-1052,6,77.77,0.05,443.29,True,first-time customer
2026-05-11,East,Home & Kitchen,Online,Enterprise,SKU-1027,7,50.64,0.0,354.48,False,promo code applied
2025-06-15,East,Electronics,Marketplace,Enterprise,SKU-1040,1,24.29,0.0,24.29,False,
2026-01-08,South,Sports,Retail Store,Consumer,SKU-1012,4,54.76,0.2,175.23,False,first-time customer
2025-10-13,Central,Home & Kitchen,Online,SMB,SKU-1054,10,96.69,0.2,773.52,False,gift wrap
2026-04-08,Central,Toys,Partner,Consumer,SKU-1006,10,49.35,0.0,493.5,False,
2026-03-28,West,Sports,Online,SMB,SKU-1055,2,,0.05,50.58,True,bulk order
2025-12-16,South,Electronics,Online,Consumer,SKU-1071,8,72.45,0.15,492.66,True,
2026-02-16,West,Home & Kitchen,Online,Consumer,SKU-1090,6,40.74,0.0,244.44,False,expedited shipping requested
2025-07-06,South,Electronics,Online,Consumer,SKU-1117,9,58.1,0.0,522.9,True,
2025-04-28,Central,Electronics,Marketplace,Consumer,SKU-1065,10,,0.0,685.4,False,
2025-08-16,West,Sports,Online,Enterprise,SKU-1011,5,78.35,0.2,313.4,True,expedited shipping requested
2025-08-11,North,Home & Kitchen,Online,SMB,SKU-1081,7,54.09,0.1,340.77,False,
2025-08-22,West,Electronics,Online,Enterprise,SKU-1109,10,41.21,0.2,329.68,True,expedited shipping requested
2025-03-10,West,Toys,Marketplace,Consumer,SKU-1088,11,84.36,0.2,742.37,True,bulk order
2025-01-07,North,Toys,Marketplace,SMB,SKU-1040,8,39.83,0.15,270.84,False,
2025-08-31,North,Electronics,Online,Consumer,SKU-1040,8,76.34,0.05,580.18,False,promo code applied
2026-01-26,South,Toys,Marketplace,Consumer,SKU-1036,2,35.74,0.15,60.76,False,
2026-04-19,North,Toys,Retail Store,Enterprise,SKU-1055,1,114.92,0.15,97.68,False,promo code applied
2025-01-03,South,Home & Kitchen,Retail Store,Enterprise,SKU-1013,8,57.93,0.0,463.44,False,
2024-12-04,North,Electronics,Partner,SMB,SKU-1009,6,55.84,0.15,284.78,False,
2025-12-26,North,Books,Retail Store,Consumer,SKU-1106,2,36.02,0.0,72.04,False,
2025-07-08,North,Home & Kitchen,Online,SMB,SKU-1104,1,100.46,0.0,100.46,False,
2025-07-13,East,Apparel,Marketplace,Consumer,SKU-1072,6,134.59,0.05,767.16,False,
2026-05-12,East,Apparel,Retail Store,Consumer,SKU-1107,9,59.27,0.05,506.76,False,
2025-10-12,West,Home & Kitchen,Marketplace,Consumer,SKU-1037,4,80.31,0.1,289.12,False,promo code applied
2025-09-24,North,Electronics,Retail Store,Consumer,SKU-1047,9,50.66,0.0,455.94,False,bulk order
2026-04-30,East,Apparel,Online,Consumer,SKU-1116,9,64.85,0.05,554.47,True,gift wrap
2026-02-07,East,Toys,Online,Enterprise,SKU-1023,8,65.42,0.0,523.36,True,gift wrap
2025-08-28,Central,Electronics,Retail Store,Enterprise,SKU-1101,3,47.67,0.05,135.86,False,
2026-04-24,West,Electronics,Marketplace,Consumer,SKU-1109,9,52.4,0.15,400.86,True,
2026-03-12,Central,Home & Kitchen,Online,Consumer,SKU-1100,6,108.16,0.2,519.17,True,bulk order
2025-03-09,East,Sports,Online,Consumer,SKU-1000,11,95.87,0.0,1054.57,False,
2025-08-09,North,Toys,Retail Store,SMB,SKU-1074,3,93.91,0.05,267.64,False,
2025-10-31,North,Home & Kitchen,Online,Consumer,SKU-1072,3,45.87,0.15,116.97,False,bulk order
2025-12-26,South,Books,Online,Consumer,SKU-1069,10,37.23,0.05,353.68,False,gift wrap
2026-03-02,South,Sports,Online,SMB,SKU-1087,8,37.26,0.0,298.08,True,
2025-03-18,North,Home & Kitchen,Online,Consumer,SKU-1082,4,84.02,0.05,319.28,False,
2026-03-24,North,Electronics,Marketplace,Consumer,SKU-1038,10,33.98,0.1,305.82,True,
2025-06-26,North,Apparel,Partner,Consumer,SKU-1034,9,19.8,0.1,160.38,False,first-time customer
2025-03-09,South,Toys,Online,SMB,SKU-1079,5,6.96,0.1,31.32,False,
2026-04-07,North,Sports,Online,Consumer,SKU-1068,10,67.2,0.0,672.0,False,
2026-04-01,Central,Electronics,Online,Consumer,SKU-1052,11,61.18,0.0,672.98,False,
2025-04-14,South ,Electronics,Retail Store,Consumer,SKU-1080,4,41.61,0.0,166.44,False,
2025-01-03,West,Books,Retail Store,Consumer,SKU-1018,3,94.44,0.1,254.99,False,
2026-02-27,East,Apparel,Online,Consumer,SKU-1084,10,29.08,0.15,247.18,True,
2025-07-07,South,Sports,Online,Consumer,SKU-1008,4,68.91,0.0,275.64,False,gift wrap
2025-03-26,North,Home & Kitchen,Partner,Consumer,SKU-1072,2,78.74,0.0,157.48,False,first-time customer
2026-03-12,East,Home & Kitchen,Online,Consumer,SKU-1027,7,105.07,0.0,735.49,True,
2025-11-23,South,Electronics,Retail Store,SMB,SKU-1043,11,53.51,0.15,500.32,False,gift wrap
2026-01-26,North,Apparel,Online,Consumer,SKU-1019,9,48.88,0.15,373.93,True,
2026-03-27,West,Sports,Retail Store,SMB,SKU-1044,5,57.58,0.1,259.11,True,
2025-09-04,East,Home & Kitchen,Online,SMB,SKU-1075,7,78.67,0.2,440.55,False,
2025-06-20,South,Apparel,Online,Consumer,SKU-1001,3,75.88,0.2,182.11,False,gift wrap
2026-02-19,South,Electronics,Online,SMB,SKU-1025,8,77.13,0.2,493.63,False,expedited shipping requested
2025-12-19,West,Sports,Partner,Consumer,SKU-1037,2,29.83,0.05,56.68,True,
2025-06-28,North,Home & Kitchen,Retail Store,Consumer,SKU-1106,5,30.24,0.0,151.2,True,first-time customer
2025-01-17,North,Electronics,Online,Consumer,SKU-1055,6,65.65,0.1,354.51,True,expedited shipping requested
2026-01-26,East,Apparel,Retail Store,Consumer,SKU-1066,9,64.36,0.2,463.39,True,expedited shipping requested
2024-12-07,South,Toys,Marketplace,SMB,SKU-1069,6,41.5,0.15,211.65,False,first-time customer
2025-07-05,North,Apparel,Online,SMB,SKU-1038,10,104.97,0.05,997.22,True,promo code applied
2026-03-21,East,Apparel,Retail Store,Consumer,SKU-1039,7,56.22,0.1,354.19,False,
2025-08-27,West,Home & Kitchen,Marketplace,Consumer,SKU-1009,4,66.81,0.1,240.52,False,gift wrap
2025-04-26,South,Apparel,Online,Consumer,SKU-1119,9,59.54,0.0,535.86,True,
2025-08-10,Central,Electronics,Online,Consumer,SKU-1079,11,45.93,0.1,454.71,False,expedited shipping requested
2026-02-21,Central,Electronics,Online,Consumer,SKU-1087,1,28.82,0.0,28.82,True,
2026-02-02,South,Sports,Online,Consumer,SKU-1001,5,30.23,0.15,128.48,True,
2026-01-02,West,Electronics,Online,Consumer,SKU-1017,10,18.55,0.1,166.95,True,first-time customer
2025-11-07,South,Books,Online,Consumer,SKU-1041,4,32.55,0.15,110.67,True,
2026-04-27,North,Apparel,Retail Store,SMB,SKU-1005,9,77.49,0.0,697.41,False,
2025-06-09,North,Electronics,Online,SMB,SKU-1036,9,71.8,0.05,613.89,True,
2026-03-20,Central,Sports,Partner,Consumer,SKU-1113,6,60.11,0.2,288.53,False,bulk order
2026-02-03,East,Apparel,Retail Store,Consumer,SKU-1093,9,40.14,0.0,361.26,False,gift wrap
2026-02-05,West,Sports,Marketplace,Consumer,SKU-1058,9,83.46,0.15,638.47,True,expedited shipping requested
2026-02-28,North,Toys,Online,Consumer,SKU-1119,11,22.58,0.0,248.38,False,gift wrap
2025-06-10,East,Sports,Online,Consumer,SKU-1117,4,55.86,0.0,223.44,False,expedited shipping requested
2025-06-21,South,Books,Marketplace,Enterprise,SKU-1070,2,75.59,0.05,143.62,True,first-time customer
2025-06-29,West,Sports,Online,Consumer,SKU-1035,10,64.28,0.05,610.66,False,
2025-02-05,North,Electronics,Online,Consumer,SKU-1069,6,90.51,0.0,543.06,False,bulk order
2026-05-18,North,Electronics,Retail Store,Enterprise,SKU-1114,1,27.14,0.1,24.43,True,expedited shipping requested
2025-10-08,East,Electronics,Online,Enterprise,SKU-1066,10,34.64,0.0,346.4,False,
2025-11-02,Central,Books,Online,SMB,SKU-1105,3,100.48,0.2,241.15,True,first-time customer
2025-09-08,North,Electronics,Retail Store,Consumer,SKU-1041,6,76.18,0.1,411.37,False,bulk order
2025-08-10,North,Toys,Retail Store,Consumer,SKU-1106,11,36.87,0.2,324.46,False,
2026-04-24,South,Apparel,Online,Consumer,SKU-1094,10,47.1,0.0,471.0,False,
2025-08-17,South,Toys,Online,SMB,SKU-1088,4,117.83,0.0,471.32,False,first-time customer
2026-03-05,West,Electronics,Online,SMB,SKU-1053,6,54.76,0.2,262.85,False,
2025-04-24,North,Electronics,Online,Enterprise,SKU-1038,1,67.69,0.0,67.69,False,
2025-03-13,Central,Home & Kitchen,Online,Consumer,SKU-1079,3,28.51,0.1,76.98,False,
2025-10-16,East,Sports,Online,Consumer,SKU-1101,2,66.43,0.15,112.93,False,first-time customer
2025-11-29,West,Electronics,Marketplace,Consumer,SKU-1097,3,103.6,0.0,310.8,False,
2025-09-02,Central,Home & Kitchen,Online,Consumer,SKU-1008,11,64.08,0.0,704.88,False,bulk order
2025-11-23,East,Toys,Online,Consumer,SKU-1015,6,51.35,0.0,308.1,False,gift wrap
2026-03-21,West,Sports,Online,SMB,SKU-1093,1,46.02,0.05,43.72,True,expedited shipping requested
2025-12-01,Central,Electronics,Marketplace,Consumer,SKU-1109,9,32.78,0.0,295.02,True,
2026-04-13,West,Apparel,Online,Consumer,SKU-1049,6,97.2,0.2,466.56,False,bulk order
2026-01-20,North,Home & Kitchen,Retail Store,Consumer,SKU-1074,7,45.76,0.0,320.32,True,
2025-09-15,South,Electronics,Online,Enterprise,SKU-1069,10,99.76,0.1,897.84,True,first-time customer
2025-10-07,North,Electronics,Online,Consumer,SKU-1080,1,24.49,0.2,19.59,False,
2025-04-06,Central,Electronics,Partner,Enterprise,SKU-1115,7,35.96,0.2,201.38,True,
2026-01-08,West,Electronics,Online,Consumer,SKU-1107,6,10.15,0.15,51.76,True,bulk order
2026-03-04,North,Apparel,Partner,Enterprise,SKU-1044,3,50.85,0.1,137.3,True,promo code applied
2026-03-01,East,Home & Kitchen,Online,SMB,SKU-1054,3,30.47,0.2,73.13,True,expedited shipping requested
2024-12-04,Central,Apparel,Partner,Consumer,SKU-1113,1,56.71,0.15,48.2,True,
2025-05-16,North,Electronics,Online,Consumer,SKU-1025,9,40.48,0.15,309.67,True,
2025-03-28,Central,Electronics,Online,Consumer,SKU-1079,9,106.26,0.0,956.34,False,gift wrap
2026-05-07,South,Electronics,Online,SMB,SKU-1028,9,,0.1,732.24,False,
2025-12-20,Central,Toys,Online,Consumer,SKU-1098,7,67.26,0.05,447.28,False,
2025-04-28,North,Books,Online,SMB,SKU-1107,2,70.05,0.0,140.1,True,
2025-05-16,South,Sports,Partner,Consumer,SKU-1117,10,66.4,0.1,597.6,False,bulk order
2025-02-11,Central,Apparel,Marketplace,Consumer,SKU-1047,5,18.46,0.2,73.84,False,expedited shipping requested
2025-02-17,East,Apparel,Online,Consumer,SKU-1043,2,47.9,0.0,95.8,True,first-time customer
2025-05-20,West,Electronics,Online,SMB,SKU-1006,2,45.71,0.0,91.42,False,
2025-11-19,Central,Electronics,Partner,Consumer,SKU-1107,7,104.1,0.1,655.83,True,
2025-07-05,North,Electronics,Online,Enterprise,SKU-1016,4,96.87,0.0,387.48,True,expedited shipping requested
2026-02-14,South,Toys,Online,Consumer,SKU-1050,11,19.71,0.0,216.81,False,
2025-04-19,Central,Home & Kitchen,Retail Store,Consumer,SKU-1024,2,28.5,0.0,57.0,False,
2026-03-13,North,Books,Online,Consumer,SKU-1015,6,53.47,0.2,256.66,False,
2025-03-24,South,Sports,Online,Consumer,SKU-1024,9,60.18,0.0,541.62,False,promo code applied
2024-12-24,East,Books,Retail Store,SMB,SKU-1018,2,96.25,0.2,154.0,False,
2025-04-01,North,Toys,Online,Consumer,SKU-1015,9,82.88,0.0,745.92,False,
2026-01-30,Central,Toys,Online,Consumer,SKU-1068,8,58.57,0.0,468.56,False,
2026-01-28,East,Electronics,Retail Store,Consumer,SKU-1083,10,29.18,0.1,262.62,True,expedited shipping requested
2025-03-17,Central,Toys,Marketplace,SMB,SKU-1090,5,33.64,0.15,142.97,False,
2025-04-27,South,Electronics,Online,SMB,SKU-1087,10,19.35,0.2,154.8,False,gift wrap
2026-01-05,Central,Electronics,Online,Consumer,SKU-1026,7,64.88,0.05,431.45,False,bulk order
2026-05-03,South,Home & Kitchen,Retail Store,Consumer,SKU-1031,4,44.51,0.0,178.04,True,
2026-03-25,Central,Sports,Online,Consumer,SKU-1048,8,82.41,0.05,626.32,False,
2025-07-20,South,Home & Kitchen,Retail Store,SMB,SKU-1041,10,62.58,0.1,563.22,False,bulk order
2026-01-31,Central,Home & Kitchen,Retail Store,SMB,SKU-1004,5,,0.0,210.35,False,
2025-08-08,North,Sports,Retail Store,Consumer,SKU-1062,11,55.42,0.2,487.7,False,expedited shipping requested
2025-06-26,Central,Apparel,Online,Consumer,SKU-1074,11,70.51,0.0,775.61,False,promo code applied
2026-01-09,East,Home & Kitchen,Retail Store,Enterprise,SKU-1036,1,40.09,0.2,32.07,False,first-time customer
2025-04-14,North,Home & Kitchen,Marketplace,Consumer,SKU-1082,9,18.22,0.0,163.98,False,gift wrap
2026-03-18,East,Apparel,Retail Store,Consumer,SKU-1024,9,44.88,0.0,403.92,True,
2025-09-22,North,Electronics,Retail Store,Consumer,SKU-1044,4,90.89,0.0,363.56,False,
2025-11-12,North,Apparel,Online,Consumer,SKU-1072,3,30.11,0.0,90.33,True,expedited shipping requested
2025-10-04,North,Home & Kitchen,Online,Consumer,SKU-1044,4,28.21,0.0,112.84,True,
2025-09-19,North,Books,Retail Store,Consumer,SKU-1017,2,49.23,0.0,98.46,True,expedited shipping requested
2025-11-04,North,Toys,Online,Consumer,SKU-1008,9,86.17,0.1,697.98,False,
2025-02-09,West,Electronics,Online,Consumer,SKU-1057,8,51.72,0.05,393.07,True,bulk order
2025-05-05,North,Home & Kitchen,Retail Store,Consumer,SKU-1006,4,21.83,0.2,69.86,True,expedited shipping requested
2025-07-19,South,Home & Kitchen,Online,Consumer,SKU-1045,4,70.47,0.0,281.88,False,
2026-03-25,South,Apparel,Marketplace,Consumer,SKU-1042,3,47.23,0.0,141.69,True,
2025-12-26,West,Sports,Retail Store,Consumer,SKU-1095,1,27.41,0.0,27.41,False,first-time customer
2025-05-18,South,Home & Kitchen,Retail Store,Consumer,SKU-1059,3,167.07,0.15,426.03,True,
2025-04-20,North,Sports,Marketplace,Consumer,SKU-1116,8,38.83,0.0,310.64,False,
2025-09-11,Central,Toys,Retail Store,Consumer,SKU-1010,5,45.9,0.05,218.02,True,
2025-07-22,South,Home & Kitchen,Online,Consumer,SKU-1098,6,11.0,0.0,66.0,False,
2025-05-05,West,Apparel,Retail Store,Consumer,SKU-1072,9,53.57,0.0,482.13,False,expedited shipping requested
2025-04-15,West,Toys,Online,Enterprise,SKU-1095,10,38.63,0.0,386.3,False,
2026-04-12,East,Electronics,Online,SMB,SKU-1060,11,123.41,0.15,1153.88,True,
2026-02-21,West,Sports,Retail Store,Consumer,SKU-1115,10,55.98,0.0,559.8,False,
2025-02-27,Central,Home & Kitchen,Partner,Enterprise,SKU-1004,11,114.28,0.1,1131.37,False,
2025-05-21,West,Toys,Partner,SMB,SKU-1049,2,52.46,0.2,83.94,True,
2025-11-02,Central,Home & Kitchen,Online,SMB,SKU-1040,8,46.73,0.1,336.46,False,promo code applied
2026-05-03,East,Books,Marketplace,Consumer,SKU-1000,10,69.45,0.0,694.5,True,
2024-12-04,South,Electronics,Retail Store,Consumer,SKU-1074,6,77.5,0.15,395.25,True,
2025-10-21,West,Apparel,Partner,SMB,SKU-1076,11,67.25,0.0,739.75,False,
2025-10-03,North,Electronics,Online,Consumer,SKU-1117,8,25.85,0.2,165.44,True,
2026-03-04,North,Apparel,Online,SMB,SKU-1087,10,68.83,0.0,688.3,False,
2025-05-30,Central,Electronics,Partner,SMB,SKU-1115,11,45.21,0.1,447.58,False,expedited shipping requested
2025-04-29,North,Apparel,Online,Consumer,SKU-1007,3,35.55,0.0,106.65,False,
2025-05-11,South,Toys,Marketplace,Consumer,SKU-1042,6,81.9,0.05,466.83,False,
2025-05-11,West,Electronics,Retail Store,SMB,SKU-1064,4,110.46,0.1,397.66,True,gift wrap
2025-06-21,South,Electronics,Online,SMB,SKU-1080,9,20.46,0.05,174.93,True,
2025-05-28,Central,Home & Kitchen,Partner,Consumer,SKU-1038,10,37.63,0.2,301.04,False,
2026-05-15,North,Home & Kitchen,Online,Consumer,SKU-1110,7,56.24,0.15,334.63,False,
2025-06-15,West,Electronics,Retail Store,Consumer,SKU-1013,7,97.0,0.05,645.05,True,gift wrap
2025-04-06,West,Apparel,Online,Consumer,SKU-1028,10,44.88,0.2,359.04,True,
2025-04-08,Central,Electronics,Retail Store,Enterprise,SKU-1067,11,48.75,0.15,455.81,False,
2026-04-21,North,Home & Kitchen,Online,SMB,SKU-1041,5,25.44,0.0,127.2,False,
2025-01-08,North,Books,Online,Consumer,SKU-1063,7,,0.0,406.42,True,
2025-06-05,South,Apparel,Partner,SMB,SKU-1080,11,27.6,0.0,303.6,False,promo code applied
2025-07-17,West,Sports,Online,Enterprise,SKU-1041,5,45.24,0.15,192.27,False,gift wrap
2026-04-30,North,Home & Kitchen,Online,Enterprise,SKU-1017,2,33.34,0.15,56.68,True,promo code applied
2026-04-08,Central,Sports,Retail Store,SMB,SKU-1067,7,57.08,0.05,379.58,True,
2026-01-03,Central,Apparel,Retail Store,Consumer,SKU-1028,11,188.89,0.05,1973.9,False,first-time customer
2025-01-01,North,Electronics,Online,Consumer,SKU-1095,10,28.44,0.0,284.4,False,bulk order
2025-05-22,West,Sports,Online,SMB,SKU-1007,9,106.2,0.15,812.43,False,first-time customer
2025-11-08,South,Home & Kitchen,Online,Consumer,SKU-1028,9,45.95,0.05,392.87,False,first-time customer
2025-01-15,East,Apparel,Marketplace,Consumer,SKU-1113,9,97.4,0.1,788.94,False,
2026-03-25,South,Electronics,Online,SMB,SKU-1044,10,75.76,0.2,606.08,True,promo code applied
2025-07-19,North,Apparel,Marketplace,Consumer,SKU-1102,10,56.07,0.2,448.56,False,
2025-04-12,North,Electronics,Online,Consumer,SKU-1080,2,88.1,0.0,176.2,False,
2025-04-06,Central,Books,Online,Consumer,SKU-1000,11,30.93,0.15,289.2,False,bulk order
2026-01-13,Central,Home & Kitchen,Online,Consumer,SKU-1031,11,136.7,0.0,1503.7,False,expedited shipping requested
2026-02-12,Central,Electronics,Online,Consumer,SKU-1081,8,88.33,0.05,671.31,False,
2026-02-05,Central,Electronics,Marketplace,SMB,SKU-1058,11,108.42,0.1,1073.36,False,
2026-02-23,Central,Home & Kitchen,Online,Consumer,SKU-1081,1,74.61,0.0,74.61,True,
2025-09-29,South,Home & Kitchen,Retail Store,Consumer,SKU-1032,4,45.3,0.05,172.14,False,first-time customer
2026-02-27,East,Books,Online,Consumer,SKU-1076,9,40.57,0.0,365.13,False,first-time customer
2025-07-13,Central,Apparel,Online,Consumer,SKU-1010,9,66.78,0.05,570.97,False,expedited shipping requested
2025-09-22,Central,Home & Kitchen,Retail Store,Consumer,SKU-1079,5,58.69,0.05,278.78,False,
2026-02-19,West,Home & Kitchen,Marketplace,Enterprise,SKU-1039,4,89.87,0.2,287.58,False,
2026-01-20,West,Apparel,Online,Consumer,SKU-1042,10,62.76,0.0,627.6,False,
2025-08-20,North,Electronics,Online,Consumer,SKU-1114,3,149.45,0.0,448.35,False,
2025-06-21,West,Electronics,Partner,SMB,SKU-1060,4,46.09,0.2,147.49,True,bulk order
2024-12-31,Central,Sports,Online,Enterprise,SKU-1078,1,36.37,0.15,30.91,True,
2025-05-04,North,Apparel,Online,Consumer,SKU-1095,1,87.2,0.05,82.84,False,gift wrap
2025-05-26,Central,Books,Online,Consumer,SKU-1038,4,39.91,0.1,143.68,False,expedited shipping requested
2025-09-26,West,Books,Online,Consumer,SKU-1087,6,64.07,0.0,384.42,False,
2026-04-22,West,Electronics,Retail Store,Consumer,SKU-1074,3,47.77,0.2,114.65,True,gift wrap
2025-10-29,West,Electronics,Online,Consumer,SKU-1011,4,50.66,0.0,202.64,False,promo code applied
2025-02-15,South,Apparel,Online,SMB,SKU-1027,6,22.73,0.05,129.56,False,
2025-10-28,East,Electronics,Partner,SMB,SKU-1021,6,50.9,0.15,259.59,False,
2025-07-19,South,Toys,Marketplace,Consumer,SKU-1093,1,80.63,0.0,80.63,False,promo code applied
2025-05-15,East,Electronics,Partner,Consumer,SKU-1031,9,10.57,0.2,76.1,False,bulk order
2025-12-16,South,Apparel,Online,SMB,SKU-1031,8,96.91,0.05,736.52,False,
2025-04-03,North,Books,Online,Enterprise,SKU-1111,7,138.86,0.1,874.82,False,promo code applied
2025-08-11,North,Apparel,Online,SMB,SKU-1022,8,76.75,0.05,583.3,True,promo code applied
2025-05-24,South,Home & Kitchen,Marketplace,Consumer,SKU-1037,11,98.19,0.1,972.08,False,
2026-01-28,East,Apparel,Online,Consumer,SKU-1035,4,48.01,0.05,182.44,False,
2025-05-19,West,Toys,Retail Store,Consumer,SKU-1062,8,36.81,0.0,294.48,True,
2026-02-17,East,Home & Kitchen,Retail Store,Consumer,SKU-1011,9,74.48,0.0,670.32,False,bulk order
2025-02-05,West,Apparel,Online,Enterprise,SKU-1022,4,117.99,0.0,471.96,True,bulk order
2026-04-02,South,Apparel,Partner,Consumer,SKU-1014,5,121.88,0.0,609.4,False,
2025-10-27,Central,Electronics,Online,Enterprise,SKU-1107,10,79.99,0.1,719.91,False,
2026-03-17,South,Toys,Online,Consumer,SKU-1100,2,46.71,0.0,93.42,False,first-time customer
2025-09-13,East,Home & Kitchen,Online,SMB,SKU-1030,7,69.34,0.0,485.38,False,
2026-04-28,North,Home & Kitchen,Retail Store,Consumer,SKU-1066,1,36.42,0.0,36.42,False,first-time customer
2026-02-13,West,Electronics,Online,Consumer,SKU-1076,1,31.8,0.0,31.8,False,
2026-03-18,West,Sports,Online,Consumer,SKU-1051,11,47.93,0.15,448.15,False,
2025-01-09,Central,Electronics,Online,Consumer,SKU-1065,10,204.51,0.0,2045.1,False,first-time customer
2025-12-01,Central,Books,Partner,Consumer,SKU-1116,4,55.37,0.0,221.48,False,
2026-01-13,South,Toys,Online,Consumer,SKU-1103,11,61.37,0.0,675.07,True,
2025-11-29,South,Sports,Online,Consumer,SKU-1089,4,147.34,0.0,589.36,False,
2025-01-14,South,Apparel,Online,Consumer,SKU-1049,3,110.35,0.0,331.05,False,
2025-05-31,East,Electronics,Online,Enterprise,SKU-1040,5,93.78,0.1,422.01,False,
2025-10-06,South,Apparel,Online,Consumer,SKU-1089,11,44.79,0.0,492.69,True,gift wrap
2025-09-08,East,Electronics,Retail Store,Consumer,SKU-1014,11,81.41,0.15,761.18,False,gift wrap
2025-12-12,South,Electronics,Marketplace,Consumer,SKU-1006,9,33.97,0.2,244.58,True,promo code applied
2025-11-23,North,Home & Kitchen,Retail Store,Consumer,SKU-1076,8,11.58,0.0,92.64,True,
2026-04-23,Central,Books,Marketplace,Consumer,SKU-1040,9,30.81,0.05,263.43,False,first-time customer
2025-06-12,South,Electronics,Online,Consumer,SKU-1091,6,56.59,0.2,271.63,False,
2025-04-29,South,Sports,Online,Consumer,SKU-1029,6,33.41,0.1,180.41,True,
2025-03-13,West,Books,Retail Store,Consumer,SKU-1108,4,14.28,0.0,57.12,True,first-time customer
2025-07-16,Central,Home & Kitchen,Retail Store,Consumer,SKU-1110,10,33.9,0.0,339.0,False,expedited shipping requested
2025-11-08,Central,Electronics,Online,Consumer,SKU-1096,11,137.61,0.05,1438.02,False,
2025-05-06,South,Apparel,Online,Consumer,SKU-1044,5,52.68,0.1,237.06,True,gift wrap
2025-02-11,South,Books,Marketplace,Consumer,SKU-1084,3,45.94,0.1,124.04,True,bulk order
2025-03-25,South,Home & Kitchen,Online,Consumer,SKU-1020,11,,0.0,477.4,False,
2025-07-26,North,Toys,Online,Consumer,SKU-1112,5,18.85,0.0,94.25,False,
2025-12-16,Central,Apparel,Marketplace,Consumer,SKU-1016,6,19.36,0.0,116.16,False,bulk order
2025-06-29,North,Toys,Online,SMB,SKU-1077,11,43.97,0.1,435.3,True,
2025-11-21,South,Home & Kitchen,Online,Consumer,SKU-1076,6,44.7,0.2,214.56,True,bulk order
2026-04-03,South,Apparel,Online,Consumer,SKU-1019,5,159.21,0.05,756.25,False,first-time customer
2025-11-20,East,Apparel,Retail Store,Consumer,SKU-1011,8,79.4,0.1,571.68,False,
2024-12-26,West,Home & Kitchen,Online,Consumer,SKU-1060,11,35.08,0.1,347.29,True,
2025-12-01,Central,Electronics,Retail Store,Consumer,SKU-1038,1,66.78,0.05,63.44,False,bulk order
2025-03-20,West,Apparel,Marketplace,Enterprise,SKU-1085,10,,0.0,563.6,True,first-time customer
2025-06-28,East,Apparel,Partner,SMB,SKU-1020,9,28.01,0.0,252.09,True,expedited shipping requested
2025-08-21,South,Electronics,Marketplace,Consumer,SKU-1020,7,46.53,0.05,309.42,False,first-time customer
2025-02-22,West,Electronics,Online,Consumer,SKU-1022,4,15.16,0.15,51.54,True,gift wrap
2025-04-22,West,Books,Marketplace,Consumer,SKU-1021,1,60.63,0.0,60.63,False,bulk order
2025-03-20,South,Toys,Online,Consumer,SKU-1082,9,90.9,0.0,818.1,True,
2026-05-19,East,Books,Online,SMB,SKU-1000,5,35.76,0.0,178.8,True,first-time customer
2025-02-19,Central,Apparel,Online,Consumer,SKU-1094,10,83.21,0.2,665.68,False,first-time customer
2026-04-15,Central,Electronics,Online,Consumer,SKU-1047,7,22.22,0.1,139.99,True,gift wrap
2024-11-30,South,Sports,Marketplace,Consumer,SKU-1093,9,110.93,0.0,998.37,True,
2025-08-26,East,Sports,Partner,Consumer,SKU-1028,4,46.87,0.05,178.11,True,first-time customer
2025-10-21,South,Home & Kitchen,Partner,Consumer,SKU-1051,4,30.37,0.05,115.41,True,
2025-06-25,West,Apparel,Online,SMB,SKU-1008,11,52.13,0.15,487.42,False,promo code applied
2025-06-17,North,Electronics,Marketplace,Consumer,SKU-1067,11,77.67,0.0,854.37,False,
2025-11-22,South,Electronics,Partner,Consumer,SKU-1031,5,56.85,0.1,255.82,False,bulk order
2025-05-03,North,Sports,Online,Consumer,SKU-1009,1,50.77,0.0,50.77,True,
2025-12-24,Central ,Home & Kitchen,Online,Consumer,SKU-1092,9,84.19,0.05,719.82,True,first-time customer
2025-05-02,North,Electronics,Online,SMB,SKU-1088,1,64.7,0.0,64.7,True,bulk order
2025-03-14,North,Home & Kitchen,Online,Consumer,SKU-1013,5,22.7,0.2,90.8,True,
2025-12-31,North,Apparel,Online,Consumer,SKU-1060,8,80.39,0.0,643.12,True,
2026-02-25,South,Apparel,Retail Store,Consumer,SKU-1002,3,35.55,0.0,106.65,False,gift wrap
2025-12-05,Central,Toys,Online,Consumer,SKU-1027,10,41.05,0.1,369.45,True,promo code applied
2025-08-01,East,Electronics,Partner,Enterprise,SKU-1083,2,64.05,0.0,128.1,False,bulk order
2026-05-01,East,Home & Kitchen,Online,SMB,SKU-1044,2,131.63,0.0,263.26,True,promo code applied
2025-01-15,South,Toys,Retail Store,Enterprise,SKU-1109,8,76.88,0.15,522.78,False,first-time customer
2026-01-10,South,Home & Kitchen,Online,Consumer,SKU-1115,4,89.26,0.15,303.48,False,
2024-12-29,South,Electronics,Online,Enterprise,SKU-1094,4,19.95,0.2,63.84,False,
2025-09-09,Central ,Apparel,Online,Consumer,SKU-1051,4,77.78,0.05,295.56,True,
2025-06-13,West,Home & Kitchen,Marketplace,Consumer,SKU-1119,4,24.5,0.0,98.0,True,
2025-12-09,North,Electronics,Marketplace,Consumer,SKU-1030,3,29.69,0.15,75.71,False,
2024-12-24,North,Apparel,Partner,Consumer,SKU-1058,10,34.21,0.2,273.68,False,
2025-09-02,North,Electronics,Online,SMB,SKU-1090,11,72.47,0.15,677.59,False,
2025-09-12,South,Electronics,Online,Consumer,SKU-1055,7,56.19,0.1,354.0,True,
2025-08-20,North,Apparel,Retail Store,SMB,SKU-1020,4,20.32,0.0,81.28,False,expedited shipping requested
2025-09-25,East,Toys,Online,Consumer,SKU-1091,1,68.31,0.1,61.48,False,expedited shipping requested
2025-03-20,South,Electronics,Retail Store,Consumer,SKU-1040,5,126.17,0.1,567.76,True,
2024-12-10,Central,Toys,Retail Store,Enterprise,SKU-1015,10,122.38,0.0,1223.8,False,first-time customer
2025-12-23,South,Home & Kitchen,Online,Consumer,SKU-1100,10,59.34,0.2,474.72,True,bulk order
2025-01-28,East,Home & Kitchen,Retail Store,SMB,SKU-1042,8,61.75,0.2,395.2,False,
2025-07-01,Central,Apparel,Retail Store,Consumer,SKU-1074,11,24.55,0.05,256.55,False,bulk order
2026-02-27,South,Electronics,Online,Consumer,SKU-1073,4,37.01,0.0,148.04,True,
2025-04-12,North,Electronics,Retail Store,SMB,SKU-1089,9,51.45,0.2,370.44,False,
2025-05-18,East,Apparel,Online,Consumer,SKU-1091,3,121.79,0.0,365.37,False,
2025-03-23,Central,Apparel,Online,Consumer,SKU-1078,3,50.02,0.0,150.06,False,bulk order
2026-03-01,West,Electronics,Online,SMB,SKU-1047,8,49.57,0.1,356.9,True,expedited shipping requested
2025-12-31,West,Sports,Online,Enterprise,SKU-1030,8,53.68,0.0,429.44,False,
2026-03-11,Central,Books,Retail Store,Consumer,SKU-1114,4,30.78,0.05,116.96,False,first-time customer
2026-04-24,West,Electronics,Partner,SMB,SKU-1003,5,54.22,0.0,271.1,False,first-time customer
2025-03-06,North,Electronics,Marketplace,Consumer,SKU-1118,6,36.69,0.0,220.14,True,
2025-07-16,North,Electronics,Retail Store,SMB,SKU-1019,5,89.19,0.1,401.36,False,
2025-02-21,North,Apparel,Retail Store,Consumer,SKU-1066,2,39.83,0.2,63.73,True,
2026-03-21,Central,Electronics,Retail Store,Consumer,SKU-1035,10,38.46,0.1,346.14,False,
2025-10-29,Central,Sports,Retail Store,Enterprise,SKU-1021,6,15.81,0.05,90.12,True,
2026-02-17,Central,Apparel,Online,Consumer,SKU-1065,9,53.96,0.0,485.64,True,
2025-12-30,West,Electronics,Online,Enterprise,SKU-1080,1,32.28,0.1,29.05,False,expedited shipping requested
2026-04-11,North,Toys,Retail Store,Enterprise,SKU-1060,9,43.01,0.2,309.67,False,promo code applied
2026-04-18,North,Electronics,Retail Store,Consumer,SKU-1010,8,141.51,0.05,1075.48,False,promo code applied
2026-03-04,Central,Toys,Marketplace,Consumer,SKU-1023,7,42.99,0.2,240.74,True,bulk order
2025-01-03,West,Sports,Online,Consumer,SKU-1052,9,18.6,0.05,159.03,True,
2025-07-23,West,Home & Kitchen,Retail Store,Consumer,SKU-1045,4,92.12,0.05,350.06,True,expedited shipping requested
2025-10-31,East,Home & Kitchen,Partner,Consumer,SKU-1097,2,64.44,0.15,109.55,False,promo code applied
2024-12-20,North,Books,Online,Enterprise,SKU-1068,7,97.41,0.15,579.59,True,expedited shipping requested
2024-12-06,South,Home & Kitchen,Retail Store,Consumer,SKU-1005,10,30.56,0.05,290.32,True,
2025-06-22,West,Electronics,Online,SMB,SKU-1080,7,65.75,0.2,368.2,True,
2026-05-19,West,Sports,Retail Store,Consumer,SKU-1057,1,62.0,0.0,62.0,False,first-time customer
2025-09-26,Central,Toys,Online,Consumer,SKU-1026,3,119.23,0.0,357.69,False,
2025-09-07,West,Toys,Online,Consumer,SKU-1011,2,38.64,0.15,65.69,False,
2025-09-27,South,Books,Online,Consumer,SKU-1027,9,65.04,0.15,497.56,False,
2026-03-09,South,Electronics,Online,Consumer,SKU-1099,10,29.49,0.0,294.9,False,
2025-05-06,West,Home & Kitchen,Partner,Consumer,SKU-1046,10,108.48,0.05,1030.56,True,expedited shipping requested
2025-12-24,South,Home & Kitchen,Online,Consumer,SKU-1078,2,33.92,0.1,61.06,False,
2025-03-21,East,Apparel,Marketplace,Consumer,SKU-1008,9,64.56,0.0,581.04,False,
2025-04-19,West,Sports,Retail Store,SMB,SKU-1022,9,,0.1,534.11,False,first-time customer
2025-12-05,West,Home & Kitchen,Online,Consumer,SKU-1042,2,52.61,0.05,99.96,False,promo code applied
2025-07-21,North,Electronics,Retail Store,SMB,SKU-1095,8,110.22,0.0,881.76,True,gift wrap
2026-01-15,West,Home & Kitchen,Online,Consumer,SKU-1024,2,50.2,0.05,95.38,False,
2025-11-10,Central,Sports,Online,Consumer,SKU-1046,11,111.11,0.0,1222.21,False,
2026-05-13,East,Sports,Retail Store,Consumer,SKU-1027,5,35.0,0.0,175.0,False,
2025-03-29,South,Electronics,Online,Consumer,SKU-1000,11,59.83,0.2,526.5,False,bulk order
2026-02-03,Central,Toys,Online,Consumer,SKU-1014,1,46.72,0.05,44.38,False,first-time customer
2024-12-20,North,Electronics,Marketplace,SMB,SKU-1030,6,44.33,0.0,265.98,False,gift wrap
2025-08-05,West,Electronics,Retail Store,Consumer,SKU-1011,9,65.81,0.05,562.68,True,
2025-10-16,North,Home & Kitchen,Retail Store,Consumer,SKU-1015,9,16.87,0.15,129.06,False,
2025-09-12,South,Home & Kitchen,Online,Consumer,SKU-1023,8,53.53,0.15,364.0,True,promo code applied
2026-03-01,North,Sports,Marketplace,Consumer,SKU-1109,11,82.69,0.05,864.11,True,gift wrap
2026-05-05,East,Electronics,Marketplace,Consumer,SKU-1066,11,50.28,0.1,497.77,False,first-time customer
2025-02-25,East,Home & Kitchen,Online,Enterprise,SKU-1108,1,32.89,0.2,26.31,True,
2025-11-16,West,Electronics,Online,Consumer,SKU-1080,3,119.28,0.15,304.16,True,first-time customer
2025-07-13,East,Apparel,Online,Consumer,SKU-1034,8,39.27,0.05,298.45,False,bulk order
2025-05-05,East,Apparel,Partner,Consumer,SKU-1022,9,98.18,0.15,751.08,True,
2025-03-18,West,Home & Kitchen,Online,Consumer,SKU-1011,5,47.13,0.0,235.65,False,bulk order
2026-04-27,West,Apparel,Online,Consumer,SKU-1014,11,67.58,0.1,669.04,False,promo code applied
2026-02-02,Central,Apparel,Online,SMB,SKU-1052,9,71.8,0.15,549.27,True,
2026-03-14,North,Home & Kitchen,Retail Store,Enterprise,SKU-1055,7,50.97,0.0,356.79,False,
2025-07-04,South,Apparel,Partner,Consumer,SKU-1004,4,158.48,0.2,507.14,True,
2025-09-18,Central,Electronics,Online,Enterprise,SKU-1092,3,25.9,0.1,69.93,True,bulk order
2024-12-20,South,Toys,Marketplace,Consumer,SKU-1027,9,11.91,0.15,91.11,True,
2025-12-12,South,Home & Kitchen,Retail Store,Consumer,SKU-1085,2,43.57,0.0,87.14,True,
2025-05-28,North,Sports,Online,SMB,SKU-1031,9,36.47,0.15,279.0,False,first-time customer
2025-09-18,South,Electronics,Online,Enterprise,SKU-1030,6,39.07,0.0,234.42,True,
2025-04-17,Central,Electronics,Retail Store,Consumer,SKU-1054,11,215.07,0.1,2129.19,False,gift wrap
2026-02-14,East,Apparel,Retail Store,Consumer,SKU-1054,2,19.65,0.0,39.3,True,
2025-12-21,South,Home & Kitchen,Marketplace,SMB,SKU-1085,3,14.11,0.0,42.33,True,bulk order
2026-01-25,North,Electronics,Retail Store,Enterprise,SKU-1008,4,102.4,0.2,327.68,True,expedited shipping requested
2026-03-08,West,Electronics,Retail Store,Consumer,SKU-1093,4,36.2,0.0,144.8,False,bulk order
2026-01-25,West,Apparel,Partner,SMB,SKU-1092,9,20.71,0.15,158.43,False,
2024-12-31,Central,Apparel,Online,SMB,SKU-1119,5,68.76,0.0,343.8,False,first-time customer
2025-01-01,South,Electronics,Marketplace,SMB,SKU-1118,3,27.38,0.05,78.03,False,expedited shipping requested
2025-09-16,West,Electronics,Retail Store,Consumer,SKU-1019,7,59.7,0.0,417.9,False,
2025-01-30,East,Home & Kitchen,Online,SMB,SKU-1021,10,52.75,0.0,527.5,False,
2025-01-19,West,Home & Kitchen,Marketplace,SMB,SKU-1032,4,119.19,0.1,429.08,False,promo code applied
2025-09-18,North,Electronics,Online,Consumer,SKU-1003,11,22.31,0.15,208.6,False,
2025-05-16,South,Apparel,Online,Consumer,SKU-1118,5,88.54,0.2,354.16,False,
2025-04-11,North,Apparel,Online,Consumer,SKU-1002,4,15.84,0.05,60.19,False,
2024-12-06,West,Home & Kitchen,Marketplace,Consumer,SKU-1110,8,31.78,0.2,203.39,False,
2025-11-07,North,Apparel,Online,SMB,SKU-1017,8,55.06,0.15,374.41,False,expedited shipping requested
2025-09-02,North,Sports,Online,SMB,SKU-1115,1,104.95,0.1,94.46,True,
2025-04-01,East,Home & Kitchen,Retail Store,Enterprise,SKU-1069,11,26.81,0.1,265.42,True,
2025-05-23,East,Apparel,Online,Consumer,SKU-1076,7,54.36,0.1,342.47,False,promo code applied
2024-12-17,Central,Electronics,Online,SMB,SKU-1119,11,28.74,0.0,316.14,False,expedited shipping requested
2026-03-29,Central ,Electronics,Online,Consumer,SKU-1075,7,128.4,0.0,898.8,False,
2025-09-19,South,Apparel,Marketplace,SMB,SKU-1044,4,126.35,0.15,429.59,False,gift wrap
2025-04-29,East,Books,Online,Consumer,SKU-1039,6,27.15,0.0,162.9,True,
2025-05-30,West,Home & Kitchen,Retail Store,SMB,SKU-1109,1,50.8,0.2,40.64,False,first-time customer
2025-01-05,South,Electronics,Online,Enterprise,SKU-1030,11,42.59,0.0,468.49,True,expedited shipping requested
2025-10-16,South,Electronics,Online,Consumer,SKU-1105,5,37.74,0.2,150.96,False,
2026-04-14,Central,Sports,Partner,Consumer,SKU-1061,6,50.35,0.05,287.0,False,
2025-11-13,Central,Apparel,Marketplace,Consumer,SKU-1047,3,49.46,0.0,148.38,False,promo code applied
2025-04-24,Central,Home & Kitchen,Partner,Consumer,SKU-1091,7,60.39,0.0,422.73,False,expedited shipping requested
2025-10-06,North,Apparel,Marketplace,Consumer,SKU-1107,7,33.25,0.0,232.75,False,first-time customer
2025-08-08,North,Sports,Online,Consumer,SKU-1017,4,206.34,0.0,825.36,False,first-time customer
2025-09-27,South,Toys,Online,Enterprise,SKU-1110,1,29.24,0.0,29.24,False,
2026-04-16,Central,Apparel,Online,Consumer,SKU-1049,2,35.08,0.1,63.14,False,expedited shipping requested
2026-03-01,North,Home & Kitchen,Online,Consumer,SKU-1100,9,21.31,0.15,163.02,False,
2025-03-19,West,Books,Marketplace,Consumer,SKU-1030,1,122.95,0.0,122.95,True,
2025-03-28,West,Electronics,Marketplace,Consumer,SKU-1089,3,98.79,0.0,296.37,False,
2025-12-14,North,Sports,Online,Enterprise,SKU-1062,11,22.64,0.05,236.59,False,first-time customer
2025-07-03,South,Sports,Online,Consumer,SKU-1110,7,88.03,0.05,585.4,True,
2025-10-08,East,Electronics,Online,Consumer,SKU-1065,8,14.78,0.0,118.24,True,expedited shipping requested
2025-03-12,Central,Electronics,Online,Consumer,SKU-1032,10,32.22,0.0,322.2,True,first-time customer
2026-04-07,West,Electronics,Online,Consumer,SKU-1110,2,62.01,0.0,124.02,False,bulk order
2024-12-30,East,Apparel,Online,Consumer,SKU-1006,11,46.43,0.05,485.19,True,
2025-06-02,North,Apparel,Partner,Consumer,SKU-1104,10,49.18,0.1,442.62,True,
2026-02-14,East,Electronics,Marketplace,SMB,SKU-1052,8,66.99,0.1,482.33,False,promo code applied
2024-12-10,North,Books,Retail Store,Consumer,SKU-1023,11,14.72,0.2,129.54,False,
2025-02-10,North,Electronics,Online,SMB,SKU-1016,5,90.16,0.1,405.72,True,promo code applied
2026-03-26,South,Electronics,Retail Store,SMB,SKU-1020,4,39.83,0.0,159.32,False,
2025-01-11,South,Home & Kitchen,Marketplace,Consumer,SKU-1108,5,25.93,0.05,123.17,False,
2026-05-22,North,Electronics,Online,Consumer,SKU-1092,4,13.55,0.05,51.49,False,
2025-01-17,South,Home & Kitchen,Online,SMB,SKU-1069,1,10.86,0.05,10.32,True,expedited shipping requested
2026-01-08,South,Books,Retail Store,Consumer,SKU-1112,11,79.7,0.0,876.7,False,
2025-07-05,South,Apparel,Online,SMB,SKU-1002,9,27.11,0.05,231.79,True,expedited shipping requested
2025-06-27,North,Toys,Retail Store,Consumer,SKU-1082,2,54.21,0.2,86.74,False,first-time customer
2025-06-10,North,Electronics,Online,Consumer,SKU-1111,9,58.58,0.15,448.14,False,
2025-12-01,West,Electronics,Online,Consumer,SKU-1082,3,58.81,0.05,167.61,False,expedited shipping requested
2025-02-06,North,Electronics,Retail Store,Consumer,SKU-1005,3,22.73,0.0,68.19,False,
2024-12-06,East,Sports,Retail Store,Consumer,SKU-1047,4,87.53,0.0,350.12,False,
2025-10-19,West,Books,Online,Enterprise,SKU-1108,5,22.45,0.0,112.25,False,
2025-04-16,South,Apparel,Partner,Consumer,SKU-1051,2,66.41,0.05,126.18,False,
2025-05-03,South,Toys,Retail Store,Consumer,SKU-1009,11,53.53,0.0,588.83,True,
2026-04-20,West,Home & Kitchen,Retail Store,SMB,SKU-1054,6,35.1,0.1,189.54,True,expedited shipping requested
2025-07-13,South,Electronics,Online,Enterprise,SKU-1080,5,74.16,0.2,296.64,True,promo code applied
2025-05-01,East,Electronics,Online,Enterprise,SKU-1109,8,51.99,0.05,395.12,False,expedited shipping requested
2025-05-31,East,Sports,Marketplace,Consumer,SKU-1034,2,45.87,0.2,73.39,False,gift wrap
2026-03-27,West,Electronics,Retail Store,SMB,SKU-1092,6,31.19,0.1,168.43,False,first-time customer
2025-08-01,North,Electronics,Retail Store,Consumer,SKU-1102,8,79.92,0.2,511.49,True,gift wrap
2025-03-26,East,Apparel,Retail Store,Consumer,SKU-1105,10,44.83,0.1,403.47,True,gift wrap
2025-10-03,Central,Home & Kitchen,Marketplace,Consumer,SKU-1032,3,57.7,0.1,155.79,True,expedited shipping requested
2026-03-24,South,Apparel,Online,SMB,SKU-1051,10,78.78,0.0,787.8,True,
2026-03-19,North,Sports,Partner,Consumer,SKU-1006,3,35.52,0.0,106.56,False,bulk order
2025-05-11,East,Home & Kitchen,Online,Enterprise,SKU-1007,6,23.96,0.0,143.76,True,
2025-11-12,West,Electronics,Online,Consumer,SKU-1039,4,49.63,0.0,198.52,False,bulk order
2025-08-15,South,Electronics,Marketplace,SMB,SKU-1089,11,100.4,0.0,1104.4,True,
2024-12-15,North,Apparel,Marketplace,Consumer,SKU-1067,11,122.43,0.05,1279.39,True,promo code applied
2025-07-30,South,Home & Kitchen,Online,Consumer,SKU-1101,5,,0.1,73.89,False,bulk order
2025-12-03,Central,Sports,Online,Consumer,SKU-1078,4,42.88,0.0,171.52,True,
2025-11-04,South,Electronics,Online,Consumer,SKU-1007,4,26.88,0.0,107.52,False,expedited shipping requested
2025-08-10,West,Apparel,Marketplace,Consumer,SKU-1071,8,20.66,0.0,165.28,False,
2025-10-18,West,Apparel,Partner,Consumer,SKU-1088,7,40.6,0.2,227.36,False,promo code applied
2025-05-05,East,Sports,Online,Consumer,SKU-1114,1,14.61,0.0,14.61,False,promo code applied
2026-01-12,West ,Toys,Partner,Consumer,SKU-1082,1,69.84,0.1,62.86,True,first-time customer
2025-06-22,West,Apparel,Online,SMB,SKU-1079,6,41.67,0.0,250.02,False,
2025-06-25,Central,Home & Kitchen,Online,Consumer,SKU-1092,3,51.79,0.2,124.3,True,
2026-01-05,South,Apparel,Online,SMB,SKU-1068,6,45.26,0.0,271.56,False,promo code applied
2025-08-21,North,Electronics,Marketplace,SMB,SKU-1074,7,43.71,0.05,290.67,False,first-time customer
2025-05-06,South,Electronics,Partner,Enterprise,SKU-1010,1,63.04,0.0,63.04,False,gift wrap
2025-02-08,West,Electronics,Online,Enterprise,SKU-1089,10,94.69,0.0,946.9,False,expedited shipping requested
2025-11-16,South,Sports,Online,SMB,SKU-1117,7,46.42,0.1,292.45,True,expedited shipping requested
2025-10-12,West,Apparel,Retail Store,SMB,SKU-1033,4,55.02,0.1,198.07,True,promo code applied
2025-12-18,Central,Apparel,Online,Consumer,SKU-1078,7,47.02,0.1,296.23,True,
2026-01-20,North,Books,Retail Store,Consumer,SKU-1025,5,31.84,0.0,159.2,False,gift wrap
2025-07-09,East,Toys,Online,Consumer,SKU-1051,2,39.05,0.2,62.48,False,
2025-12-02,East,Apparel,Online,Consumer,SKU-1094,10,78.36,0.0,783.6,False,expedited shipping requested
2025-10-03,North,Electronics,Retail Store,Enterprise,SKU-1058,10,76.61,0.1,689.49,False,bulk order
2025-05-22,West,Electronics,Online,SMB,SKU-1000,2,75.11,0.05,142.71,True,
2026-01-10,South,Home & Kitchen,Online,SMB,SKU-1046,6,72.17,0.0,433.02,True,bulk order
2026-03-11,North,Toys,Marketplace,Consumer,SKU-1071,10,72.14,0.15,613.19,True,expedited shipping requested
2025-09-30,South,Toys,Retail Store,Consumer,SKU-1084,3,57.23,0.0,171.69,True,
2025-02-13,Central,Apparel,Online,Consumer,SKU-1074,5,107.9,0.15,458.58,False,bulk order
2025-08-02,West,Electronics,Partner,Consumer,SKU-1088,8,40.46,0.15,275.13,True,
2025-10-14,South,Home & Kitchen,Retail Store,Enterprise,SKU-1117,6,27.02,0.0,162.12,True,
2025-08-29,North,Apparel,Retail Store,Consumer,SKU-1013,8,24.16,0.2,154.62,True,
2025-10-20,South,Toys,Marketplace,SMB,SKU-1001,9,95.15,0.1,770.72,False,bulk order
2025-09-23,South,Apparel,Partner,Consumer,SKU-1099,11,39.2,0.1,388.08,False,first-time customer
2025-05-24,East,Electronics,Retail Store,Consumer,SKU-1032,1,89.21,0.1,80.29,True,gift wrap
2026-04-14,East,Electronics,Online,Consumer,SKU-1049,11,32.16,0.2,283.01,False,bulk order
2025-07-10,South,Electronics,Marketplace,SMB,SKU-1070,10,19.41,0.0,194.1,False,gift wrap
2024-12-02,West,Electronics,Retail Store,SMB,SKU-1006,6,81.83,0.0,490.98,False,gift wrap
2026-01-29,East,Home & Kitchen,Online,Consumer,SKU-1055,7,58.87,0.0,412.09,False,
2025-12-28,North,Apparel,Retail Store,Consumer,SKU-1063,8,22.59,0.1,162.65,False,bulk order
2025-01-16,East,Toys,Retail Store,SMB,SKU-1077,2,106.02,0.2,169.63,False,first-time customer
2025-09-10,East,Electronics,Online,SMB,SKU-1065,8,24.87,0.2,159.17,True,gift wrap
2025-04-18,North,Sports,Online,Consumer,SKU-1115,1,51.28,0.15,43.59,False,
2025-05-08,South,Sports,Online,Enterprise,SKU-1018,11,107.64,0.0,1184.04,True,gift wrap
2025-06-28,West,Toys,Marketplace,Consumer,SKU-1010,2,43.58,0.0,87.16,False,first-time customer
2025-12-24,South,Electronics,Online,Consumer,SKU-1104,6,86.58,0.2,415.58,True,gift wrap
2025-09-17,South,Electronics,Online,Consumer,SKU-1085,6,38.12,0.1,205.85,False,
2026-04-12,East,Apparel,Online,Consumer,SKU-1002,3,154.46,0.0,463.38,False,gift wrap
2025-01-30,North,Home & Kitchen,Online,Consumer,SKU-1104,4,54.2,0.0,216.8,True,
2025-05-22,South,Apparel,Retail Store,Consumer,SKU-1063,9,68.24,0.05,583.45,True,
2025-02-12,South,Apparel,Partner,Consumer,SKU-1069,4,63.76,0.2,204.03,True,
2025-10-15,Central,Home & Kitchen,Online,Consumer,SKU-1001,5,59.11,0.2,236.44,True,expedited shipping requested
2025-05-02,Central,Toys,Online,Enterprise,SKU-1006,2,160.96,0.05,305.82,False,
2025-09-18,South,Home & Kitchen,Online,SMB,SKU-1115,9,85.43,0.0,768.87,False,
2026-02-06,Central,Home & Kitchen,Online,Consumer,SKU-1037,1,36.7,0.0,36.7,True,first-time customer
2026-01-05,South,Home & Kitchen,Online,Consumer,SKU-1042,4,9.1,0.1,32.76,False,
2025-10-01,Central,Home & Kitchen,Retail Store,Consumer,SKU-1092,9,75.4,0.1,610.74,False,gift wrap
2025-09-10,West,Toys,Partner,Consumer,SKU-1046,8,91.13,0.0,729.04,False,bulk order
2025-01-31,North,Toys,Online,SMB,SKU-1039,8,37.1,0.1,267.12,False,
2025-01-15,South,Home & Kitchen,Partner,SMB,SKU-1047,10,74.79,0.0,747.9,False,
2026-02-10,East,Toys,Partner,Consumer,SKU-1079,3,49.97,0.0,149.91,True,gift wrap
2025-05-30,North,Electronics,Marketplace,Consumer,SKU-1041,1,133.02,0.1,119.72,False,
2025-07-30,North,Home & Kitchen,Marketplace,Enterprise,SKU-1003,11,84.43,0.05,882.29,True,first-time customer
2025-10-19,North,Home & Kitchen,Online,Consumer,SKU-1082,1,37.68,0.0,37.68,False,expedited shipping requested
2025-10-09,East,Apparel,Online,SMB,SKU-1054,1,64.62,0.0,64.62,True,gift wrap
2025-01-22,North,Books,Online,Consumer,SKU-1011,7,92.74,0.15,551.8,True,first-time customer
2025-10-03,East,Electronics,Online,Consumer,SKU-1097,9,83.4,0.0,750.6,False,gift wrap
2025-01-30,South,Electronics,Online,Consumer,SKU-1034,9,33.87,0.0,304.83,False,first-time customer
2025-12-28,South,Home & Kitchen,Retail Store,Enterprise,SKU-1109,9,96.75,0.2,696.6,False,
2025-10-24,North,Home & Kitchen,Partner,Enterprise,SKU-1077,4,134.6,0.1,484.56,False,
2026-05-03,Central,Electronics,Online,Enterprise,SKU-1027,3,77.3,0.05,220.3,True,promo code applied
2025-10-26,South,Home & Kitchen,Online,Consumer,SKU-1013,7,58.28,0.15,346.77,False,
2025-01-26,West,Books,Marketplace,Consumer,SKU-1011,1,32.84,0.05,31.2,False,bulk order
2024-12-24,South,Electronics,Online,Consumer,SKU-1075,1,64.6,0.1,58.14,False,
2024-12-17,West,Home & Kitchen,Online,Enterprise,SKU-1061,4,52.75,0.2,168.8,False,gift wrap
2025-05-18,East,Toys,Online,Consumer,SKU-1007,6,101.01,0.1,545.45,False,
2025-10-30,South,Electronics,Online,SMB,SKU-1100,5,53.87,0.2,215.48,False,gift wrap
2025-03-05,East,Toys,Online,SMB,SKU-1100,4,46.91,0.2,150.11,True,gift wrap
2025-07-01,South,Apparel,Marketplace,Consumer,SKU-1015,6,63.86,0.0,383.16,False,
2025-12-28,South,Toys,Online,Consumer,SKU-1033,2,66.13,0.0,132.26,False,expedited shipping requested
2026-03-25,Central,Apparel,Online,SMB,SKU-1091,11,39.74,0.0,437.14,False,gift wrap
2026-03-14,East,Apparel,Marketplace,Enterprise,SKU-1090,9,29.35,0.15,224.53,True,gift wrap
2025-05-09,North,Toys,Online,Consumer,SKU-1043,7,112.21,0.1,706.92,False,
2025-09-18,South,Toys,Marketplace,SMB,SKU-1101,3,41.33,0.0,123.99,False,promo code applied
2025-11-20,West,Books,Retail Store,Consumer,SKU-1012,3,53.2,0.2,127.68,False,
2025-01-28,South,Apparel,Marketplace,Consumer,SKU-1050,5,,0.0,401.9,False,bulk order
2026-01-01,South,Sports,Online,SMB,SKU-1003,7,33.81,0.1,213.0,False,gift wrap
2025-05-14,South,Electronics,Retail Store,Consumer,SKU-1040,10,28.62,0.0,286.2,False,
2025-02-28,West,Apparel,Online,Consumer,SKU-1004,1,62.96,0.0,62.96,True,bulk order
2026-02-16,West,Electronics,Online,Consumer,SKU-1017,11,51.6,0.2,454.08,False,gift wrap
2025-06-09,North,Home & Kitchen,Retail Store,Consumer,SKU-1025,9,41.42,0.0,372.78,False,bulk order
2025-08-11,West,Electronics,Online,Enterprise,SKU-1115,11,54.63,0.0,600.93,False,bulk order
2025-07-10,East,Sports,Online,Consumer,SKU-1068,1,29.59,0.05,28.11,False,
2024-12-28,East,Home & Kitchen,Retail Store,Consumer,SKU-1081,10,51.12,0.05,485.64,False,
2025-12-14,South,Apparel,Online,SMB,SKU-1055,11,44.72,0.15,418.13,True,expedited shipping requested
2025-02-09,South,Apparel,Retail Store,SMB,SKU-1062,2,74.61,0.1,134.3,False,first-time customer
2025-10-08,East,Books,Online,Enterprise,SKU-1051,9,40.99,0.0,368.91,True,expedited shipping requested
2025-05-31,South,Apparel,Retail Store,Consumer,SKU-1057,5,21.77,0.1,97.96,True,bulk order
2026-05-17,Central,Books,Online,Consumer,SKU-1068,2,50.77,0.0,101.54,False,
2025-06-13,North,Apparel,Online,Consumer,SKU-1002,1,85.93,0.0,85.93,True,
2026-01-19,South,Electronics,Retail Store,Consumer,SKU-1006,9,,0.0,357.3,True,gift wrap
2025-04-02,Central,Electronics,Partner,Enterprise,SKU-1109,2,48.02,0.15,81.63,True,
2025-12-21,East,Electronics,Online,SMB,SKU-1013,6,42.31,0.1,228.47,False,gift wrap
2026-01-30,South,Electronics,Online,Consumer,SKU-1097,7,26.91,0.2,150.7,True,
2025-09-12,Central,Home & Kitchen,Online,Consumer,SKU-1119,2,56.33,0.1,101.39,False,
2025-03-20,Central,Sports,Online,SMB,SKU-1070,2,33.68,0.2,53.89,True,gift wrap
2025-09-04,South,Books,Online,Consumer,SKU-1088,9,29.87,0.1,241.95,False,bulk order
2025-10-07,West,Sports,Online,Consumer,SKU-1110,3,103.65,0.1,279.86,False,
2025-05-28,South,Home & Kitchen,Retail Store,SMB,SKU-1054,4,21.66,0.0,86.64,True,
2026-05-12,East,Electronics,Marketplace,Consumer,SKU-1072,4,33.44,0.1,120.38,True,first-time customer
2026-01-23,South,Apparel,Retail Store,Consumer,SKU-1083,5,102.28,0.0,511.4,True,
2025-04-21,West,Electronics,Retail Store,SMB,SKU-1023,3,63.25,0.2,151.8,False,bulk order
2024-12-30,East,Electronics,Online,SMB,SKU-1034,6,29.63,0.0,177.78,True,expedited shipping requested
2025-06-18,North,Apparel,Online,Consumer,SKU-1100,5,91.6,0.05,435.1,False,promo code applied
2025-04-19,West,Home & Kitchen,Online,Consumer,SKU-1055,8,21.28,0.15,144.7,False,
2025-09-14,North,Home & Kitchen,Retail Store,SMB,SKU-1071,6,63.64,0.0,381.84,True,first-time customer
2025-10-14,South,Home & Kitchen,Retail Store,Consumer,SKU-1073,2,53.65,0.15,91.2,True,promo code applied
2026-02-08,North,Electronics,Marketplace,Enterprise,SKU-1037,10,51.5,0.15,437.75,True,first-time customer
2026-02-04,Central ,Sports,Online,Consumer,SKU-1074,9,100.71,0.0,906.39,False,first-time customer
2025-06-11,East,Electronics,Online,Consumer,SKU-1001,5,37.56,0.2,150.24,False,bulk order
2025-05-08,Central,Apparel,Online,Consumer,SKU-1005,1,27.63,0.15,23.49,False,gift wrap
2026-03-02,South,Home & Kitchen,Partner,SMB,SKU-1097,11,70.53,0.1,698.25,True,bulk order
2026-01-24,Central,Books,Retail Store,SMB,SKU-1004,2,132.64,0.0,265.28,False,expedited shipping requested
2024-12-07,North,Electronics,Partner,Consumer,SKU-1005,2,41.07,0.0,82.14,True,
2025-06-18,North,Books,Marketplace,SMB,SKU-1092,1,102.23,0.0,102.23,False,
2025-04-23,West,Sports,Online,Consumer,SKU-1009,2,22.99,0.05,43.68,True,
2024-12-09,East,Apparel,Retail Store,Consumer,SKU-1109,2,67.85,0.0,135.7,False,
2025-10-24,South,Books,Online,SMB,SKU-1042,11,23.63,0.15,220.94,True,
2025-08-17,South,Books,Online,Consumer,SKU-1007,3,24.69,0.15,62.96,False,gift wrap
2026-05-19,South,Apparel,Retail Store,SMB,SKU-1035,7,35.27,0.1,222.2,False,promo code applied
2025-08-20,North,Home & Kitchen,Marketplace,Consumer,SKU-1043,9,45.95,0.05,392.87,False,
2025-12-02,Central,Toys,Online,Consumer,SKU-1023,2,11.16,0.0,22.32,False,
2025-12-24,South,Books,Online,Consumer,SKU-1055,11,54.39,0.2,478.63,True,first-time customer
2025-04-20,Central,Electronics,Partner,SMB,SKU-1107,9,52.86,0.1,428.17,False,bulk order
2025-10-08,West,Toys,Online,SMB,SKU-1068,4,53.0,0.0,212.0,True,
2026-02-06,South,Home & Kitchen,Online,Consumer,SKU-1023,5,28.06,0.0,140.3,False,gift wrap
2026-05-19,North,Books,Retail Store,Consumer,SKU-1004,8,20.25,0.1,145.8,True,
2025-08-24,West,Books,Retail Store,Consumer,SKU-1062,3,58.87,0.1,158.95,False,
2025-03-24,North,Apparel,Retail Store,Consumer,SKU-1062,7,86.86,0.15,516.82,False,
2025-09-06,North,Apparel,Online,SMB,SKU-1093,11,48.1,0.0,529.1,True,
2026-03-23,Central,Electronics,Online,SMB,SKU-1047,9,131.7,0.15,1007.5,True,expedited shipping requested
2025-08-09,East,Toys,Online,Consumer,SKU-1023,11,37.33,0.05,390.1,False,
2025-07-03,South,Electronics,Retail Store,SMB,SKU-1033,8,116.47,0.0,931.76,False,
2025-07-12,Central,Sports,Online,Enterprise,SKU-1076,9,91.73,0.15,701.73,False,expedited shipping requested
2025-07-30,North,Home & Kitchen,Marketplace,Enterprise,SKU-1076,1,114.14,0.0,114.14,False,
2025-02-25,West,Apparel,Marketplace,Consumer,SKU-1057,2,32.75,0.2,52.4,False,
2025-10-10,Central,Home & Kitchen,Retail Store,Consumer,SKU-1072,2,18.72,0.2,29.95,False,
2025-08-30,South,Home & Kitchen,Online,SMB,SKU-1069,6,42.44,0.15,216.44,False,
2026-01-01,North,Electronics,Retail Store,Consumer,SKU-1044,5,59.84,0.0,299.2,False,bulk order
2025-04-29,North,Electronics,Online,Consumer,SKU-1040,6,34.01,0.0,204.06,False,
2025-01-03,North,Electronics,Online,Consumer,SKU-1074,2,40.43,0.0,80.86,False,promo code applied
2026-01-14,Central,Sports,Retail Store,Consumer,SKU-1049,11,62.5,0.05,653.12,False,
2025-09-24,East,Electronics,Online,Consumer,SKU-1012,2,91.56,0.0,183.12,False,gift wrap
2025-02-24,East,Books,Online,Consumer,SKU-1009,6,19.33,0.0,115.98,False,bulk order
2025-03-31,West,Apparel,Online,Consumer,SKU-1072,8,16.29,0.1,117.29,True,
2024-12-13,North,Apparel,Online,Consumer,SKU-1028,2,29.83,0.0,59.66,False,
2024-12-20,West,Sports,Online,Consumer,SKU-1001,6,142.09,0.05,809.91,False,
2025-05-31,West,Electronics,Online,Consumer,SKU-1111,10,36.84,0.2,294.72,True,first-time customer
2024-12-14,North,Home & Kitchen,Online,Consumer,SKU-1010,5,114.69,0.15,487.43,True,
2025-05-31,Central,Electronics,Online,Consumer,SKU-1081,3,32.87,0.15,83.82,False,
2026-04-02,North,Home & Kitchen,Online,Consumer,SKU-1051,10,42.95,0.2,343.6,True,
2025-05-22,Central,Electronics,Retail Store,SMB,SKU-1012,1,51.23,0.1,46.11,False,expedited shipping requested
2026-05-16,South,Apparel,Retail Store,Consumer,SKU-1049,8,86.99,0.1,626.33,False,first-time customer
2025-03-24,South,Sports,Online,Consumer,SKU-1014,6,25.38,0.1,137.05,False,
2025-02-16,West,Electronics,Online,SMB,SKU-1029,7,56.07,0.0,392.49,True,promo code applied
2026-02-15,West,Electronics,Online,SMB,SKU-1003,1,17.68,0.0,17.68,True,first-time customer
2025-07-16,West,Electronics,Online,Consumer,SKU-1020,5,72.52,0.1,326.34,False,
2025-06-24,Central,Sports,Online,SMB,SKU-1067,2,64.8,0.0,129.6,False,promo code applied
2025-05-08,Central,Apparel,Partner,Consumer,SKU-1020,8,39.18,0.05,297.77,True,promo code applied
2025-05-18,North,Toys,Online,Consumer,SKU-1027,4,163.29,0.0,653.16,False,gift wrap
2025-12-16,Central,Home & Kitchen,Online,Consumer,SKU-1102,10,69.16,0.1,622.44,False,
2026-04-15,Central,Apparel,Online,Consumer,SKU-1009,11,22.72,0.0,249.92,False,
2025-10-25,North,Electronics,Online,Consumer,SKU-1095,1,48.97,0.0,48.97,True,bulk order
2025-08-01,East,Toys,Online,SMB,SKU-1030,4,,0.05,126.84,False,first-time customer
2025-12-03,Central,Electronics,Online,SMB,SKU-1086,8,106.66,0.0,853.28,True,
2025-11-20,Central,Electronics,Online,Consumer,SKU-1050,4,103.67,0.05,393.95,False,
2025-09-18,West,Sports,Online,Consumer,SKU-1097,11,123.99,0.2,1091.11,True,bulk order
2026-01-26,Central,Electronics,Online,Consumer,SKU-1011,11,31.46,0.0,346.06,True,
2026-01-20,Central,Apparel,Retail Store,Consumer,SKU-1013,9,83.81,0.05,716.58,False,first-time customer
2024-12-06,East,Sports,Online,Consumer,SKU-1114,1,56.53,0.0,56.53,True,first-time customer
2026-02-18,South,Electronics,Retail Store,Enterprise,SKU-1033,5,224.73,0.05,1067.47,True,
2025-03-07,West,Electronics,Retail Store,Consumer,SKU-1101,9,41.87,0.0,376.83,True,
2025-11-22,North,Home & Kitchen,Marketplace,SMB,SKU-1101,8,80.36,0.0,642.88,True,gift wrap
2026-01-19,East,Home & Kitchen,Online,Consumer,SKU-1028,6,83.26,0.2,399.65,True,
2025-06-13,West,Books,Marketplace,SMB,SKU-1113,7,72.53,0.05,482.32,False,gift wrap
2025-07-28,Central,Books,Retail Store,SMB,SKU-1019,2,20.0,0.2,32.0,True,
2025-12-31,South,Home & Kitchen,Marketplace,Consumer,SKU-1019,6,87.71,0.0,526.26,False,expedited shipping requested
2025-09-18,North,Books,Online,Consumer,SKU-1064,2,59.15,0.15,100.56,False,expedited shipping requested
2025-01-18,Central,Toys,Marketplace,Consumer,SKU-1106,1,95.63,0.0,95.63,True,
2025-05-18,North,Apparel,Online,Consumer,SKU-1072,10,143.01,0.2,1144.08,False,promo code applied
2025-02-11,East,Electronics,Retail Store,Consumer,SKU-1098,2,20.41,0.1,36.74,True,
2025-12-30,West,Electronics,Retail Store,Enterprise,SKU-1026,9,15.47,0.1,125.31,True,
2026-02-21,West,Toys,Marketplace,Consumer,SKU-1050,9,95.02,0.1,769.66,True,bulk order
2025-11-03,Central,Electronics,Partner,Consumer,SKU-1064,8,95.38,0.0,763.04,True,expedited shipping requested
2025-08-16,Central,Apparel,Online,SMB,SKU-1080,3,38.45,0.2,92.28,True,first-time customer
2025-02-23,South,Apparel,Online,Consumer,SKU-1108,1,92.68,0.05,88.05,False,promo code applied
2025-04-01,North,Sports,Retail Store,Consumer,SKU-1041,4,29.15,0.0,116.6,False,
2025-04-13,West,Sports,Partner,Consumer,SKU-1025,7,71.55,0.0,500.85,True,
2026-01-09,South,Electronics,Retail Store,Consumer,SKU-1042,9,33.44,0.15,255.82,False,bulk order
2025-07-25,West,Electronics,Partner,Consumer,SKU-1004,11,43.17,0.2,379.9,False,promo code applied
2026-02-06,Central,Home & Kitchen,Online,Consumer,SKU-1030,1,82.97,0.2,66.38,True,
2025-01-29,West,Apparel,Marketplace,Consumer,SKU-1115,7,118.44,0.2,663.26,False,bulk order
2024-12-08,Central,Books,Retail Store,Consumer,SKU-1007,7,42.64,0.1,268.63,False,
2025-11-15,South,Electronics,Marketplace,Consumer,SKU-1014,2,151.12,0.05,287.13,False,promo code applied
2025-04-16,East,Home & Kitchen,Partner,Enterprise,SKU-1000,4,35.09,0.15,119.31,False,bulk order
2025-07-03,East,Home & Kitchen,Marketplace,Enterprise,SKU-1014,3,24.03,0.05,68.49,True,promo code applied
2026-03-16,East,Apparel,Retail Store,Consumer,SKU-1117,1,164.58,0.05,156.35,False,first-time customer
2025-07-14,West,Home & Kitchen,Online,SMB,SKU-1108,5,49.78,0.15,211.56,True,first-time customer
2024-12-30,South,Sports,Online,Consumer,SKU-1059,2,105.19,0.0,210.38,False,promo code applied
2025-02-21,West,Books,Online,SMB,SKU-1080,3,25.73,0.0,77.19,True,first-time customer
2026-05-06,Central,Toys,Retail Store,Consumer,SKU-1117,6,94.9,0.0,569.4,False,first-time customer
2025-01-14,Central,Apparel,Online,Consumer,SKU-1025,1,77.61,0.1,69.85,False,expedited shipping requested
2025-06-03,Central,Books,Online,Consumer,SKU-1040,2,54.26,0.0,108.52,True,expedited shipping requested
2025-05-19,South,Sports,Retail Store,Consumer,SKU-1068,5,,0.2,527.52,False,
2025-03-17,West,Sports,Retail Store,Enterprise,SKU-1012,3,60.96,0.05,173.74,True,promo code applied
2025-05-16,East,Home & Kitchen,Online,Consumer,SKU-1007,7,63.35,0.15,376.93,False,
2025-03-28,North,Toys,Online,Consumer,SKU-1023,2,22.88,0.05,43.47,True,
2024-12-31,North,Books,Online,Consumer,SKU-1023,2,68.76,0.15,116.89,False,
2026-02-09,West,Apparel,Marketplace,Enterprise,SKU-1085,5,40.08,0.0,200.4,True,
2025-10-12,East,Apparel,Online,Consumer,SKU-1069,9,70.91,0.05,606.28,False,promo code applied
2025-10-22,South,Electronics,Online,Consumer,SKU-1037,6,14.67,0.2,70.42,True,promo code applied
2026-01-16,East,Books,Online,Consumer,SKU-1048,3,31.83,0.0,95.49,True,
2025-03-03,East,Apparel,Retail Store,Consumer,SKU-1021,11,62.45,0.0,686.95,True,bulk order
2025-12-23,East,Books,Online,Consumer,SKU-1060,1,64.85,0.1,58.36,True,bulk order
2024-12-10,West,Home & Kitchen,Online,Consumer,SKU-1067,8,68.43,0.2,437.95,False,
2025-06-08,South,Books,Marketplace,Enterprise,SKU-1099,6,133.37,0.0,800.22,False,bulk order
2026-05-08,North,Toys,Retail Store,Enterprise,SKU-1074,6,145.15,0.0,870.9,True,
2024-12-14,North,Toys,Marketplace,Enterprise,SKU-1008,3,32.11,0.15,81.88,False,expedited shipping requested
2025-02-26,East,Electronics,Retail Store,Consumer,SKU-1106,6,77.21,0.2,370.61,False,bulk order
2025-10-03,West,Electronics,Online,Consumer,SKU-1066,3,69.39,0.05,197.76,False,
2025-01-01,North,Apparel,Marketplace,SMB,SKU-1033,1,36.72,0.2,29.38,True,promo code applied
2025-04-28,West,Electronics,Partner,Consumer,SKU-1106,11,115.16,0.15,1076.75,False,bulk order
2025-09-14,Central,Home & Kitchen,Online,SMB,SKU-1076,6,57.31,0.0,343.86,False,first-time customer
2025-05-29,South,Home & Kitchen,Marketplace,Enterprise,SKU-1031,4,40.99,0.05,155.76,True,first-time customer
2026-01-21,West,Sports,Online,Consumer,SKU-1013,3,91.91,0.2,220.58,False,promo code applied
2025-12-24,Central,Apparel,Online,SMB,SKU-1068,4,,0.05,504.15,False,promo code applied
2025-11-08,South,Electronics,Online,Consumer,SKU-1008,3,102.79,0.0,308.37,True,expedited shipping requested
2025-12-06,Central,Apparel,Online,Consumer,SKU-1081,2,12.37,0.15,21.03,True,
2025-05-14,North,Sports,Online,Consumer,SKU-1059,7,48.64,0.05,323.46,False,first-time customer
2025-03-21,South,Books,Online,Enterprise,SKU-1111,9,70.21,0.05,600.3,False,
2024-12-16,South,Home & Kitchen,Online,Consumer,SKU-1026,11,58.74,0.15,549.22,True,expedited shipping requested
2025-04-10,North,Toys,Online,Consumer,SKU-1078,8,38.85,0.2,248.64,False,
2025-11-12,Central,Electronics,Online,SMB,SKU-1062,11,132.65,0.15,1240.28,True,gift wrap
2026-03-18,North,Home & Kitchen,Partner,Consumer,SKU-1045,7,7.7,0.2,43.12,True,expedited shipping requested
2026-01-07,Central,Sports,Retail Store,Consumer,SKU-1066,11,44.32,0.0,487.52,False,expedited shipping requested
2024-12-16,South,Home & Kitchen,Online,SMB,SKU-1108,8,61.41,0.1,442.15,False,
2025-12-16,South,Apparel,Retail Store,Consumer,SKU-1048,6,41.35,0.0,248.1,True,first-time customer
2026-02-05,North,Electronics,Online,Consumer,SKU-1013,6,22.89,0.0,137.34,True,
2025-12-16,North,Electronics,Online,SMB,SKU-1112,4,15.81,0.15,53.75,True,promo code applied
2025-12-16,West,Electronics,Marketplace,Consumer,SKU-1050,1,55.99,0.2,44.79,True,
2026-01-11,Central,Books,Online,Consumer,SKU-1062,8,75.96,0.2,486.14,False,
2026-02-28,East,Sports,Marketplace,Consumer,SKU-1041,2,40.7,0.1,73.26,True,
2025-10-31,Central,Apparel,Online,Consumer,SKU-1111,3,129.34,0.05,368.62,True,
2025-05-29,Central,Toys,Online,Consumer,SKU-1045,7,77.15,0.0,540.05,False,gift wrap
2025-11-11,Central,Home & Kitchen,Marketplace,Enterprise,SKU-1098,6,72.95,0.0,437.7,True,
2025-12-18,West,Electronics,Retail Store,SMB,SKU-1049,8,19.14,0.0,153.12,True,bulk order
2025-03-01,North,Home & Kitchen,Retail Store,Consumer,SKU-1057,7,84.92,0.0,594.44,False,first-time customer
2025-06-14,North,Apparel,Online,Consumer,SKU-1070,2,37.35,0.0,74.7,False,
2025-01-25,Central,Sports,Online,Consumer,SKU-1039,2,75.68,0.0,151.36,True,gift wrap
2025-09-08,South,Books,Online,SMB,SKU-1098,11,114.26,0.2,1005.49,False,
2026-04-23,South,Electronics,Online,Consumer,SKU-1045,9,20.42,0.2,147.02,False,first-time customer
2025-12-22,East,Home & Kitchen,Retail Store,SMB,SKU-1036,11,30.33,0.1,300.27,False,
2025-07-05,North,Books,Online,Consumer,SKU-1079,4,18.18,0.0,72.72,True,
2025-05-11,Central,Apparel,Retail Store,Consumer,SKU-1041,11,33.23,0.15,310.7,True,
2025-07-07,North,Electronics,Online,Consumer,SKU-1108,8,65.34,0.0,522.72,True,first-time customer
2025-12-13,West,Electronics,Partner,SMB,SKU-1043,9,15.09,0.0,135.81,False,
2025-08-31,Central,Electronics,Online,SMB,SKU-1036,9,29.46,0.0,265.14,False,gift wrap
2026-04-17,South ,Electronics,Online,Enterprise,SKU-1065,4,12.32,0.0,49.28,False,
2026-01-04,West,Electronics,Partner,Consumer,SKU-1025,9,45.26,0.05,386.97,True,
2025-04-07,East,Sports,Online,Enterprise,SKU-1005,6,67.74,0.2,325.15,True,
2025-03-11,West,Electronics,Retail Store,Enterprise,SKU-1044,9,108.77,0.1,881.04,False,bulk order
2025-02-03,South,Toys,Online,SMB,SKU-1056,3,57.1,0.05,162.74,False,
2025-03-23,East,Apparel,Online,Enterprise,SKU-1104,10,18.01,0.05,171.1,True,expedited shipping requested
2025-10-28,North,Toys,Online,SMB,SKU-1103,8,89.4,0.15,607.92,False,
2025-08-15,East,Home & Kitchen,Partner,Enterprise,SKU-1085,5,27.19,0.0,135.95,False,
2025-01-06,North,Toys,Online,SMB,SKU-1043,8,23.35,0.0,186.8,False,promo code applied
2025-11-09,West,Apparel,Online,Consumer,SKU-1032,11,33.24,0.0,365.64,False,
2025-11-19,North,Sports,Partner,Consumer,SKU-1062,5,168.78,0.0,843.9,False,
2024-12-19,Central,Electronics,Partner,Consumer,SKU-1009,7,49.63,0.0,347.41,False,bulk order
2025-06-06,Central,Toys,Online,Enterprise,SKU-1119,10,53.68,0.1,483.12,True,gift wrap
2025-08-06,South,Apparel,Partner,SMB,SKU-1004,1,141.52,0.1,127.37,False,
2026-04-18,West,Electronics,Online,Consumer,SKU-1082,6,97.48,0.05,555.64,False,bulk order
2025-09-30,West,Apparel,Online,Consumer,SKU-1067,2,68.15,0.1,122.67,True,first-time customer
2025-07-19,South,Home & Kitchen,Online,Consumer,SKU-1025,7,57.4,0.1,361.62,True,
2025-11-16,East,Sports,Retail Store,Consumer,SKU-1045,8,147.97,0.1,1065.38,False,bulk order
2026-01-31,South,Apparel,Online,SMB,SKU-1048,11,44.33,0.05,463.25,False,
2025-01-04,North,Home & Kitchen,Online,Consumer,SKU-1040,10,16.05,0.15,136.42,False,bulk order
2025-03-18,East,Sports,Online,Consumer,SKU-1053,8,84.6,0.0,676.8,False,first-time customer
2025-12-16,Central,Electronics,Online,Enterprise,SKU-1068,11,54.93,0.0,604.23,False,
2025-03-24,Central ,Apparel,Retail Store,SMB,SKU-1055,1,25.91,0.1,23.32,True,
2025-04-22,Central,Home & Kitchen,Partner,Consumer,SKU-1100,8,20.9,0.0,167.2,True,
2025-05-29,North,Apparel,Marketplace,SMB,SKU-1076,8,93.88,0.2,600.83,False,promo code applied
2025-12-17,Central,Electronics,Retail Store,SMB,SKU-1024,11,33.13,0.1,327.99,False,
2025-11-12,Central,Home & Kitchen,Online,Consumer,SKU-1093,3,32.41,0.15,82.65,False,first-time customer
2026-04-13,East,Books,Retail Store,Consumer,SKU-1055,9,69.36,0.1,561.82,False,
2025-09-21,North,Apparel,Online,Consumer,SKU-1119,9,78.17,0.1,633.18,False,first-time customer
2025-12-19,West,Apparel,Online,SMB,SKU-1084,7,45.97,0.1,289.61,False,promo code applied
2026-05-18,Central,Electronics,Online,SMB,SKU-1048,4,72.59,0.0,290.36,False,bulk order
2025-11-19,North,Apparel,Marketplace,SMB,SKU-1039,10,22.76,0.15,193.46,True,
2026-01-14,South ,Sports,Online,Consumer,SKU-1058,11,44.44,0.0,488.84,True,
2025-03-07,North,Apparel,Online,Enterprise,SKU-1036,11,18.27,0.0,200.97,True,
2025-08-03,East,Sports,Online,SMB,SKU-1106,1,93.07,0.15,79.11,True,
2026-01-20,North,Toys,Retail Store,SMB,SKU-1051,11,32.92,0.05,344.01,True,
2025-09-27,East,Sports,Online,Consumer,SKU-1094,2,67.64,0.2,108.22,True,
2025-10-08,East,Electronics,Online,Consumer,SKU-1077,1,19.38,0.05,18.41,True,gift wrap
2025-02-06,South,Electronics,Retail Store,Consumer,SKU-1074,11,63.79,0.1,631.52,True,
2026-01-06,West,Home & Kitchen,Marketplace,Consumer,SKU-1015,6,78.64,0.0,471.84,False,
2025-08-25,East,Home & Kitchen,Marketplace,Consumer,SKU-1052,8,19.29,0.0,154.32,False,
2025-01-06,Central,Electronics,Retail Store,Consumer,SKU-1001,4,28.69,0.05,109.02,True,promo code applied
2026-01-21,East,Electronics,Retail Store,SMB,SKU-1065,4,34.47,0.1,124.09,False,
2025-05-04,North,Electronics,Online,Consumer,SKU-1105,2,95.45,0.1,171.81,False,
2025-02-22,North,Sports,Partner,Consumer,SKU-1040,8,38.56,0.15,262.21,True,
2025-04-23,South,Apparel,Partner,Consumer,SKU-1051,9,47.73,0.0,429.57,False,first-time customer
2025-11-30,Central,Toys,Online,Consumer,SKU-1004,4,90.33,0.0,361.32,True,
2025-08-05,North,Toys,Marketplace,Consumer,SKU-1106,3,49.21,0.2,118.1,False,expedited shipping requested
2024-12-19,Central,Electronics,Online,SMB,SKU-1006,5,30.5,0.0,152.5,True,
2025-03-20,West,Electronics,Online,Consumer,SKU-1062,3,245.68,0.05,700.19,True,gift wrap
2025-09-14,South,Toys,Online,Consumer,SKU-1103,4,90.46,0.0,361.84,False,
2026-02-25,Central,Toys,Online,Consumer,SKU-1049,2,49.21,0.2,78.74,False,
2025-07-21,North,Sports,Online,Consumer,SKU-1053,1,21.01,0.1,18.91,False,
2026-04-21,North,Books,Online,Consumer,SKU-1028,11,22.55,0.05,235.65,True,
2026-02-08,East,Toys,Online,Enterprise,SKU-1077,9,87.74,0.1,710.69,True,
2025-05-25,West,Apparel,Online,Consumer,SKU-1055,11,21.93,0.15,205.05,False,
2025-02-10,South,Electronics,Online,Consumer,SKU-1093,10,81.48,0.05,774.06,True,gift wrap
2025-04-30,Central,Electronics,Retail Store,Consumer,SKU-1060,9,46.31,0.05,395.95,True,bulk order
2026-01-26,West,Electronics,Online,Consumer,SKU-1050,3,149.42,0.0,448.26,True,
2025-10-02,South,Home & Kitchen,Retail Store,Consumer,SKU-1003,1,49.79,0.0,49.79,False,gift wrap
2024-12-19,West,Electronics,Marketplace,SMB,SKU-1005,10,49.62,0.0,496.2,False,
2025-07-23,South,Books,Retail Store,Consumer,SKU-1018,10,73.76,0.0,737.6,True,
2025-04-05,West,Sports,Partner,Enterprise,SKU-1094,6,115.68,0.0,694.08,True,expedited shipping requested
2024-12-04,South,Apparel,Online,Consumer,SKU-1008,7,30.03,0.05,199.7,False,bulk order
2025-07-19,South,Toys,Marketplace,SMB,SKU-1064,8,38.18,0.0,305.44,True,
2026-03-13,West,Electronics,Retail Store,Consumer,SKU-1056,11,69.67,0.05,728.05,True,
2025-08-13,Central,Electronics,Online,Consumer,SKU-1024,8,136.09,0.15,925.41,True,
2025-08-31,East,Electronics,Online,Consumer,SKU-1102,6,58.58,0.1,316.33,True,
2026-04-27,South,Books,Online,Enterprise,SKU-1005,2,86.1,0.0,172.2,False,expedited shipping requested
2025-01-04,North,Sports,Online,Consumer,SKU-1078,4,68.16,0.2,218.11,False,
2026-04-20,West,Apparel,Marketplace,Consumer,SKU-1003,2,18.88,0.05,35.87,False,promo code applied
2025-04-22,West,Electronics,Online,Consumer,SKU-1016,8,74.7,0.1,537.84,False,promo code applied
2025-09-28,East,Apparel,Retail Store,SMB,SKU-1015,6,13.35,0.1,72.09,True,
2025-01-16,North,Apparel,Online,SMB,SKU-1083,10,37.62,0.0,376.2,True,expedited shipping requested
2026-03-19,West,Electronics,Online,Consumer,SKU-1071,9,83.9,0.05,717.34,False,
2025-12-27,West,Home & Kitchen,Retail Store,Consumer,SKU-1064,6,13.46,0.0,80.76,False,
2025-11-18,West,Sports,Marketplace,Consumer,SKU-1084,7,104.54,0.15,622.01,False,bulk order
2026-01-13,Central,Toys,Partner,SMB,SKU-1005,3,39.3,0.0,117.9,False,bulk order
2025-01-02,North,Sports,Retail Store,Consumer,SKU-1022,5,62.58,0.0,312.9,False,first-time customer
2025-02-26,Central,Home & Kitchen,Online,Consumer,SKU-1112,6,144.81,0.0,868.86,False,promo code applied
2024-12-03,South,Electronics,Online,Consumer,SKU-1103,4,93.9,0.0,375.6,True,
2026-04-28,West,Apparel,Retail Store,Consumer,SKU-1067,11,101.1,0.15,945.28,False,
2025-03-12,East,Home & Kitchen,Partner,Consumer,SKU-1029,9,53.05,0.05,453.58,False,first-time customer
2024-12-11,West,Electronics,Online,Consumer,SKU-1089,7,15.77,0.0,110.39,False,
2026-03-27,North,Sports,Online,SMB,SKU-1026,10,81.13,0.2,649.04,False,
2025-04-18,North,Toys,Online,Enterprise,SKU-1113,6,31.48,0.0,188.88,False,
2025-04-12,Central,Home & Kitchen,Online,SMB,SKU-1013,4,59.47,0.0,237.88,True,expedited shipping requested
2026-01-01,Central,Sports,Online,Consumer,SKU-1083,4,35.74,0.0,142.96,True,expedited shipping requested
2025-04-01,Central,Home & Kitchen,Retail Store,Consumer,SKU-1070,8,153.54,0.1,1105.49,False,
2025-10-07,Central,Books,Online,Consumer,SKU-1089,5,40.67,0.0,203.35,False,
2026-01-06,West,Electronics,Online,Consumer,SKU-1100,5,109.05,0.0,545.25,True,
2025-04-09,South,Apparel,Online,Consumer,SKU-1015,11,40.23,0.15,376.15,False,
2025-05-07,Central,Sports,Online,Consumer,SKU-1076,7,57.41,0.15,341.59,False,
2026-05-08,East,Home & Kitchen,Online,SMB,SKU-1101,2,51.59,0.15,87.7,False,expedited shipping requested
2025-06-25,Central,Apparel,Marketplace,SMB,SKU-1088,8,102.7,0.2,657.28,True,bulk order
2025-08-18,South,Apparel,Marketplace,Consumer,SKU-1002,2,54.61,0.15,92.84,False,
2025-06-20,South,Books,Retail Store,Consumer,SKU-1057,6,33.02,0.0,198.12,True,bulk order
2025-08-20,North,Electronics,Marketplace,SMB,SKU-1077,11,57.99,0.2,510.31,False,
2025-08-23,East,Books,Partner,Consumer,SKU-1002,11,59.68,0.2,525.18,True,gift wrap
2025-09-07,North,Home & Kitchen,Online,Enterprise,SKU-1014,1,43.62,0.0,43.62,False,
2025-07-30,North,Home & Kitchen,Marketplace,Consumer,SKU-1101,2,72.15,0.0,144.3,True,bulk order
2025-06-18,North,Apparel,Online,SMB,SKU-1017,1,54.83,0.15,46.61,True,promo code applied
2026-01-22,Central,Electronics,Online,Consumer,SKU-1103,10,38.1,0.0,381.0,False,gift wrap
2025-03-02,North,Home & Kitchen,Marketplace,Consumer,SKU-1056,4,35.58,0.05,135.2,False,
2026-01-05,North,Electronics,Retail Store,Consumer,SKU-1065,8,101.98,0.1,734.26,False,
2026-03-25,West,Electronics,Retail Store,Consumer,SKU-1060,4,87.0,0.1,313.2,False,gift wrap
2026-03-29,West,Electronics,Online,Consumer,SKU-1044,8,119.47,0.15,812.4,True,
2026-05-02,Central,Apparel,Online,Consumer,SKU-1006,8,,0.0,552.0,False,promo code applied
2025-12-27,North,Apparel,Online,Consumer,SKU-1011,9,133.49,0.0,1201.41,True,
2025-06-10,North,Books,Online,SMB,SKU-1061,4,95.05,0.0,380.2,True,expedited shipping requested
2026-03-21,North,Toys,Online,SMB,SKU-1062,6,46.98,0.0,281.88,True,promo code applied
2025-04-19,South,Home & Kitchen,Marketplace,SMB,SKU-1105,11,51.36,0.1,508.46,False,
2024-12-06,Central,Sports,Partner,Enterprise,SKU-1076,7,51.59,0.0,361.13,False,bulk order
2025-03-15,North,Toys,Retail Store,Consumer,SKU-1066,8,106.08,0.1,763.78,False,
2025-04-24,South,Electronics,Online,Consumer,SKU-1063,11,122.56,0.0,1348.16,True,
2026-03-23,Central,Home & Kitchen,Retail Store,SMB,SKU-1067,2,26.76,0.15,45.49,True,promo code applied
2025-04-08,Central,Apparel,Online,Consumer,SKU-1119,3,85.44,0.0,256.32,True,promo code applied
2025-07-11,Central,Books,Online,Enterprise,SKU-1004,7,39.9,0.05,265.33,True,
2025-03-31,Central,Toys,Online,Consumer,SKU-1056,4,19.85,0.15,67.49,False,gift wrap
2025-01-29,Central,Books,Online,Consumer,SKU-1096,1,14.81,0.05,14.07,False,
2026-04-04,North,Home & Kitchen,Online,Consumer,SKU-1027,8,27.59,0.2,176.58,False,
2025-01-16,South,Books,Online,Consumer,SKU-1013,2,42.88,0.0,85.76,False,promo code applied
2025-01-01,West,Apparel,Online,Consumer,SKU-1117,5,76.28,0.0,381.4,True,
2026-03-18,North,Books,Marketplace,Enterprise,SKU-1089,7,18.46,0.2,103.38,False,bulk order
2025-06-16,East,Electronics,Online,Consumer,SKU-1043,9,43.86,0.0,394.74,True,
2025-03-26,North,Apparel,Online,SMB,SKU-1087,7,54.42,0.1,342.85,False,expedited shipping requested
2025-12-29,Central,Electronics,Online,SMB,SKU-1107,2,92.47,0.15,157.2,False,
2026-05-12,Central,Sports,Online,Consumer,SKU-1104,10,74.67,0.0,746.7,False,
2025-11-23,East,Apparel,Online,Consumer,SKU-1064,11,69.6,0.2,612.48,False,
2025-10-19,West,Apparel,Retail Store,SMB,SKU-1069,10,32.57,0.0,325.7,True,gift wrap
2025-05-01,South,Apparel,Retail Store,SMB,SKU-1098,9,24.8,0.15,189.72,False,
2025-01-29,North,Books,Retail Store,Consumer,SKU-1034,2,106.05,0.2,169.68,True,
2025-02-27,West,Home & Kitchen,Online,Enterprise,SKU-1073,11,51.15,0.05,534.52,True,expedited shipping requested
2025-03-23,East,Books,Online,Consumer,SKU-1043,10,14.88,0.2,119.04,False,
2025-07-01,South,Home & Kitchen,Online,Consumer,SKU-1000,3,79.82,0.2,191.57,False,gift wrap
2025-11-11,North,Home & Kitchen,Online,Consumer,SKU-1087,9,30.53,0.0,274.77,True,
2026-03-31,East,Electronics,Online,SMB,SKU-1005,5,115.15,0.1,518.18,True,expedited shipping requested
2025-11-24,South,Toys,Retail Store,Enterprise,SKU-1087,4,8.26,0.1,29.74,False,expedited shipping requested
2026-02-01,West,Apparel,Online,Enterprise,SKU-1005,6,30.57,0.0,183.42,True,
2025-09-26,North,Home & Kitchen,Online,SMB,SKU-1056,5,49.07,0.0,245.35,False,
2026-03-29,West,Apparel,Online,Consumer,SKU-1074,11,25.97,0.15,242.82,True,expedited shipping requested
2025-03-28,South,Electronics,Online,Consumer,SKU-1056,8,64.76,0.1,466.27,False,expedited shipping requested
2026-02-01,South,Home & Kitchen,Online,Consumer,SKU-1101,2,126.78,0.0,253.56,True,expedited shipping requested
2025-12-16,South,Electronics,Online,Enterprise,SKU-1097,6,63.66,0.0,381.96,False,promo code applied
2026-04-12,South,Electronics,Marketplace,Consumer,SKU-1023,7,48.49,0.1,305.49,False,promo code applied
2026-02-12,South,Electronics,Marketplace,Consumer,SKU-1106,10,90.28,0.0,902.8,False,
2025-04-20,South,Home & Kitchen,Online,SMB,SKU-1071,6,32.77,0.0,196.62,True,
2025-05-09,East,Electronics,Retail Store,SMB,SKU-1014,1,55.82,0.15,47.45,False,
2025-02-20,North,Home & Kitchen,Retail Store,Consumer,SKU-1105,3,48.56,0.15,123.83,False,bulk order
2025-06-20,South,Toys,Marketplace,Consumer,SKU-1061,5,89.98,0.05,427.4,True,
2025-01-06,East,Electronics,Online,SMB,SKU-1025,11,22.47,0.0,247.17,True,promo code applied
2026-04-27,South,Home & Kitchen,Online,SMB,SKU-1043,2,42.59,0.15,72.4,True,
2025-12-14,South,Electronics,Online,Consumer,SKU-1061,4,157.51,0.05,598.54,False,
2025-10-30,West,Home & Kitchen,Partner,Consumer,SKU-1031,7,80.86,0.0,566.02,False,
2026-01-09,North,Apparel,Marketplace,Consumer,SKU-1074,7,53.68,0.0,375.76,False,
2025-03-14,West,Toys,Online,Consumer,SKU-1107,5,17.64,0.2,70.56,False,
2026-05-16,Central,Apparel,Marketplace,Consumer,SKU-1058,10,74.94,0.05,711.93,True,
2026-02-05,South,Sports,Online,SMB,SKU-1031,2,31.56,0.0,63.12,False,
2025-04-16,South,Electronics,Online,Enterprise,SKU-1068,1,125.38,0.0,125.38,False,
2025-08-19,Central,Home & Kitchen,Online,SMB,SKU-1010,5,39.71,0.1,178.7,False,promo code applied
2025-01-10,South,Sports,Retail Store,Enterprise,SKU-1069,6,15.97,0.0,95.82,True,
2025-06-16,North,Electronics,Retail Store,Consumer,SKU-1070,1,17.43,0.15,14.82,True,
2025-10-04,North,Toys,Online,Consumer,SKU-1087,9,101.84,0.15,779.08,False,
2025-05-20,East,Books,Partner,Consumer,SKU-1042,4,29.67,0.1,106.81,False,promo code applied
2025-04-16,West,Electronics,Marketplace,Consumer,SKU-1100,10,83.43,0.0,834.3,False,
2026-04-24,South,Apparel,Online,Consumer,SKU-1007,2,73.22,0.05,139.12,False,promo code applied
2026-04-12,North,Electronics,Online,SMB,SKU-1037,11,,0.0,632.83,False,
2025-03-19,North,Electronics,Marketplace,Consumer,SKU-1105,10,29.37,0.0,293.7,True,expedited shipping requested
2025-11-11,East,Sports,Online,Consumer,SKU-1064,3,23.43,0.05,66.78,False,promo code applied
2025-04-17,South,Electronics,Retail Store,SMB,SKU-1054,7,93.41,0.0,653.87,False,gift wrap
2026-04-13,Central,Apparel,Marketplace,Consumer,SKU-1076,6,43.33,0.0,259.98,False,
2026-01-06,Central,Home & Kitchen,Marketplace,Consumer,SKU-1077,1,44.68,0.0,44.68,False,expedited shipping requested
2026-05-18,North,Toys,Marketplace,Enterprise,SKU-1111,11,22.22,0.15,207.76,False,
2025-08-26,South,Sports,Online,Enterprise,SKU-1028,5,65.72,0.0,328.6,False,
2025-05-28,East,Apparel,Retail Store,Consumer,SKU-1073,2,10.5,0.15,17.85,False,
2025-01-21,Central,Home & Kitchen,Marketplace,Consumer,SKU-1025,11,57.85,0.0,636.35,False,
2026-05-08,North,Toys,Retail Store,Consumer,SKU-1071,7,55.86,0.2,312.82,False,bulk order
2025-07-31,West,Sports,Retail Store,SMB,SKU-1066,10,43.84,0.0,438.4,True,
2025-12-09,West,Apparel,Retail Store,Consumer,SKU-1077,8,59.86,0.0,478.88,True,bulk order
2026-03-27,North,Sports,Marketplace,Consumer,SKU-1103,1,69.44,0.1,62.5,False,
2025-07-10,West,Electronics,Online,Consumer,SKU-1025,2,29.22,0.0,58.44,False,
2025-12-10,West,Electronics,Online,SMB,SKU-1097,9,51.65,0.05,441.61,False,
2026-02-17,South,Home & Kitchen,Marketplace,Consumer,SKU-1048,4,84.95,0.0,339.8,False,
2025-02-13,Central,Apparel,Marketplace,Consumer,SKU-1028,1,38.73,0.2,30.98,True,
2025-08-04,East,Apparel,Retail Store,Enterprise,SKU-1065,4,156.03,0.1,561.71,True,
2025-08-05,North,Home & Kitchen,Online,SMB,SKU-1045,11,54.21,0.0,596.31,True,bulk order
2026-03-08,Central,Sports,Partner,SMB,SKU-1003,11,55.67,0.0,612.37,True,expedited shipping requested
2025-02-27,South,Sports,Retail Store,SMB,SKU-1083,7,162.64,0.2,910.78,False,
2025-07-31,South,Home & Kitchen,Online,SMB,SKU-1082,2,98.32,0.0,196.64,True,
2025-03-18,North,Books,Online,Consumer,SKU-1073,11,38.65,0.05,403.89,False,
2025-06-25,Central,Apparel,Retail Store,Consumer,SKU-1060,5,27.61,0.0,138.05,False,expedited shipping requested
2025-06-16,South,Books,Online,SMB,SKU-1020,1,45.43,0.2,36.34,False,gift wrap
2024-12-26,East,Home & Kitchen,Partner,Consumer,SKU-1031,8,12.2,0.2,78.08,True,
2026-01-22,North,Books,Marketplace,Consumer,SKU-1027,1,143.15,0.1,128.84,False,
2025-01-10,North,Home & Kitchen,Partner,Consumer,SKU-1071,4,98.85,0.15,336.09,False,
2025-01-16,South,Apparel,Online,Consumer,SKU-1019,11,37.84,0.0,416.24,False,first-time customer
2025-04-10,East,Electronics,Online,Consumer,SKU-1019,1,164.95,0.1,148.45,False,
2025-01-02,South,Apparel,Partner,Consumer,SKU-1005,11,50.92,0.0,560.12,False,expedited shipping requested
2025-11-04,West,Apparel,Marketplace,SMB,SKU-1085,6,59.85,0.1,323.19,False,
2026-03-29,North,Electronics,Retail Store,SMB,SKU-1092,9,18.68,0.05,159.71,False,gift wrap
2025-08-07,Central,Electronics,Retail Store,SMB,SKU-1114,8,115.66,0.15,786.49,True,first-time customer
2026-01-18,Central,Electronics,Partner,Consumer,SKU-1099,10,50.1,0.2,400.8,False,bulk order
2026-04-01,North,Electronics,Online,Consumer,SKU-1013,10,98.65,0.1,887.85,True,expedited shipping requested
2025-05-12,West,Apparel,Online,SMB,SKU-1032,6,38.87,0.15,198.24,False,expedited shipping requested
2025-12-12,North,Books,Marketplace,SMB,SKU-1022,11,,0.05,808.2,True,
2026-04-07,North,Electronics,Marketplace,Consumer,SKU-1002,3,46.66,0.2,111.98,False,bulk order
2025-08-20,North,Apparel,Marketplace,SMB,SKU-1102,5,,0.2,141.6,False,first-time customer
2025-04-17,East,Apparel,Online,SMB,SKU-1055,3,99.02,0.15,252.5,True,
2025-01-06,Central,Toys,Online,Enterprise,SKU-1090,2,33.83,0.15,57.51,True,promo code applied
2025-05-14,North,Toys,Online,SMB,SKU-1017,9,73.52,0.1,595.51,False,
2024-12-31,West,Apparel,Online,Consumer,SKU-1105,4,26.19,0.1,94.28,False,
2025-07-27,Central,Electronics,Online,Consumer,SKU-1113,3,117.19,0.0,351.57,False,first-time customer
2025-07-14,North,Electronics,Partner,Consumer,SKU-1001,11,63.87,0.15,597.18,True,gift wrap
2025-07-05,North,Books,Marketplace,Consumer,SKU-1085,9,64.47,0.0,580.23,True,
2025-10-23,West,Electronics,Retail Store,Enterprise,SKU-1018,3,46.1,0.05,131.38,False,first-time customer
2025-06-20,South,Sports,Online,Consumer,SKU-1105,4,71.96,0.1,259.06,False,promo code applied
2025-06-20,East,Apparel,Online,Consumer,SKU-1054,6,64.0,0.2,307.2,False,
2025-05-13,North,Home & Kitchen,Online,Consumer,SKU-1104,5,20.79,0.05,98.75,True,bulk order
2025-06-28,West,Electronics,Marketplace,SMB,SKU-1104,1,29.99,0.1,26.99,False,
2024-12-24,South,Electronics,Online,SMB,SKU-1085,9,67.15,0.0,604.35,False,expedited shipping requested
2025-05-28,South,Electronics,Online,SMB,SKU-1058,4,53.11,0.05,201.82,True,
2025-11-19,West,Sports,Online,SMB,SKU-1106,5,81.13,0.15,344.8,True,
2024-12-02,East,Books,Online,SMB,SKU-1013,3,50.23,0.05,143.16,False,
2025-08-14,West,Electronics,Online,Enterprise,SKU-1049,3,22.81,0.1,61.59,False,gift wrap
2024-12-28,East,Home & Kitchen,Retail Store,SMB,SKU-1044,9,51.58,0.1,417.8,False,gift wrap
2025-01-23,East,Electronics,Retail Store,Consumer,SKU-1049,1,,0.0,31.24,False,
2025-10-30,South,Electronics,Marketplace,Consumer,SKU-1032,8,70.34,0.15,478.31,False,bulk order
2025-08-06,East,Home & Kitchen,Marketplace,SMB,SKU-1048,3,84.75,0.1,228.82,True,gift wrap
2026-04-24,West,Home & Kitchen,Online,Consumer,SKU-1082,3,47.21,0.0,141.63,False,expedited shipping requested
2026-05-07,West,Electronics,Retail Store,Consumer,SKU-1114,8,72.4,0.1,521.28,False,
2025-03-09,North,Electronics,Partner,Consumer,SKU-1008,9,57.91,0.0,521.19,False,
2025-10-19,South,Home & Kitchen,Online,SMB,SKU-1004,1,55.28,0.1,49.75,False,
2025-12-11,East,Sports,Retail Store,Consumer,SKU-1033,7,142.88,0.0,1000.16,True,promo code applied
2025-01-06,West,Home & Kitchen,Online,Consumer,SKU-1006,11,79.25,0.05,828.16,False,promo code applied
2025-04-03,South,Sports,Online,SMB,SKU-1004,1,13.64,0.0,13.64,False,bulk order
2026-02-19,West,Home & Kitchen,Retail Store,Enterprise,SKU-1038,8,27.82,0.2,178.05,False,
2025-03-02,South,Sports,Online,Consumer,SKU-1055,11,58.36,0.1,577.76,False,bulk order
2025-10-14,West,Electronics,Marketplace,Consumer,SKU-1096,11,55.2,0.0,607.2,False,
2026-01-09,North,Electronics,Online,SMB,SKU-1116,11,164.17,0.1,1625.28,False,gift wrap
2025-05-18,West,Home & Kitchen,Online,Enterprise,SKU-1073,4,31.52,0.1,113.47,True,first-time customer
2025-04-19,South,Toys,Online,Consumer,SKU-1000,6,26.04,0.0,156.24,False,bulk order
2026-02-14,West,Sports,Marketplace,Consumer,SKU-1101,6,24.62,0.0,147.72,False,first-time customer
2026-01-24,West,Electronics,Online,SMB,SKU-1066,7,28.08,0.0,196.56,False,promo code applied
2025-02-25,East,Electronics,Online,Enterprise,SKU-1006,4,50.52,0.0,202.08,False,
2026-01-12,Central,Home & Kitchen,Online,Consumer,SKU-1117,8,33.94,0.1,244.37,False,
2025-07-21,Central,Apparel,Online,Consumer,SKU-1022,1,90.19,0.0,90.19,False,
2026-03-20,South,Apparel,Retail Store,Consumer,SKU-1049,5,,0.05,389.12,True,
2025-04-01,Central,Home & Kitchen,Partner,Consumer,SKU-1086,5,18.73,0.2,74.92,True,gift wrap
2025-03-28,East,Electronics,Online,Enterprise,SKU-1026,4,41.01,0.15,139.43,False,first-time customer
2026-01-31,West,Toys,Marketplace,Consumer,SKU-1054,1,117.75,0.0,117.75,False,expedited shipping requested
2026-04-07,West,Home & Kitchen,Online,Consumer,SKU-1115,2,67.77,0.05,128.76,False,first-time customer
2026-05-03,North,Sports,Partner,SMB,SKU-1070,4,72.08,0.15,245.07,False,
2025-05-30,South,Electronics,Retail Store,Consumer,SKU-1041,8,35.89,0.2,229.7,False,expedited shipping requested
2026-04-27,West,Electronics,Marketplace,Consumer,SKU-1052,6,74.38,0.05,423.97,False,first-time customer
2025-04-07,West,Sports,Retail Store,SMB,SKU-1040,11,48.91,0.0,538.01,False,
2025-06-11,East,Electronics,Online,Consumer,SKU-1015,6,158.55,0.0,951.3,True,bulk order
2025-01-10,West,Apparel,Online,Consumer,SKU-1048,9,35.02,0.0,315.18,False,gift wrap
2025-10-11,West,Sports,Online,SMB,SKU-1048,11,19.62,0.1,194.24,False,expedited shipping requested
2025-09-27,South,Apparel,Retail Store,Enterprise,SKU-1035,8,12.19,0.0,97.52,False,promo code applied
2025-09-08,East,Home & Kitchen,Online,Consumer,SKU-1026,11,152.83,0.05,1597.07,False,promo code applied
2025-10-10,North,Sports,Retail Store,Enterprise,SKU-1071,7,58.76,0.0,411.32,False,
2026-02-06,South,Apparel,Online,Consumer,SKU-1022,6,100.44,0.05,572.51,True,
2025-05-04,East,Electronics,Online,SMB,SKU-1066,3,49.46,0.0,148.38,True,first-time customer
2025-11-10,North,Apparel,Marketplace,Consumer,SKU-1070,5,69.5,0.05,330.12,False,
2026-03-10,North,Toys,Online,Consumer,SKU-1047,8,44.99,0.15,305.93,True,bulk order
2025-06-27,South,Electronics,Marketplace,Consumer,SKU-1103,6,40.57,0.0,243.42,False,promo code applied
2025-12-28,North,Apparel,Marketplace,Consumer,SKU-1001,7,25.47,0.0,178.29,True,first-time customer
2025-12-10,North,Books,Online,SMB,SKU-1114,4,36.67,0.0,146.68,False,
2025-10-01,North,Home & Kitchen,Retail Store,SMB,SKU-1013,6,76.02,0.0,456.12,True,
2025-03-21,Central,Home & Kitchen,Online,Consumer,SKU-1013,11,45.7,0.15,427.3,False,
2026-05-10,West,Apparel,Retail Store,SMB,SKU-1001,8,19.14,0.0,153.12,False,
2025-01-14,West,Home & Kitchen,Online,SMB,SKU-1058,5,27.64,0.0,138.2,False,gift wrap
2026-04-03,Central,Sports,Retail Store,Consumer,SKU-1003,10,21.52,0.2,172.16,False,
2025-01-12,West,Apparel,Online,Consumer,SKU-1098,1,67.93,0.0,67.93,False,
2025-02-10,North,Electronics,Online,SMB,SKU-1011,7,27.52,0.05,183.01,False,promo code applied
2026-03-29,East,Electronics,Online,Enterprise,SKU-1013,9,63.1,0.05,539.5,False,
2024-12-31,South,Home & Kitchen,Online,SMB,SKU-1114,9,90.2,0.0,811.8,True,
2025-04-15,East,Electronics,Online,Consumer,SKU-1095,4,52.0,0.0,208.0,False,gift wrap
2026-03-22,West,Toys,Retail Store,Consumer,SKU-1087,5,101.43,0.0,507.15,True,first-time customer
2025-08-04,East,Toys,Online,Consumer,SKU-1044,1,16.0,0.15,13.6,False,
2025-02-15,East,Home & Kitchen,Retail Store,Consumer,SKU-1025,10,28.72,0.05,272.84,False,
2025-08-30,West,Electronics,Partner,Consumer,SKU-1004,7,51.26,0.15,305.0,True,
2025-10-31,West,Apparel,Retail Store,Consumer,SKU-1090,6,95.64,0.0,573.84,True,gift wrap
2025-07-19,East,Apparel,Online,SMB,SKU-1068,3,38.68,0.2,92.83,False,expedited shipping requested
2026-01-18,South,Home & Kitchen,Retail Store,Consumer,SKU-1096,8,32.22,0.05,244.87,False,expedited shipping requested
2025-06-27,South,Electronics,Retail Store,Consumer,SKU-1089,7,34.1,0.1,214.83,False,bulk order
2025-04-13,West,Sports,Partner,Consumer,SKU-1025,7,71.55,0.0,500.85,True,
2025-09-10,Central,Apparel,Marketplace,Consumer,SKU-1017,3,60.32,0.05,171.91,False,gift wrap
2025-07-25,West,Electronics,Online,Consumer,SKU-1108,3,47.64,0.1,128.63,True,
2025-10-04,West,Apparel,Partner,Consumer,SKU-1020,5,95.64,0.0,478.2,False,first-time customer
2025-12-21,East,Apparel,Online,Consumer,SKU-1049,8,29.78,0.1,214.42,True,expedited shipping requested
2026-01-21,North,Electronics,Online,Consumer,SKU-1034,4,27.39,0.1,98.6,True,
2025-03-18,North ,Electronics,Retail Store,Consumer,SKU-1082,9,80.02,0.05,684.17,True,
2026-04-19,South,Electronics,Online,Consumer,SKU-1084,11,94.91,0.0,1044.01,True,expedited shipping requested
2025-02-13,East,Books,Online,SMB,SKU-1103,11,18.66,0.0,205.26,True,gift wrap
2026-04-08,West,Books,Online,SMB,SKU-1109,6,98.68,0.15,503.27,False,gift wrap
2025-09-24,Central,Sports,Retail Store,Consumer,SKU-1074,11,45.95,0.2,404.36,False,
2025-07-02,North,Books,Online,Consumer,SKU-1034,9,83.58,0.2,601.78,False,gift wrap
2025-04-12,South,Toys,Retail Store,Consumer,SKU-1094,1,94.42,0.15,80.26,True,expedited shipping requested
2025-02-13,North,Toys,Retail Store,SMB,SKU-1023,1,69.42,0.0,69.42,False,gift wrap
2024-12-09,East,Home & Kitchen,Marketplace,Enterprise,SKU-1082,4,13.75,0.15,46.75,True,
2025-07-21,North,Apparel,Partner,Enterprise,SKU-1037,7,39.11,0.2,219.02,True,
2026-01-16,South,Toys,Marketplace,Consumer,SKU-1007,10,48.94,0.2,391.52,False,first-time customer
2025-09-15,West,Electronics,Online,Consumer,SKU-1050,1,49.92,0.0,49.92,True,promo code applied
2026-04-12,North,Apparel,Online,Consumer,SKU-1095,8,70.62,0.0,564.96,False,promo code applied
2025-09-03,West,Home & Kitchen,Retail Store,Consumer,SKU-1066,4,37.2,0.05,141.36,True,
2026-04-02,East,Electronics,Online,Consumer,SKU-1012,1,44.84,0.05,42.6,False,expedited shipping requested
2025-09-29,West,Apparel,Online,Enterprise,SKU-1097,2,26.89,0.0,53.78,False,
2025-06-29,West,Apparel,Partner,Consumer,SKU-1009,1,51.91,0.15,44.12,True,
2025-06-18,West,Home & Kitchen,Retail Store,Enterprise,SKU-1092,11,26.52,0.1,262.55,True,
2026-05-10,West,Home & Kitchen,Online,Consumer,SKU-1105,2,26.64,0.05,50.62,True,
2025-01-05,Central,Books,Retail Store,Consumer,SKU-1075,10,59.05,0.2,472.4,False,promo code applied
2025-07-23,Central,Toys,Online,Consumer,SKU-1110,2,29.16,0.0,58.32,False,
2025-08-12,South,Home & Kitchen,Online,Consumer,SKU-1067,6,82.06,0.0,492.36,False,first-time customer
2025-11-15,South,Electronics,Partner,Consumer,SKU-1100,4,20.54,0.0,82.16,True,expedited shipping requested
2026-01-03,North,Apparel,Online,SMB,SKU-1008,9,52.97,0.15,405.22,False,expedited shipping requested
2026-02-13,Central,Apparel,Retail Store,SMB,SKU-1031,2,33.92,0.0,67.84,True,first-time customer
2026-02-07,North,Apparel,Marketplace,Consumer,SKU-1007,7,14.87,0.2,83.27,False,
2025-08-31,East,Apparel,Retail Store,Consumer,SKU-1088,7,26.72,0.0,187.04,False,expedited shipping requested
2025-02-10,East,Home & Kitchen,Marketplace,Consumer,SKU-1112,2,58.06,0.0,116.12,False,promo code applied
2025-10-21,Central,Sports,Retail Store,Consumer,SKU-1041,2,38.59,0.0,77.18,False,expedited shipping requested
2025-10-17,Central,Home & Kitchen,Retail Store,SMB,SKU-1100,11,54.07,0.0,594.77,True,bulk order
2026-01-06,West,Apparel,Marketplace,Consumer,SKU-1106,10,37.31,0.2,298.48,True,
2025-05-13,West,Electronics,Marketplace,Consumer,SKU-1038,5,24.9,0.0,124.5,False,promo code applied
2026-02-17,North,Electronics,Online,Consumer,SKU-1029,3,61.07,0.15,155.73,False,expedited shipping requested
2026-03-30,North,Apparel,Online,SMB,SKU-1014,6,45.16,0.0,270.96,False,
2025-06-06,Central,Electronics,Retail Store,Enterprise,SKU-1111,11,47.92,0.1,474.41,True,promo code applied
2026-04-26,West,Apparel,Online,Consumer,SKU-1039,2,64.0,0.1,115.2,True,
2025-03-21,Central,Apparel,Online,SMB,SKU-1112,8,78.48,0.2,502.27,False,
2025-06-27,South,Electronics,Online,Enterprise,SKU-1096,7,47.45,0.05,315.54,True,first-time customer
2025-03-13,West,Sports,Online,SMB,SKU-1018,7,75.66,0.15,450.18,False,first-time customer
2025-01-20,North,Sports,Marketplace,Consumer,SKU-1071,9,80.18,0.0,721.62,True,
2026-04-09,North,Electronics,Partner,Consumer,SKU-1105,8,56.65,0.2,362.56,False,expedited shipping requested
2025-11-23,North,Sports,Partner,SMB,SKU-1095,3,134.75,0.0,404.25,False,
2025-09-30,South,Electronics,Online,Enterprise,SKU-1053,1,87.4,0.1,78.66,False,bulk order
2024-12-10,North,Apparel,Marketplace,SMB,SKU-1116,2,33.75,0.05,64.12,True,
2025-12-02,North,Apparel,Marketplace,Consumer,SKU-1063,7,13.03,0.15,77.53,False,
2025-01-29,South,Electronics,Partner,SMB,SKU-1064,5,,0.0,81.7,True,
2026-01-02,West,Sports,Online,SMB,SKU-1073,6,16.88,0.0,101.28,True,
2025-02-04,North,Books,Online,Consumer,SKU-1005,10,68.0,0.2,544.0,True,
2025-08-04,Central,Home & Kitchen,Retail Store,Consumer,SKU-1024,4,69.26,0.15,235.48,True,
2026-03-07,West,Home & Kitchen,Partner,Consumer,SKU-1069,8,59.31,0.0,474.48,False,expedited shipping requested
2025-05-11,South,Electronics,Online,SMB,SKU-1058,8,57.11,0.1,411.19,False,first-time customer
2026-01-05,West,Electronics,Marketplace,SMB,SKU-1009,4,117.69,0.0,470.76,False,
2025-12-26,West,Toys,Partner,Enterprise,SKU-1089,2,114.76,0.2,183.62,True,promo code applied
2025-10-18,East,Home & Kitchen,Partner,SMB,SKU-1084,3,116.19,0.05,331.14,False,
2025-03-08,South,Books,Online,Consumer,SKU-1114,8,81.54,0.15,554.47,False,
2025-11-16,Central,Electronics,Online,SMB,SKU-1025,6,64.51,0.05,367.71,False,expedited shipping requested
2026-03-06,South,Electronics,Online,Consumer,SKU-1097,10,38.17,0.0,381.7,False,expedited shipping requested
2026-01-14,West,Home & Kitchen,Marketplace,Consumer,SKU-1047,8,48.51,0.0,388.08,False,
2025-02-19,East,Toys,Online,SMB,SKU-1049,8,33.5,0.0,268.0,False,
2025-01-14,West,Apparel,Retail Store,Consumer,SKU-1038,9,70.29,0.2,506.09,False,expedited shipping requested
2026-02-14,South,Electronics,Online,Enterprise,SKU-1084,7,56.31,0.05,374.46,False,expedited shipping requested
2026-02-12,East,Sports,Online,SMB,SKU-1031,7,56.86,0.1,358.22,True,promo code applied
2025-02-24,North,Electronics,Online,Consumer,SKU-1081,5,54.5,0.1,245.25,False,
2026-03-24,North,Apparel,Online,SMB,SKU-1101,2,15.5,0.05,29.45,False,gift wrap
2025-03-02,South,Home & Kitchen,Marketplace,Consumer,SKU-1064,2,79.27,0.05,150.61,False,gift wrap
2026-01-30,East,Toys,Retail Store,Consumer,SKU-1042,2,73.4,0.0,146.8,False,first-time customer
2025-01-23,North,Electronics,Online,Enterprise,SKU-1093,6,52.66,0.0,315.96,False,first-time customer
2025-11-30,South,Apparel,Online,SMB,SKU-1114,2,69.76,0.2,111.62,False,
2025-10-19,South,Home & Kitchen,Online,Consumer,SKU-1017,6,49.85,0.15,254.24,True,
2025-04-11,East,Apparel,Online,SMB,SKU-1067,8,60.9,0.0,487.2,False,gift wrap
2025-01-19,West,Home & Kitchen,Online,Consumer,SKU-1111,9,109.3,0.0,983.7,True,
2025-03-09,North,Sports,Online,Consumer,SKU-1031,5,56.48,0.05,268.28,False,bulk order
2025-08-03,East,Electronics,Online,Consumer,SKU-1092,5,119.53,0.0,597.65,True,bulk order
2025-09-25,South,Home & Kitchen,Marketplace,Consumer,SKU-1068,1,140.74,0.1,126.67,False,bulk order
2025-04-04,South,Books,Online,Consumer,SKU-1102,4,30.64,0.0,122.56,False,
2025-03-24,East,Electronics,Online,Enterprise,SKU-1114,5,77.95,0.05,370.26,False,
2026-04-19,South,Toys,Online,Consumer,SKU-1017,7,14.69,0.15,87.41,False,gift wrap
2025-05-04,East,Apparel,Marketplace,Enterprise,SKU-1078,4,16.2,0.15,55.08,True,
2026-05-15,West,Apparel,Online,Consumer,SKU-1058,1,62.32,0.05,59.2,False,promo code applied
2025-08-23,South,Electronics,Online,Consumer,SKU-1050,9,55.75,0.05,476.66,False,
2026-02-08,West,Electronics,Online,SMB,SKU-1080,6,86.5,0.0,519.0,True,
2026-05-18,Central,Apparel,Marketplace,SMB,SKU-1093,3,23.04,0.05,65.66,False,
2026-03-23,East,Books,Partner,Consumer,SKU-1090,11,63.08,0.0,693.88,False,expedited shipping requested
2026-02-05,North,Electronics,Online,Consumer,SKU-1027,4,79.02,0.1,284.47,True,
2025-04-15,West,Apparel,Online,Consumer,SKU-1055,5,24.83,0.0,124.15,True,
2026-05-02,West,Books,Marketplace,Consumer,SKU-1006,5,36.05,0.0,180.25,True,
2025-01-18,West,Books,Online,Consumer,SKU-1109,4,25.06,0.1,90.22,False,first-time customer
2025-01-03,South,Apparel,Online,Consumer,SKU-1078,4,69.4,0.1,249.84,False,
2025-10-15,West,Apparel,Online,SMB,SKU-1099,1,68.34,0.0,68.34,False,expedited shipping requested
2025-08-21,North,Home & Kitchen,Online,Consumer,SKU-1041,11,37.06,0.2,326.13,False,
2026-04-14,East,Toys,Partner,Consumer,SKU-1034,2,34.96,0.0,69.92,False,gift wrap
2025-10-22,South,Home & Kitchen,Online,Consumer,SKU-1024,7,74.59,0.0,522.13,True,bulk order
2025-12-17,West,Home & Kitchen,Online,Consumer,SKU-1033,1,54.2,0.0,54.2,False,
2026-02-13,West,Apparel,Partner,SMB,SKU-1109,6,60.86,0.1,328.64,True,
2025-05-16,South,Apparel,Retail Store,Consumer,SKU-1085,2,17.41,0.15,29.6,True,
2026-01-25,South,Sports,Marketplace,Consumer,SKU-1081,11,63.95,0.15,597.93,True,expedited shipping requested
2026-04-22,North,Home & Kitchen,Online,SMB,SKU-1024,2,23.69,0.0,47.38,True,
2025-04-30,North,Toys,Retail Store,Consumer,SKU-1022,7,17.39,0.1,109.56,False,
2026-01-30,North,Electronics,Retail Store,Consumer,SKU-1056,4,37.77,0.0,151.08,False,
2026-02-17,Central,Sports,Partner,SMB,SKU-1019,7,90.71,0.0,634.97,False,gift wrap
2025-10-22,Central,Apparel,Online,Enterprise,SKU-1017,9,48.28,0.0,434.52,True,
2025-01-21,East,Electronics,Online,SMB,SKU-1036,3,82.77,0.05,235.89,False,
2025-05-23,East,Apparel,Retail Store,Consumer,SKU-1101,1,44.74,0.1,40.27,False,bulk order
2026-01-10,Central,Home & Kitchen,Online,SMB,SKU-1119,10,65.98,0.0,659.8,False,
2025-11-14,North,Electronics,Online,SMB,SKU-1063,5,72.06,0.0,360.3,True,
2026-02-01,East,Toys,Online,Enterprise,SKU-1083,11,,0.0,330.88,False,promo code applied
2024-12-01,North,Home & Kitchen,Online,Consumer,SKU-1071,5,107.11,0.2,428.44,True,gift wrap
2025-08-19,East,Books,Online,Consumer,SKU-1097,7,126.87,0.1,799.28,False,promo code applied
2025-12-12,Central,Toys,Online,Consumer,SKU-1045,4,101.53,0.2,324.9,False,
2026-03-29,West,Apparel,Online,Consumer,SKU-1041,5,46.0,0.2,184.0,True,
2025-03-09,West,Electronics,Online,SMB,SKU-1013,10,74.89,0.0,748.9,False,
2025-03-07,West,Home & Kitchen,Partner,SMB,SKU-1119,9,90.81,0.15,694.7,False,
2025-11-29,South,Electronics,Marketplace,SMB,SKU-1013,5,84.93,0.1,382.19,False,gift wrap
2025-10-06,East,Sports,Online,Consumer,SKU-1018,7,25.27,0.0,176.89,True,expedited shipping requested
2025-11-10,Central,Home & Kitchen,Marketplace,SMB,SKU-1096,5,40.21,0.2,160.84,False,
2025-10-04,East,Books,Online,SMB,SKU-1072,4,83.1,0.0,332.4,True,
2025-10-17,East,Sports,Online,Consumer,SKU-1089,1,32.64,0.0,32.64,True,gift wrap
2026-05-14,West,Apparel,Online,Consumer,SKU-1027,8,61.14,0.0,489.12,True,bulk order
2025-06-26,Central,Sports,Partner,Enterprise,SKU-1029,5,114.05,0.2,456.2,False,first-time customer
2025-01-18,Central,Toys,Marketplace,Consumer,SKU-1106,1,95.63,0.0,95.63,True,
2025-09-09,West,Apparel,Online,Enterprise,SKU-1097,5,62.89,0.05,298.73,False,
2025-07-22,Central,Apparel,Partner,Consumer,SKU-1114,5,40.01,0.0,200.05,False,gift wrap
2025-09-05,West,Books,Online,Consumer,SKU-1017,5,93.35,0.0,466.75,True,expedited shipping requested
2025-01-18,South,Sports,Retail Store,SMB,SKU-1091,10,40.84,0.0,408.4,True,gift wrap
2025-01-23,South,Apparel,Partner,Consumer,SKU-1098,4,97.38,0.1,350.57,True,bulk order
2024-12-30,East,Home & Kitchen,Online,Consumer,SKU-1087,2,12.87,0.1,23.17,True,
2025-04-23,East,Sports,Online,SMB,SKU-1082,10,36.07,0.2,288.56,True,bulk order
2025-07-27,West,Apparel,Marketplace,SMB,SKU-1012,9,157.96,0.0,1421.64,False,promo code applied
2026-05-06,Central,Electronics,Retail Store,SMB,SKU-1008,2,17.8,0.0,35.6,True,promo code applied
2024-12-15,South,Electronics,Marketplace,Consumer,SKU-1046,2,52.37,0.0,104.74,False,bulk order
2025-01-25,South,Toys,Retail Store,Enterprise,SKU-1052,1,131.66,0.1,118.49,False,
2025-08-14,North,Sports,Online,SMB,SKU-1039,8,36.61,0.15,248.95,True,expedited shipping requested
2025-05-02,East,Home & Kitchen,Retail Store,Consumer,SKU-1060,1,66.43,0.05,63.11,False,gift wrap
2025-11-18,South,Apparel,Online,SMB,SKU-1033,7,72.99,0.15,434.29,False,
2025-07-24,North,Sports,Partner,Consumer,SKU-1066,6,52.83,0.05,301.13,False,bulk order
2025-11-09,North,Home & Kitchen,Marketplace,Consumer,SKU-1044,4,49.97,0.0,199.88,False,
2025-12-18,North,Electronics,Retail Store,Consumer,SKU-1061,10,45.86,0.0,458.6,False,bulk order
2025-07-09,Central,Home & Kitchen,Online,Consumer,SKU-1013,7,48.13,0.15,286.37,False,
2025-06-13,West,Electronics,Online,Consumer,SKU-1119,5,77.29,0.2,309.16,True,gift wrap
2025-02-07,East,Home & Kitchen,Partner,SMB,SKU-1046,5,61.43,0.0,307.15,False,first-time customer
2025-06-20,Central,Apparel,Online,SMB,SKU-1094,3,86.2,0.05,245.67,False,
2026-02-23,Central,Electronics,Online,SMB,SKU-1101,2,82.36,0.0,164.72,False,
2025-08-08,North,Sports,Online,SMB,SKU-1053,7,102.67,0.05,682.76,False,
2025-12-26,East,Apparel,Retail Store,SMB,SKU-1106,4,6.79,0.0,27.16,False,bulk order
2025-05-24,North,Electronics,Online,Enterprise,SKU-1009,11,61.21,0.15,572.31,False,expedited shipping requested
2025-06-02,North,Home & Kitchen,Online,Consumer,SKU-1000,2,47.27,0.1,85.09,False,bulk order
2026-05-08,East,Sports,Online,Consumer,SKU-1060,10,26.0,0.05,247.0,True,
2026-01-12,West,Home & Kitchen,Online,Consumer,SKU-1064,6,59.06,0.0,354.36,False,
2026-04-08,West,Electronics,Online,Consumer,SKU-1091,11,68.62,0.0,754.82,False,
2025-01-19,West,Home & Kitchen,Retail Store,Consumer,SKU-1110,5,41.31,0.0,206.55,True,promo code applied
2026-02-28,Central,Home & Kitchen,Online,Consumer,SKU-1020,4,107.48,0.0,429.92,True,bulk order
2025-04-26,East,Toys,Online,Consumer,SKU-1065,1,50.28,0.0,50.28,True,
2025-12-29,Central,Apparel,Retail Store,Consumer,SKU-1052,9,82.37,0.0,741.33,False,
2026-03-29,Central,Electronics,Online,Enterprise,SKU-1060,7,48.33,0.15,287.56,False,gift wrap
2025-11-16,South,Home & Kitchen,Retail Store,Consumer,SKU-1053,10,107.77,0.0,1077.7,False,
2025-08-01,East,Electronics,Online,Consumer,SKU-1044,5,83.47,0.1,375.62,True,first-time customer
2025-09-29,West,Home & Kitchen,Online,Consumer,SKU-1052,11,36.78,0.0,404.58,True,
2026-01-18,Central,Home & Kitchen,Online,Consumer,SKU-1113,4,,0.0,123.48,True,
2024-12-08,East,Electronics,Online,Consumer,SKU-1112,11,48.42,0.15,452.73,False,
2026-03-13,Central,Apparel,Marketplace,Consumer,SKU-1048,10,34.37,0.2,274.96,True,
2025-02-01,South,Toys,Online,Consumer,SKU-1018,3,98.1,0.0,294.3,False,
2026-01-11,East,Apparel,Retail Store,Consumer,SKU-1108,9,26.47,0.15,202.5,True,first-time customer
2026-02-03,East,Home & Kitchen,Online,Consumer,SKU-1027,2,49.57,0.0,99.14,True,
2026-05-06,South,Electronics,Online,SMB,SKU-1050,1,81.3,0.1,73.17,False,gift wrap
2025-03-15,North,Electronics,Marketplace,Consumer,SKU-1097,5,28.14,0.0,140.7,False,
2026-02-14,East,Electronics,Online,Consumer,SKU-1002,1,70.55,0.05,67.02,True,expedited shipping requested
2025-07-12,East,Sports,Online,Consumer,SKU-1005,10,36.1,0.0,361.0,True,first-time customer
2025-01-29,North,Electronics,Online,Consumer,SKU-1064,2,50.27,0.0,100.54,False,
2025-06-03,South,Home & Kitchen,Online,SMB,SKU-1020,1,52.62,0.0,52.62,True,gift wrap
2025-09-18,North,Home & Kitchen,Online,SMB,SKU-1119,3,51.6,0.0,154.8,False,gift wrap
2026-04-21,West,Home & Kitchen,Marketplace,Consumer,SKU-1012,11,42.44,0.15,396.81,True,
2025-05-22,Central,Apparel,Retail Store,Enterprise,SKU-1010,7,33.44,0.0,234.08,True,
2025-01-27,South,Sports,Retail Store,Enterprise,SKU-1114,1,51.8,0.05,49.21,True,
2026-05-11,West ,Sports,Marketplace,SMB,SKU-1053,1,82.13,0.15,69.81,False,
2026-04-22,West,Electronics,Online,Consumer,SKU-1105,4,64.69,0.1,232.88,False,promo code applied
2026-01-06,North,Toys,Marketplace,Consumer,SKU-1016,9,25.72,0.2,185.18,False,
2025-07-09,North,Electronics,Online,Consumer,SKU-1091,6,54.08,0.0,324.48,True,
2025-10-27,East,Sports,Online,Consumer,SKU-1002,8,24.68,0.2,157.95,False,
2025-08-24,East,Electronics,Partner,Consumer,SKU-1040,5,61.07,0.0,305.35,False,
2025-07-16,East,Toys,Online,Consumer,SKU-1062,1,68.6,0.0,68.6,True,expedited shipping requested
2026-03-05,East,Electronics,Online,SMB,SKU-1040,7,22.12,0.0,154.84,False,promo code applied
2024-12-23,South,Apparel,Online,Consumer,SKU-1083,8,176.96,0.15,1203.33,False,expedited shipping requested
2025-10-24,Central,Apparel,Retail Store,Consumer,SKU-1007,10,123.29,0.1,1109.61,False,
2025-07-10,Central,Apparel,Online,Consumer,SKU-1064,4,44.16,0.0,176.64,True,expedited shipping requested
2024-12-05,East,Electronics,Online,Consumer,SKU-1031,3,12.81,0.0,38.43,True,
2025-09-30,South,Sports,Online,Consumer,SKU-1020,10,15.51,0.05,147.34,False,promo code applied
2026-03-01,Central,Sports,Marketplace,Consumer,SKU-1086,2,54.44,0.1,97.99,False,
2025-05-02,South,Sports,Retail Store,Enterprise,SKU-1017,2,55.78,0.2,89.25,True,
2025-04-12,South,Home & Kitchen,Online,Enterprise,SKU-1000,4,92.81,0.05,352.68,True,bulk order
2025-05-17,North,Apparel,Retail Store,Consumer,SKU-1077,1,34.5,0.2,27.6,True,
2026-03-22,North,Toys,Online,Consumer,SKU-1000,6,74.1,0.1,400.14,False,
2026-01-08,Central,Home & Kitchen,Online,Consumer,SKU-1038,9,127.78,0.1,1035.02,True,gift wrap
2025-06-29,West,Books,Online,Consumer,SKU-1063,11,69.31,0.1,686.17,True,
2025-06-12,Central,Apparel,Marketplace,Enterprise,SKU-1042,1,,0.0,47.1,False,
2024-12-29,North,Electronics,Marketplace,SMB,SKU-1054,7,82.76,0.2,463.46,True,gift wrap
2026-01-18,North,Electronics,Online,Consumer,SKU-1057,7,62.36,0.0,436.52,True,first-time customer
2025-01-16,South,Home & Kitchen,Online,Consumer,SKU-1016,10,28.52,0.15,242.42,False,expedited shipping requested
2025-08-07,West,Home & Kitchen,Marketplace,SMB,SKU-1084,11,17.67,0.0,194.37,False,
2026-04-09,South,Electronics,Online,SMB,SKU-1031,3,31.9,0.2,76.56,True,
2025-07-16,Central,Books,Online,Consumer,SKU-1085,1,64.04,0.2,51.23,True,
2026-05-04,East,Sports,Marketplace,SMB,SKU-1079,5,27.42,0.0,137.1,False,bulk order
2025-06-13,North,Books,Retail Store,Consumer,SKU-1067,3,23.98,0.0,71.94,False,gift wrap
2025-11-05,West,Toys,Online,Consumer,SKU-1081,10,24.06,0.0,240.6,False,
2025-10-19,East,Books,Online,Consumer,SKU-1074,10,113.86,0.05,1081.67,False,promo code applied
2025-09-12,North,Electronics,Retail Store,Consumer,SKU-1033,2,31.59,0.1,56.86,True,promo code applied
2026-03-16,West,Home & Kitchen,Retail Store,Consumer,SKU-1103,2,73.15,0.05,138.99,False,
2025-04-05,Central,Apparel,Online,SMB,SKU-1108,4,25.98,0.15,88.33,False,gift wrap
2025-04-11,North,Electronics,Online,Consumer,SKU-1025,5,70.17,0.0,350.85,False,expedited shipping requested
2026-01-18,East,Books,Online,Consumer,SKU-1092,5,81.68,0.1,367.56,True,
2025-06-19,East,Apparel,Online,Consumer,SKU-1036,6,19.25,0.0,115.5,False,
2025-04-10,Central,Home & Kitchen,Online,Consumer,SKU-1001,6,31.27,0.1,168.86,False,
2026-01-09,East,Toys,Marketplace,SMB,SKU-1034,3,67.58,0.15,172.33,False,first-time customer
2026-02-17,South,Books,Online,Consumer,SKU-1003,6,58.83,0.15,300.03,False,
2025-03-05,East,Books,Online,Consumer,SKU-1004,5,12.45,0.0,62.25,False,first-time customer
2026-01-01,West,Apparel,Partner,Enterprise,SKU-1091,2,39.6,0.0,79.2,True,
2026-02-13,South,Books,Online,Consumer,SKU-1109,5,20.22,0.0,101.1,False,expedited shipping requested
2026-04-03,West,Electronics,Retail Store,SMB,SKU-1060,6,50.91,0.1,274.91,False,
2025-09-13,West,Home & Kitchen,Online,Consumer,SKU-1009,10,41.29,0.0,412.9,False,expedited shipping requested
2025-01-24,West,Apparel,Online,SMB,SKU-1005,11,67.87,0.0,746.57,False,bulk order
2025-12-22,South,Books,Online,Consumer,SKU-1076,8,30.44,0.15,206.99,False,expedited shipping requested
2025-10-06,South,Toys,Online,SMB,SKU-1028,1,81.06,0.0,81.06,True,first-time customer
2025-03-26,Central,Sports,Marketplace,Consumer,SKU-1101,3,76.29,0.0,228.87,False,promo code applied
2026-01-30,South,Apparel,Retail Store,Consumer,SKU-1008,1,29.89,0.15,25.41,True,bulk order
2025-10-14,West,Apparel,Online,SMB,SKU-1103,4,33.83,0.1,121.79,False,promo code applied
2024-12-18,South,Toys,Partner,SMB,SKU-1023,7,95.06,0.0,665.42,False,
2025-05-24,North,Apparel,Retail Store,Consumer,SKU-1034,7,30.38,0.15,180.76,False,promo code applied
2025-02-24,South,Apparel,Online,Consumer,SKU-1107,1,53.77,0.1,48.39,True,
2025-01-02,West,Home & Kitchen,Partner,Consumer,SKU-1093,9,68.02,0.0,612.18,False,promo code applied
2025-10-04,West,Home & Kitchen,Online,Consumer,SKU-1111,8,74.52,0.15,506.74,False,
2025-10-02,South,Apparel,Retail Store,Consumer,SKU-1072,7,41.7,0.0,291.9,True,promo code applied
2025-04-12,North,Home & Kitchen,Online,Consumer,SKU-1066,11,53.91,0.0,593.01,False,
2025-08-05,North,Electronics,Online,Consumer,SKU-1066,2,52.2,0.05,99.18,True,
2025-12-04,West,Home & Kitchen,Marketplace,SMB,SKU-1057,9,69.67,0.0,627.03,False,expedited shipping requested
2025-03-08,West,Home & Kitchen,Online,Consumer,SKU-1093,3,53.88,0.05,153.56,False,
2025-06-24,East,Apparel,Online,Consumer,SKU-1050,2,28.85,0.1,51.93,False,expedited shipping requested
2025-06-03,South,Apparel,Partner,SMB,SKU-1087,4,49.75,0.2,159.2,False,
2025-09-13,Central,Home & Kitchen,Online,Consumer,SKU-1052,6,41.09,0.2,197.23,False,gift wrap
2026-03-23,North,Toys,Online,Consumer,SKU-1071,8,130.36,0.15,886.45,False,expedited shipping requested
2026-04-20,Central,Electronics,Online,SMB,SKU-1072,3,24.16,0.1,65.23,False,expedited shipping requested
2026-04-25,Central,Electronics,Retail Store,Consumer,SKU-1089,5,21.43,0.1,96.44,True,expedited shipping requested
2026-03-16,East,Sports,Retail Store,Consumer,SKU-1085,9,105.64,0.15,808.15,False,
2025-11-13,South,Electronics,Partner,Consumer,SKU-1038,5,35.67,0.05,169.43,False,expedited shipping requested
2025-01-02,Central,Apparel,Retail Store,Enterprise,SKU-1033,10,110.84,0.0,1108.4,False,promo code applied
2025-04-11,East,Apparel,Online,Consumer,SKU-1105,4,10.82,0.0,43.28,False,
2025-03-15,West,Home & Kitchen,Marketplace,Consumer,SKU-1004,5,97.77,0.2,391.08,True,gift wrap
2024-12-21,South,Electronics,Online,Consumer,SKU-1035,2,13.86,0.15,23.56,False,
2025-02-04,South,Toys,Online,Consumer,SKU-1011,2,10.51,0.1,18.92,False,expedited shipping requested
2025-12-20,West,Sports,Online,Consumer,SKU-1026,3,38.91,0.1,105.06,False,bulk order
2025-02-03,South,Books,Marketplace,SMB,SKU-1052,2,79.08,0.1,142.34,False,first-time customer
2025-05-02,Central,Electronics,Online,Consumer,SKU-1109,1,126.49,0.0,126.49,False,
2025-11-14,East,Toys,Online,Consumer,SKU-1018,7,43.76,0.05,291.0,True,
2025-12-02,East,Apparel,Online,Enterprise,SKU-1008,5,54.42,0.05,258.5,True,gift wrap
2025-09-20,Central,Home & Kitchen,Online,Consumer,SKU-1051,4,16.98,0.05,64.52,False,promo code applied
2025-03-01,South,Home & Kitchen,Partner,SMB,SKU-1087,7,112.5,0.15,669.38,True,
2025-05-13,North,Sports,Marketplace,Consumer,SKU-1107,8,49.02,0.0,392.16,True,
2025-06-17,East,Electronics,Partner,Consumer,SKU-1016,4,92.02,0.1,331.27,False,
2025-04-16,South,Sports,Marketplace,Consumer,SKU-1001,2,104.63,0.0,209.26,True,
2025-02-05,North ,Sports,Online,Consumer,SKU-1037,3,59.35,0.0,178.05,False,
2025-02-25,West,Home & Kitchen,Online,Consumer,SKU-1062,5,72.15,0.05,342.71,True,expedited shipping requested
2025-07-13,South,Electronics,Marketplace,Consumer,SKU-1035,3,52.01,0.0,156.03,False,
2025-03-26,Central,Electronics,Online,Enterprise,SKU-1019,3,96.8,0.0,290.4,False,
2025-07-13,Central,Home & Kitchen,Retail Store,Consumer,SKU-1023,3,84.16,0.05,239.86,False,expedited shipping requested
2026-05-17,North,Toys,Online,Consumer,SKU-1009,8,65.84,0.2,421.38,False,expedited shipping requested
2025-09-01,Central,Apparel,Online,SMB,SKU-1060,4,73.26,0.0,293.04,True,
2026-04-30,East,Books,Partner,Enterprise,SKU-1001,2,60.91,0.0,121.82,True,
2025-02-17,East ,Sports,Retail Store,Consumer,SKU-1090,3,43.43,0.0,130.29,True,first-time customer
2025-07-31,Central,Books,Marketplace,Consumer,SKU-1055,2,13.76,0.0,27.52,True,expedited shipping requested
2025-05-31,South,Books,Partner,SMB,SKU-1031,6,93.73,0.05,534.26,False,gift wrap
2025-07-28,East,Electronics,Online,SMB,SKU-1101,4,97.79,0.05,371.6,True,promo code applied
2026-01-09,West,Toys,Online,Consumer,SKU-1018,6,31.72,0.15,161.77,True,
2025-07-06,Central,Home & Kitchen,Online,Consumer,SKU-1017,8,122.57,0.0,980.56,False,expedited shipping requested
2026-05-06,Central,Apparel,Online,Consumer,SKU-1024,1,24.12,0.05,22.91,False,expedited shipping requested
2025-12-31,Central,Home & Kitchen,Online,Consumer,SKU-1047,8,122.95,0.1,885.24,True,
2025-03-15,North,Electronics,Partner,Consumer,SKU-1006,5,66.15,0.0,330.75,False,first-time customer
2026-03-29,West,Apparel,Marketplace,Consumer,SKU-1048,5,50.75,0.0,253.75,False,
2025-06-08,Central,Books,Retail Store,Enterprise,SKU-1046,2,88.59,0.0,177.18,True,expedited shipping requested
2025-05-08,East,Electronics,Online,SMB,SKU-1000,5,71.83,0.15,305.28,True,
2025-04-29,East,Apparel,Online,Consumer,SKU-1071,9,38.72,0.2,278.78,False,bulk order
2025-11-24,West,Books,Online,Consumer,SKU-1089,3,70.43,0.0,211.29,False,
2025-06-23,North,Electronics,Marketplace,Consumer,SKU-1065,2,45.08,0.0,90.16,True,
2026-01-15,Central,Toys,Marketplace,Consumer,SKU-1040,2,77.36,0.05,146.98,False,
2025-04-11,North,Apparel,Online,SMB,SKU-1006,5,,0.2,255.0,True,
2024-12-30,North,Electronics,Online,Consumer,SKU-1093,8,140.24,0.2,897.54,False,expedited shipping requested
2025-01-23,West,Toys,Online,Consumer,SKU-1119,1,66.06,0.05,62.76,False,
2025-05-30,South,Apparel,Retail Store,Enterprise,SKU-1079,5,83.22,0.0,416.1,True,
2026-02-08,Central,Sports,Online,SMB,SKU-1083,2,61.7,0.05,117.23,True,
2025-11-27,West,Home & Kitchen,Online,Consumer,SKU-1098,5,20.9,0.0,104.5,False,promo code applied
2025-09-08,South,Electronics,Marketplace,Consumer,SKU-1087,9,47.7,0.2,343.44,False,promo code applied
2026-01-18,West,Apparel,Online,Enterprise,SKU-1101,2,100.13,0.1,180.23,False,first-time customer
2025-01-01,South,Electronics,Online,Consumer,SKU-1048,1,148.35,0.2,118.68,True,
2025-11-21,West,Toys,Partner,SMB,SKU-1046,2,21.71,0.1,39.08,False,
2025-12-21,West,Home & Kitchen,Online,Consumer,SKU-1007,4,15.57,0.1,56.05,False,
2025-10-30,West,Electronics,Retail Store,Consumer,SKU-1036,7,91.06,0.1,573.68,True,
2026-03-25,East,Home & Kitchen,Marketplace,Consumer,SKU-1088,3,,0.1,161.22,False,gift wrap
2025-04-12,West,Home & Kitchen,Retail Store,SMB,SKU-1092,10,139.61,0.0,1396.1,False,
2025-07-20,North,Apparel,Online,Consumer,SKU-1013,3,85.49,0.1,230.82,False,
2026-02-08,East,Home & Kitchen,Marketplace,Consumer,SKU-1012,6,21.92,0.2,105.22,True,
2026-02-22,West,Electronics,Marketplace,Consumer,SKU-1051,6,20.81,0.15,106.13,False,bulk order
2025-04-12,North,Electronics,Partner,Consumer,SKU-1041,9,,0.0,289.71,True,first-time customer
2026-03-01,North,Sports,Retail Store,Consumer,SKU-1036,2,107.89,0.0,215.78,True,
2025-04-24,North,Apparel,Retail Store,Consumer,SKU-1008,1,,0.2,50.31,True,expedited shipping requested
2026-05-15,Central,Electronics,Partner,SMB,SKU-1015,10,109.79,0.0,1097.9,False,
2025-07-28,North,Apparel,Marketplace,SMB,SKU-1014,6,35.5,0.15,181.05,False,
2025-08-07,West,Books,Marketplace,Consumer,SKU-1003,8,48.84,0.2,312.58,False,
2025-12-11,South,Home & Kitchen,Online,SMB,SKU-1094,8,56.19,0.15,382.09,True,
2025-02-23,West,Electronics,Retail Store,Consumer,SKU-1102,1,23.81,0.2,19.05,True,
2025-02-24,West,Electronics,Online,Consumer,SKU-1030,4,61.01,0.0,244.04,False,first-time customer
2024-12-24,East,Home & Kitchen,Online,Consumer,SKU-1096,9,48.67,0.0,438.03,False,first-time customer
2025-09-21,North,Apparel,Retail Store,Consumer,SKU-1024,3,21.71,0.05,61.87,False,
2025-01-01,Central,Electronics,Partner,SMB,SKU-1107,11,23.98,0.0,263.78,True,
2025-07-25,Central,Electronics,Online,Consumer,SKU-1113,8,21.67,0.05,164.69,True,
2025-08-27,North,Apparel,Retail Store,SMB,SKU-1012,8,47.69,0.05,362.44,True,bulk order
2025-12-01,East,Toys,Online,SMB,SKU-1077,9,41.1,0.0,369.9,False,expedited shipping requested
2026-02-04,West,Toys,Online,SMB,SKU-1078,5,82.66,0.0,413.3,False,bulk order
2025-11-26,East,Apparel,Marketplace,SMB,SKU-1084,11,14.95,0.0,164.45,False,first-time customer
2025-02-28,South,Electronics,Retail Store,Consumer,SKU-1077,1,66.11,0.2,52.89,True,gift wrap
2025-04-28,Central,Sports,Marketplace,SMB,SKU-1111,2,80.78,0.1,145.4,False,
2025-07-16,Central,Books,Online,SMB,SKU-1037,1,39.21,0.1,35.29,False,
2025-12-05,West,Home & Kitchen,Online,Consumer,SKU-1038,2,24.49,0.1,44.08,False,first-time customer
2025-07-24,South,Electronics,Partner,Consumer,SKU-1097,7,29.01,0.0,203.07,False,
2025-01-23,East,Home & Kitchen,Retail Store,Consumer,SKU-1072,7,42.23,0.2,236.49,True,first-time customer
2025-08-10,South,Electronics,Online,Consumer,SKU-1009,4,60.48,0.15,205.63,True,
2026-01-10,West,Electronics,Partner,SMB,SKU-1012,11,57.9,0.15,541.36,True,
2025-07-15,North,Home & Kitchen,Retail Store,SMB,SKU-1117,7,84.24,0.0,589.68,False,promo code applied
2026-01-28,West,Home & Kitchen,Retail Store,Consumer,SKU-1090,8,117.08,0.1,842.98,True,
2025-06-30,Central,Electronics,Online,Consumer,SKU-1028,8,29.94,0.1,215.57,False,expedited shipping requested
2025-04-14,South,Electronics,Retail Store,Consumer,SKU-1102,1,32.3,0.1,29.07,False,bulk order
2025-01-05,South,Apparel,Online,SMB,SKU-1102,9,43.59,0.15,333.46,True,promo code applied
2026-04-07,East,Home & Kitchen,Online,Consumer,SKU-1027,5,41.46,0.1,186.57,False,promo code applied
2025-11-22,Central,Electronics,Online,SMB,SKU-1077,5,14.6,0.0,73.0,True,bulk order
2025-01-07,East,Electronics,Online,Consumer,SKU-1038,5,79.19,0.05,376.15,True,
2026-02-01,North,Home & Kitchen,Online,Consumer,SKU-1075,4,52.79,0.05,200.6,False,promo code applied
2026-01-11,West,Electronics,Online,Consumer,SKU-1081,1,48.03,0.2,38.42,False,expedited shipping requested
2025-09-03,East,Sports,Retail Store,Consumer,SKU-1005,5,43.49,0.0,217.45,True,
2025-01-03,North,Electronics,Online,Consumer,SKU-1096,6,24.92,0.1,134.57,False,expedited shipping requested
2026-04-08,South,Home & Kitchen,Online,Enterprise,SKU-1116,3,59.76,0.05,170.32,False,bulk order
2025-06-07,East,Toys,Marketplace,Enterprise,SKU-1037,3,86.1,0.0,258.3,True,
2025-04-29,North,Electronics,Online,Enterprise,SKU-1018,11,54.96,0.0,604.56,True,gift wrap
2025-03-31,South,Electronics,Marketplace,Consumer,SKU-1093,9,48.68,0.2,350.5,False,
2025-05-17,Central,Apparel,Online,SMB,SKU-1021,7,76.13,0.15,452.97,True,
2025-02-06,West,Apparel,Retail Store,SMB,SKU-1057,7,68.21,0.0,477.47,True,gift wrap
2025-04-24,North,Electronics,Online,Consumer,SKU-1119,6,27.96,0.0,167.76,False,
2025-09-13,North,Books,Marketplace,Consumer,SKU-1103,6,84.42,0.2,405.22,True,
2025-10-30,East,Home & Kitchen,Online,SMB,SKU-1075,8,65.59,0.0,524.72,False,bulk order
2025-05-15,West,Toys,Online,SMB,SKU-1065,6,59.18,0.0,355.08,True,bulk order
2025-01-23,South,Apparel,Retail Store,SMB,SKU-1000,7,89.54,0.2,501.42,False,bulk order
2025-02-25,East,Books,Online,Consumer,SKU-1093,9,19.49,0.1,157.87,False,
2025-07-12,East,Home & Kitchen,Online,SMB,SKU-1025,6,127.03,0.15,647.85,False,expedited shipping requested
2026-02-03,North,Home & Kitchen,Online,SMB,SKU-1084,8,30.28,0.05,230.13,True,first-time customer
2024-12-21,Central,Home & Kitchen,Online,SMB,SKU-1112,3,44.9,0.0,134.7,False,
2026-01-14,South,Electronics,Online,Consumer,SKU-1101,5,71.11,0.0,355.55,False,bulk order
2026-02-16,Central,Home & Kitchen,Partner,Consumer,SKU-1057,1,62.48,0.1,56.23,True,
2025-04-30,Central,Electronics,Online,Consumer,SKU-1072,3,46.17,0.0,138.51,True,
2025-12-05,East,Books,Online,Consumer,SKU-1007,11,34.39,0.05,359.38,True,expedited shipping requested
2025-03-06,North,Toys,Online,SMB,SKU-1042,5,116.9,0.15,496.82,True,
2026-02-03,West,Home & Kitchen,Retail Store,SMB,SKU-1066,9,44.13,0.0,397.17,False,
2026-03-14,South,Apparel,Online,Consumer,SKU-1014,10,84.33,0.0,843.3,True,
2025-07-25,East,Sports,Retail Store,Consumer,SKU-1097,9,23.71,0.2,170.71,False,bulk order
2025-03-20,North,Apparel,Online,Consumer,SKU-1069,9,53.23,0.0,479.07,False,bulk order
2025-05-27,East,Books,Partner,Consumer,SKU-1026,5,97.3,0.1,437.85,True,bulk order
2026-04-03,East ,Sports,Online,Consumer,SKU-1000,3,41.86,0.0,125.58,True,promo code applied
2026-01-28,North,Electronics,Partner,Consumer,SKU-1055,11,44.17,0.15,412.99,False,first-time customer
2025-09-06,North,Electronics,Partner,Consumer,SKU-1106,1,49.85,0.05,47.36,True,bulk order
2026-01-16,East,Toys,Marketplace,SMB,SKU-1084,6,29.91,0.2,143.57,False,
2025-09-07,North,Sports,Online,Consumer,SKU-1042,4,44.72,0.0,178.88,False,
2026-02-21,South,Electronics,Online,SMB,SKU-1081,7,101.32,0.2,567.39,False,
2024-12-01,North,Apparel,Retail Store,Consumer,SKU-1012,5,106.66,0.0,533.3,True,first-time customer
2026-04-11,West,Books,Online,Consumer,SKU-1020,8,16.41,0.0,131.28,False,
2025-11-02,East,Electronics,Marketplace,Consumer,SKU-1033,7,53.68,0.15,319.4,True,bulk order
2025-07-18,South,Electronics,Online,Enterprise,SKU-1052,1,80.43,0.2,64.34,True,bulk order
2024-12-23,Central,Home & Kitchen,Retail Store,Consumer,SKU-1092,4,79.15,0.0,316.6,False,first-time customer
2026-03-03,North,Electronics,Partner,SMB,SKU-1034,6,44.81,0.0,268.86,False,first-time customer
2025-11-20,West,Apparel,Online,SMB,SKU-1016,8,29.53,0.0,236.24,True,
2025-02-26,East,Books,Marketplace,Enterprise,SKU-1000,3,71.03,0.1,191.78,False,
2024-12-02,Central,Apparel,Online,SMB,SKU-1101,5,36.57,0.0,182.85,True,
2026-05-07,West,Home & Kitchen,Online,Consumer,SKU-1047,10,68.82,0.0,688.2,True,gift wrap
2025-11-20,Central,Toys,Partner,Consumer,SKU-1047,11,78.81,0.0,866.91,False,
2026-04-10,South,Apparel,Online,SMB,SKU-1016,7,34.78,0.0,243.46,False,
2026-01-31,North,Sports,Marketplace,Consumer,SKU-1043,8,90.73,0.0,725.84,True,
2025-07-18,Central,Sports,Online,SMB,SKU-1073,1,43.2,0.0,43.2,True,
2025-02-14,South,Apparel,Online,Enterprise,SKU-1100,9,71.16,0.0,640.44,False,first-time customer
2025-07-09,West,Home & Kitchen,Marketplace,Enterprise,SKU-1018,3,85.95,0.0,257.85,False,gift wrap
2025-11-30,East,Apparel,Online,SMB,SKU-1053,1,55.23,0.1,49.71,False,bulk order
2025-12-23,Central,Toys,Partner,Consumer,SKU-1107,3,48.09,0.1,129.84,False,first-time customer
2025-12-26,Central,Toys,Online,Consumer,SKU-1008,10,21.7,0.1,195.3,False,
2025-09-08,North,Electronics,Partner,Consumer,SKU-1056,9,133.17,0.05,1138.6,True,
2025-07-17,East,Electronics,Retail Store,SMB,SKU-1048,4,113.86,0.0,455.44,False,
2025-10-17,West,Home & Kitchen,Marketplace,Consumer,SKU-1083,1,17.18,0.15,14.6,False,
2025-01-19,West ,Toys,Online,Consumer,SKU-1117,5,36.35,0.0,181.75,False,expedited shipping requested
2026-01-19,South,Home & Kitchen,Retail Store,Consumer,SKU-1111,1,17.9,0.0,17.9,True,
2026-03-11,North,Home & Kitchen,Marketplace,Consumer,SKU-1087,7,35.35,0.0,247.45,False,
2025-02-27,North,Electronics,Marketplace,SMB,SKU-1082,1,95.9,0.15,81.52,False,expedited shipping requested
2026-03-15,North,Toys,Online,Consumer,SKU-1004,7,52.78,0.05,350.99,False,
2026-04-27,South,Apparel,Retail Store,Consumer,SKU-1028,1,32.08,0.05,30.48,False,first-time customer
2026-01-11,West,Toys,Partner,Consumer,SKU-1100,9,45.57,0.0,410.13,False,
2025-08-02,West,Electronics,Online,Enterprise,SKU-1040,3,105.95,0.1,286.07,False,expedited shipping requested
2025-12-29,Central,Toys,Retail Store,Consumer,SKU-1088,3,17.0,0.05,48.45,True,expedited shipping requested
2026-03-27,West,Sports,Retail Store,SMB,SKU-1044,5,57.58,0.1,259.11,True,
2025-07-25,North,Home & Kitchen,Retail Store,Consumer,SKU-1093,7,83.65,0.0,585.55,False,
2025-01-29,Central,Electronics,Marketplace,Enterprise,SKU-1005,8,65.66,0.2,420.22,False,bulk order
2025-08-31,East,Apparel,Retail Store,Consumer,SKU-1098,3,106.58,0.1,287.77,True,expedited shipping requested
2025-08-14,North,Sports,Marketplace,Consumer,SKU-1052,11,149.87,0.1,1483.71,False,
2026-01-16,Central,Electronics,Online,Consumer,SKU-1083,1,197.67,0.05,187.79,True,
2025-10-29,Central,Toys,Online,Consumer,SKU-1032,6,23.19,0.2,111.31,False,expedited shipping requested
2025-01-05,Central,Electronics,Retail Store,Consumer,SKU-1014,2,68.18,0.2,109.09,False,
2026-02-19,East,Sports,Online,SMB,SKU-1104,11,45.37,0.1,449.16,False,
2025-08-23,North,Sports,Marketplace,Consumer,SKU-1001,10,45.37,0.0,453.7,False,promo code applied
2026-03-05,Central,Toys,Online,Consumer,SKU-1023,11,55.32,0.05,578.09,True,promo code applied
2026-04-28,South,Electronics,Online,Consumer,SKU-1016,7,49.26,0.15,293.1,True,
2025-08-26,Central,Apparel,Online,Consumer,SKU-1078,1,22.28,0.15,18.94,True,expedited shipping requested
2026-04-01,East,Electronics,Online,Consumer,SKU-1035,9,43.39,0.1,351.46,False,promo code applied
2025-09-04,South,Sports,Retail Store,Consumer,SKU-1065,5,54.93,0.0,274.65,True,gift wrap
2025-03-25,West,Electronics,Online,Consumer,SKU-1033,9,39.76,0.0,357.84,False,
2025-08-10,East,Books,Marketplace,Consumer,SKU-1009,11,36.82,0.0,405.02,True,
2026-03-06,South,Books,Marketplace,Consumer,SKU-1103,1,89.17,0.1,80.25,False,
2025-01-19,West ,Electronics,Online,Consumer,SKU-1086,4,102.7,0.1,369.72,False,
2025-11-30,North,Electronics,Online,Consumer,SKU-1054,4,53.01,0.15,180.23,False,expedited shipping requested
2025-11-21,South,Apparel,Online,Consumer,SKU-1068,2,23.34,0.0,46.68,True,
2025-07-09,South,Home & Kitchen,Marketplace,SMB,SKU-1080,8,101.86,0.0,814.88,True,promo code applied
2025-12-11,South,Sports,Online,Consumer,SKU-1097,11,87.0,0.0,957.0,False,
2025-07-28,Central,Books,Partner,Consumer,SKU-1107,11,37.99,0.0,417.89,True,gift wrap
2025-04-22,West,Sports,Retail Store,Consumer,SKU-1084,3,44.88,0.2,107.71,True,first-time customer
2025-04-08,East,Apparel,Online,Consumer,SKU-1032,4,37.71,0.05,143.3,True,
2024-12-09,East,Books,Retail Store,Consumer,SKU-1007,6,103.14,0.0,618.84,False,
2026-04-27,East,Sports,Marketplace,Consumer,SKU-1060,3,80.71,0.0,242.13,True,
2025-02-20,South,Toys,Online,Consumer,SKU-1082,4,49.17,0.0,196.68,True,expedited shipping requested
2025-02-10,North,Electronics,Marketplace,SMB,SKU-1026,1,55.89,0.0,55.89,True,
2026-04-19,East,Books,Marketplace,Consumer,SKU-1073,4,23.49,0.1,84.56,False,
2025-07-29,Central,Electronics,Partner,Consumer,SKU-1017,11,118.31,0.1,1171.27,True,
2025-07-03,East,Apparel,Marketplace,Consumer,SKU-1034,7,26.2,0.0,183.4,True,
2025-10-07,East,Books,Marketplace,Consumer,SKU-1105,4,65.9,0.05,250.42,False,gift wrap
2025-07-01,North,Electronics,Online,Consumer,SKU-1092,3,99.7,0.2,239.28,False,gift wrap
2025-09-06,North,Toys,Online,Consumer,SKU-1018,4,28.72,0.15,97.65,False,
2025-10-29,East,Apparel,Online,SMB,SKU-1095,3,50.78,0.0,152.34,False,
2025-07-01,South,Electronics,Retail Store,Consumer,SKU-1017,1,66.83,0.05,63.49,False,bulk order
2025-05-01,West,Apparel,Retail Store,Consumer,SKU-1074,10,79.47,0.05,754.96,True,promo code applied
2025-03-24,West,Electronics,Partner,SMB,SKU-1093,1,57.02,0.0,57.02,True,
2025-08-12,Central,Home & Kitchen,Partner,Consumer,SKU-1069,1,205.81,0.05,195.52,False,gift wrap
2026-04-11,North,Electronics,Online,Consumer,SKU-1119,9,76.56,0.0,689.04,True,promo code applied
2024-12-14,South,Apparel,Partner,Consumer,SKU-1025,11,11.13,0.15,104.07,True,promo code applied
2026-03-06,Central,Toys,Online,Consumer,SKU-1049,9,10.69,0.0,96.21,False,
2026-04-09,West,Apparel,Online,SMB,SKU-1102,9,43.09,0.05,368.42,False,first-time customer
2026-01-25,West,Electronics,Partner,Consumer,SKU-1115,10,43.92,0.0,439.2,False,
2025-03-16,West,Electronics,Retail Store,Consumer,SKU-1060,10,40.77,0.2,326.16,True,
2025-11-02,North,Apparel,Retail Store,SMB,SKU-1059,2,95.97,0.0,191.94,False,
2025-04-17,East,Sports,Online,Consumer,SKU-1075,6,56.89,0.0,341.34,False,
2025-12-14,South,Apparel,Marketplace,SMB,SKU-1109,11,47.74,0.2,420.11,False,first-time customer
2024-12-03,Central,Electronics,Retail Store,Consumer,SKU-1046,5,36.84,0.1,165.78,False,expedited shipping requested
2025-09-03,North,Electronics,Partner,Consumer,SKU-1019,2,25.23,0.1,45.41,False,gift wrap
2025-01-16,West,Home & Kitchen,Online,Consumer,SKU-1024,2,35.23,0.1,63.41,False,gift wrap
2025-02-07,North,Sports,Partner,Consumer,SKU-1093,1,51.95,0.0,51.95,False,
2025-08-23,East,Electronics,Online,Consumer,SKU-1011,7,55.55,0.05,369.41,True,
2025-10-23,East,Electronics,Online,Consumer,SKU-1107,2,14.32,0.05,27.21,True,promo code applied
2025-12-09,East,Electronics,Online,Consumer,SKU-1084,3,93.12,0.2,223.49,True,
2025-06-04,South,Electronics,Online,Consumer,SKU-1050,10,18.06,0.0,180.6,True,
2026-01-20,South,Electronics,Online,SMB,SKU-1094,3,96.32,0.0,288.96,False,
2026-02-19,West,Apparel,Online,SMB,SKU-1104,6,34.3,0.05,195.51,False,promo code applied
2026-01-09,West,Apparel,Retail Store,Consumer,SKU-1030,11,13.56,0.15,126.79,True,
2026-01-24,East,Apparel,Online,Consumer,SKU-1061,10,91.37,0.0,913.7,True,first-time customer
2024-12-18,East,Toys,Marketplace,Consumer,SKU-1026,11,47.19,0.15,441.23,True,gift wrap
2025-11-09,North,Books,Retail Store,Consumer,SKU-1056,9,62.5,0.05,534.38,False,
2025-04-12,East,Home & Kitchen,Retail Store,Consumer,SKU-1105,5,52.17,0.0,260.85,True,
2025-08-03,Central,Electronics,Online,SMB,SKU-1074,3,35.66,0.0,106.98,False,
2025-09-15,North,Apparel,Partner,Enterprise,SKU-1116,2,22.9,0.0,45.8,True,expedited shipping requested
2025-12-02,East,Books,Retail Store,Consumer,SKU-1036,4,25.72,0.0,102.88,True,
2026-03-06,West,Electronics,Online,SMB,SKU-1033,6,15.64,0.05,89.15,False,
2025-03-23,South,Toys,Online,Consumer,SKU-1009,9,142.61,0.15,1090.97,False,gift wrap
2025-12-16,Central,Electronics,Online,Consumer,SKU-1077,4,64.42,0.1,231.91,False,expedited shipping requested
2025-02-05,East,Home & Kitchen,Partner,Consumer,SKU-1014,2,30.93,0.0,61.86,False,
2025-03-26,West,Home & Kitchen,Online,Consumer,SKU-1041,8,22.02,0.15,149.74,False,promo code applied
2025-07-01,South,Electronics,Online,SMB,SKU-1021,8,68.44,0.05,520.14,False,promo code applied
2026-05-01,East,Electronics,Online,SMB,SKU-1107,3,101.94,0.0,305.82,False,
2025-09-02,West,Toys,Online,Consumer,SKU-1014,2,42.89,0.05,81.49,False,
2025-11-01,Central,Toys,Online,Consumer,SKU-1100,5,77.14,0.05,366.42,False,
2025-05-20,West,Books,Marketplace,Consumer,SKU-1110,11,48.9,0.0,537.9,False,bulk order
2026-02-06,West,Books,Online,Enterprise,SKU-1026,10,48.93,0.1,440.37,False,first-time customer
2025-10-06,Central,Home & Kitchen,Online,Consumer,SKU-1037,2,15.42,0.0,30.84,False,
2025-01-05,North,Home & Kitchen,Marketplace,Consumer,SKU-1089,5,31.05,0.1,139.72,False,gift wrap
2025-09-06,South,Electronics,Marketplace,SMB,SKU-1081,10,23.6,0.15,200.6,True,
2025-08-28,East,Electronics,Retail Store,Consumer,SKU-1119,4,82.75,0.0,331.0,False,bulk order
2025-06-02,West,Apparel,Retail Store,SMB,SKU-1070,3,,0.0,243.78,False,
2025-11-19,South,Electronics,Marketplace,Consumer,SKU-1071,6,232.5,0.15,1185.75,False,bulk order
2026-01-07,East,Electronics,Marketplace,Enterprise,SKU-1051,5,36.09,0.0,180.45,False,expedited shipping requested
2025-12-15,East,Toys,Marketplace,Enterprise,SKU-1119,10,77.64,0.0,776.4,True,promo code applied
2025-04-29,East,Sports,Online,Consumer,SKU-1002,9,64.98,0.1,526.34,True,promo code applied
2025-03-27,South,Toys,Marketplace,Consumer,SKU-1062,6,35.68,0.1,192.67,False,promo code applied
2026-05-19,South,Electronics,Online,Consumer,SKU-1023,2,28.02,0.0,56.04,True,promo code applied
2025-07-15,East,Electronics,Online,Consumer,SKU-1034,10,78.96,0.15,671.16,False,gift wrap
2025-11-15,Central,Home & Kitchen,Online,SMB,SKU-1032,8,85.93,0.0,687.44,False,
2025-02-27,West,Apparel,Online,SMB,SKU-1070,3,39.75,0.0,119.25,False,
2025-01-06,Central,Apparel,Partner,SMB,SKU-1115,4,53.12,0.2,169.98,True,
2025-03-05,East,Home & Kitchen,Online,SMB,SKU-1057,7,93.56,0.2,523.94,False,
2026-04-30,North,Electronics,Marketplace,Consumer,SKU-1082,10,59.98,0.0,599.8,True,
2025-06-11,East,Apparel,Online,Consumer,SKU-1022,8,45.82,0.0,366.56,False,
2025-10-10,East,Electronics,Retail Store,Consumer,SKU-1049,5,62.91,0.05,298.82,False,
2026-05-14,Central,Home & Kitchen,Marketplace,Consumer,SKU-1088,3,48.18,0.0,144.54,False,expedited shipping requested
2025-04-23,North,Electronics,Partner,Consumer,SKU-1059,1,82.58,0.0,82.58,True,expedited shipping requested
2025-05-05,North,Apparel,Retail Store,Consumer,SKU-1009,1,28.33,0.1,25.5,False,expedited shipping requested
2025-04-12,South,Electronics,Retail Store,Consumer,SKU-1004,7,56.02,0.05,372.53,False,gift wrap
2025-05-01,West,Sports,Partner,Consumer,SKU-1111,11,103.94,0.05,1086.17,False,
2026-03-11,East,Electronics,Retail Store,Consumer,SKU-1117,7,64.06,0.2,358.74,False,first-time customer
2025-08-17,South,Toys,Online,Enterprise,SKU-1054,6,31.41,0.05,179.04,False,
2025-12-16,South,Electronics,Online,Enterprise,SKU-1087,1,37.49,0.15,31.87,False,
2025-11-13,North,Apparel,Retail Store,Enterprise,SKU-1014,9,34.93,0.0,314.37,False,
2026-02-11,West,Apparel,Partner,Enterprise,SKU-1064,5,49.04,0.2,196.16,False,
2025-10-23,West,Apparel,Online,Consumer,SKU-1106,7,104.23,0.0,729.61,True,first-time customer
2025-11-06,West,Home & Kitchen,Online,Consumer,SKU-1104,8,53.86,0.0,430.88,False,promo code applied
2025-12-22,Central,Toys,Online,SMB,SKU-1019,10,130.81,0.15,1111.88,False,gift wrap
2026-04-10,Central,Toys,Online,Consumer,SKU-1026,4,11.55,0.0,46.2,False,gift wrap
2025-10-28,South,Books,Online,SMB,SKU-1013,10,156.09,0.0,1560.9,True,
2025-05-17,West,Books,Online,Consumer,SKU-1076,11,16.34,0.1,161.77,False,gift wrap
2025-04-15,North,Sports,Online,SMB,SKU-1002,1,34.61,0.15,29.42,True,
2025-06-24,South,Home & Kitchen,Marketplace,Consumer,SKU-1068,2,21.24,0.2,33.98,False,
2025-04-03,South,Electronics,Retail Store,Consumer,SKU-1002,3,80.3,0.0,240.9,False,first-time customer
2026-01-19,West,Toys,Online,SMB,SKU-1091,7,81.21,0.15,483.2,True,gift wrap
2026-05-19,East,Electronics,Online,Consumer,SKU-1001,10,38.43,0.2,307.44,False,
2025-07-25,East,Apparel,Online,Consumer,SKU-1080,10,106.44,0.0,1064.4,False,promo code applied
2025-10-23,North,Home & Kitchen,Partner,Consumer,SKU-1042,10,18.23,0.0,182.3,True,bulk order
2026-05-23,East,Books,Marketplace,Consumer,SKU-1092,6,27.47,0.15,140.1,True,
2025-07-31,Central,Toys,Online,Consumer,SKU-1058,9,129.77,0.0,1167.93,True,
2026-04-14,North,Home & Kitchen,Online,Consumer,SKU-1020,2,63.83,0.0,127.66,False,
2026-03-27,North,Apparel,Retail Store,Enterprise,SKU-1093,2,,0.05,173.79,False,
2025-10-15,West,Home & Kitchen,Online,Enterprise,SKU-1082,2,45.1,0.1,81.18,True,
2026-04-28,Central,Toys,Retail Store,Consumer,SKU-1030,3,55.78,0.1,150.61,False,expedited shipping requested
2025-11-17,East,Home & Kitchen,Online,Consumer,SKU-1030,3,93.71,0.0,281.13,True,gift wrap
2025-09-27,East,Toys,Online,SMB,SKU-1050,3,65.03,0.0,195.09,False,promo code applied
2026-03-15,North,Home & Kitchen,Online,SMB,SKU-1102,4,,0.0,456.52,False,
2025-11-07,Central ,Electronics,Retail Store,SMB,SKU-1070,5,12.92,0.0,64.6,False,
2026-02-21,North,Sports,Online,Consumer,SKU-1053,9,96.94,0.2,697.97,False,
2025-06-29,North,Electronics,Online,Consumer,SKU-1065,11,58.45,0.0,642.95,False,promo code applied
2025-10-26,North,Electronics,Retail Store,SMB,SKU-1017,6,49.09,0.0,294.54,True,
2025-11-07,West,Electronics,Online,Consumer,SKU-1079,6,104.19,0.15,531.37,False,gift wrap
2025-08-31,West,Electronics,Marketplace,Consumer,SKU-1016,1,29.81,0.2,23.85,False,bulk order
2025-02-05,South,Toys,Online,SMB,SKU-1065,6,25.47,0.15,129.9,False,bulk order
2025-06-19,North,Sports,Retail Store,Consumer,SKU-1037,5,38.93,0.0,194.65,True,bulk order
2025-10-09,East,Home & Kitchen,Retail Store,SMB,SKU-1103,3,78.33,0.0,234.99,False,first-time customer
2025-06-30,East,Apparel,Online,SMB,SKU-1082,5,137.09,0.05,651.18,True,promo code applied
2026-01-11,South,Apparel,Retail Store,SMB,SKU-1119,10,21.43,0.0,214.3,False,
2025-11-08,West,Books,Partner,Consumer,SKU-1032,2,61.67,0.1,111.01,True,first-time customer
2026-01-31,East,Apparel,Marketplace,Consumer,SKU-1096,1,82.31,0.05,78.19,True,
2025-07-28,West,Books,Online,Consumer,SKU-1114,4,51.0,0.15,173.4,False,
2025-03-25,North,Apparel,Retail Store,SMB,SKU-1035,5,11.21,0.15,47.64,True,expedited shipping requested
2025-09-03,Central,Toys,Retail Store,Enterprise,SKU-1117,10,,0.0,337.1,True,bulk order
2025-09-03,Central,Home & Kitchen,Marketplace,Consumer,SKU-1106,11,131.34,0.0,1444.74,False,promo code applied
2025-12-23,North,Electronics,Retail Store,Consumer,SKU-1012,3,59.74,0.0,179.22,True,bulk order
2025-08-08,North,Electronics,Online,Consumer,SKU-1001,6,63.86,0.0,383.16,False,promo code applied
2026-04-17,North,Home & Kitchen,Online,Enterprise,SKU-1051,5,101.41,0.15,430.99,False,
2025-04-24,North,Electronics,Online,SMB,SKU-1062,6,73.95,0.0,443.7,False,first-time customer
2025-08-21,East,Apparel,Online,Consumer,SKU-1029,8,53.1,0.2,339.84,True,first-time customer
2025-07-26,West,Books,Partner,SMB,SKU-1012,1,53.64,0.0,53.64,False,
2025-07-21,South ,Books,Online,Consumer,SKU-1032,7,99.33,0.1,625.78,True,
2025-06-11,South,Toys,Online,SMB,SKU-1098,11,77.65,0.15,726.03,False,
2025-01-30,North,Electronics,Marketplace,Consumer,SKU-1061,5,43.11,0.0,215.55,False,
2025-01-09,West,Electronics,Retail Store,Enterprise,SKU-1119,7,101.83,0.1,641.53,True,
2025-03-03,Central,Home & Kitchen,Partner,Consumer,SKU-1011,9,103.58,0.0,932.22,False,
2026-04-13,West,Electronics,Online,Consumer,SKU-1008,5,23.79,0.2,95.16,True,promo code applied
2025-06-20,Central ,Apparel,Marketplace,SMB,SKU-1102,10,28.23,0.2,225.84,False,expedited shipping requested
2025-01-24,Central,Sports,Online,Consumer,SKU-1042,4,41.93,0.2,134.18,False,bulk order
2025-08-27,West,Electronics,Online,SMB,SKU-1088,8,70.69,0.1,508.97,False,
2025-08-22,West,Home & Kitchen,Online,Consumer,SKU-1018,7,27.33,0.0,191.31,True,bulk order
2025-08-08,Central,Books,Retail Store,Consumer,SKU-1072,4,20.16,0.0,80.64,True,expedited shipping requested
2025-09-29,East,Apparel,Partner,SMB,SKU-1080,7,44.5,0.1,280.35,False,first-time customer
2025-01-09,South,Electronics,Online,Consumer,SKU-1070,7,36.35,0.0,254.45,False,gift wrap
2025-08-08,South,Sports,Online,Consumer,SKU-1075,9,85.77,0.05,733.33,False,
2025-09-09,North,Sports,Retail Store,Consumer,SKU-1005,4,36.6,0.0,146.4,False,
2025-02-11,South,Home & Kitchen,Online,Consumer,SKU-1096,2,110.93,0.15,188.58,False,
2026-01-24,Central,Home & Kitchen,Online,SMB,SKU-1062,3,60.92,0.0,182.76,True,gift wrap
2025-09-15,Central,Home & Kitchen,Partner,SMB,SKU-1114,2,22.44,0.0,44.88,True,
2025-11-17,West,Home & Kitchen,Online,Consumer,SKU-1032,11,146.05,0.05,1526.22,False,gift wrap
2024-12-11,Central,Home & Kitchen,Online,Consumer,SKU-1056,6,25.56,0.0,153.36,False,expedited shipping requested
2025-08-20,South,Electronics,Online,SMB,SKU-1030,11,27.9,0.0,306.9,True,
2026-01-08,West,Apparel,Online,Consumer,SKU-1001,2,27.17,0.0,54.34,True,expedited shipping requested
2026-05-14,East,Toys,Online,Consumer,SKU-1102,4,17.89,0.0,71.56,True,promo code applied
2026-05-20,South,Books,Online,Consumer,SKU-1035,6,131.66,0.05,750.46,True,expedited shipping requested
2025-11-25,West,Books,Partner,Consumer,SKU-1102,2,35.06,0.0,70.12,False,gift wrap
2025-08-19,West,Electronics,Online,SMB,SKU-1027,8,36.3,0.15,246.84,True,first-time customer
2025-02-03,South,Electronics,Online,Consumer,SKU-1003,1,63.44,0.0,63.44,False,gift wrap
2025-01-26,North,Electronics,Partner,Consumer,SKU-1043,10,76.2,0.0,762.0,True,gift wrap
2025-04-07,East,Apparel,Online,SMB,SKU-1109,7,39.14,0.15,232.88,True,expedited shipping requested
2026-04-10,West,Electronics,Online,Consumer,SKU-1070,8,93.4,0.05,709.84,True,expedited shipping requested
2025-10-25,Central,Toys,Partner,Consumer,SKU-1033,10,50.58,0.1,455.22,False,
2025-01-23,South,Home & Kitchen,Online,Consumer,SKU-1106,5,91.77,0.0,458.85,True,
2026-02-20,South,Books,Marketplace,SMB,SKU-1066,11,8.15,0.0,89.65,False,
2025-04-21,West,Home & Kitchen,Online,Consumer,SKU-1104,1,22.85,0.2,18.28,False,
2025-02-12,West,Electronics,Marketplace,Consumer,SKU-1116,5,78.85,0.2,315.4,False,
2026-01-23,North,Sports,Online,SMB,SKU-1119,4,56.05,0.1,201.78,False,
2025-05-27,East,Toys,Online,Enterprise,SKU-1003,5,63.08,0.0,315.4,False,bulk order
2025-11-26,South,Home & Kitchen,Retail Store,SMB,SKU-1048,1,193.14,0.0,193.14,False,
2025-09-24,West,Electronics,Online,SMB,SKU-1068,7,32.53,0.0,227.71,False,expedited shipping requested
2026-04-25,North,Electronics,Retail Store,SMB,SKU-1009,4,52.58,0.0,210.32,False,first-time customer
2025-06-23,Central,Home & Kitchen,Online,Consumer,SKU-1034,4,88.01,0.15,299.23,False,expedited shipping requested
2025-07-12,East,Apparel,Online,Consumer,SKU-1035,8,37.11,0.0,296.88,True,
2025-12-28,East,Sports,Online,Consumer,SKU-1104,11,,0.1,477.38,False,
2025-03-16,North,Electronics,Online,SMB,SKU-1018,8,39.79,0.0,318.32,True,
2025-02-05,South,Home & Kitchen,Partner,Consumer,SKU-1062,6,10.68,0.2,51.26,False,expedited shipping requested
2025-04-23,West,Electronics,Online,Consumer,SKU-1040,2,79.15,0.0,158.3,False,
2025-10-03,West,Apparel,Retail Store,Enterprise,SKU-1058,10,135.86,0.15,1154.81,False,
2025-06-21,Central,Home & Kitchen,Retail Store,Consumer,SKU-1001,2,30.68,0.15,52.16,True,
2025-11-30,West,Sports,Online,Consumer,SKU-1073,4,78.37,0.15,266.46,True,first-time customer
2025-07-22,West,Electronics,Partner,Consumer,SKU-1059,5,32.42,0.2,129.68,True,bulk order
2025-04-04,East,Electronics,Online,Enterprise,SKU-1109,8,45.81,0.05,348.16,False,
2025-08-11,Central,Apparel,Marketplace,Consumer,SKU-1008,10,63.92,0.0,639.2,False,
2025-06-17,North,Electronics,Online,Consumer,SKU-1014,2,123.05,0.0,246.1,False,
2025-09-05,North ,Home & Kitchen,Online,Consumer,SKU-1047,8,72.4,0.0,579.2,True,bulk order
2026-02-07,South,Electronics,Online,SMB,SKU-1112,6,37.17,0.0,223.02,False,bulk order
2026-01-10,South,Electronics,Online,SMB,SKU-1045,5,36.28,0.0,181.4,True,gift wrap
2025-05-21,South,Books,Online,Consumer,SKU-1052,6,112.9,0.0,677.4,True,
2025-09-11,North,Electronics,Online,Enterprise,SKU-1119,6,11.67,0.0,70.02,True,promo code applied
2026-03-16,North,Home & Kitchen,Marketplace,Enterprise,SKU-1009,8,50.83,0.0,406.64,True,gift wrap
2026-04-24,Central,Electronics,Online,SMB,SKU-1068,3,66.57,0.15,169.75,False,
2025-11-09,East,Home & Kitchen,Online,SMB,SKU-1043,11,50.62,0.0,556.82,False,gift wrap
2025-08-22,North,Apparel,Online,SMB,SKU-1013,10,58.07,0.05,551.66,False,
2025-10-30,North,Home & Kitchen,Online,Enterprise,SKU-1066,5,38.68,0.0,193.4,False,
2026-03-27,Central,Apparel,Retail Store,SMB,SKU-1038,3,111.3,0.05,317.2,False,bulk order
2024-12-29,South,Electronics,Online,Consumer,SKU-1002,2,71.67,0.0,143.34,True,bulk order
2025-02-28,South,Toys,Partner,Enterprise,SKU-1017,1,61.03,0.1,54.93,True,first-time customer
2026-03-11,West,Home & Kitchen,Online,Consumer,SKU-1105,9,55.15,0.0,496.35,False,
2025-08-11,West,Home & Kitchen,Retail Store,SMB,SKU-1074,6,57.63,0.15,293.91,True,bulk order
2025-10-15,South,Books,Retail Store,Consumer,SKU-1110,1,21.8,0.0,21.8,True,
2026-01-23,North,Toys,Online,Consumer,SKU-1083,9,84.32,0.15,645.05,True,gift wrap
2025-09-17,South,Electronics,Online,SMB,SKU-1060,9,55.99,0.0,503.91,False,
2025-08-28,East,Books,Online,Consumer,SKU-1114,5,28.73,0.0,143.65,False,
2025-01-28,North,Home & Kitchen,Online,SMB,SKU-1039,11,41.3,0.05,431.58,False,promo code applied
2025-05-31,Central,Toys,Online,Enterprise,SKU-1106,11,20.55,0.1,203.45,False,promo code applied
2025-04-19,North,Electronics,Online,Consumer,SKU-1051,1,93.79,0.0,93.79,False,
2025-02-09,South,Sports,Marketplace,SMB,SKU-1077,9,93.45,0.1,756.94,False,gift wrap
2025-05-13,South,Books,Retail Store,Consumer,SKU-1085,4,40.11,0.05,152.42,True,
2026-02-03,West,Books,Online,SMB,SKU-1039,6,39.95,0.2,191.76,False,gift wrap
2025-08-11,South,Toys,Online,SMB,SKU-1057,4,30.2,0.05,114.76,False,promo code applied
2024-12-21,East,Sports,Marketplace,Consumer,SKU-1009,8,,0.15,231.4,False,
2025-10-25,South,Electronics,Online,SMB,SKU-1021,2,59.46,0.1,107.03,True,bulk order
2025-05-05,North,Apparel,Online,Consumer,SKU-1029,11,53.4,0.0,587.4,False,first-time customer
2026-05-18,South,Apparel,Online,Consumer,SKU-1035,9,31.24,0.0,281.16,False,gift wrap
2026-01-17,South,Sports,Retail Store,Consumer,SKU-1094,9,24.83,0.05,212.3,False,expedited shipping requested
2025-02-19,East,Toys,Online,Consumer,SKU-1117,10,57.17,0.0,571.7,True,promo code applied
2026-02-24,East,Electronics,Retail Store,SMB,SKU-1069,10,50.64,0.15,430.44,False,first-time customer
2026-04-19,East,Home & Kitchen,Online,Enterprise,SKU-1085,5,95.82,0.2,383.28,True,gift wrap
2025-12-23,West,Apparel,Retail Store,SMB,SKU-1052,2,66.17,0.1,119.11,False,
2025-11-14,South,Apparel,Online,Consumer,SKU-1071,2,53.22,0.2,85.15,True,bulk order
2025-05-21,North,Electronics,Marketplace,Consumer,SKU-1065,2,59.95,0.05,113.9,False,
2025-11-17,North,Books,Online,Consumer,SKU-1053,8,111.93,0.2,716.35,False,
2024-12-06,West,Toys,Online,SMB,SKU-1029,10,40.54,0.0,405.4,True,expedited shipping requested
2024-12-17,West,Books,Online,Consumer,SKU-1083,3,25.38,0.0,76.14,False,bulk order
2025-12-30,Central,Home & Kitchen,Online,SMB,SKU-1079,6,9.97,0.0,59.82,False,
2024-12-30,North,Apparel,Partner,Consumer,SKU-1013,8,26.96,0.1,194.11,False,
2026-03-18,Central,Electronics,Online,Consumer,SKU-1104,10,16.77,0.0,167.7,True,
2024-12-13,West,Home & Kitchen,Partner,Consumer,SKU-1045,10,39.75,0.0,397.5,False,gift wrap
2025-06-14,North,Home & Kitchen,Online,Consumer,SKU-1077,2,45.47,0.0,90.94,False,gift wrap
2025-03-18,East,Apparel,Online,Consumer,SKU-1078,7,80.68,0.05,536.52,False,bulk order
2025-07-19,West,Books,Partner,SMB,SKU-1109,9,29.09,0.0,261.81,False,
2025-12-30,East,Apparel,Online,Consumer,SKU-1043,9,60.66,0.2,436.75,True,
2026-05-05,South,Toys,Online,Consumer,SKU-1041,7,,0.0,960.68,True,first-time customer
2025-06-18,East,Apparel,Online,SMB,SKU-1042,7,53.71,0.2,300.78,True,bulk order
2025-05-06,South,Electronics,Online,Consumer,SKU-1033,3,64.91,0.1,175.26,False,
2026-03-24,South,Books,Online,Consumer,SKU-1081,3,69.91,0.15,178.27,False,bulk order
2025-10-12,West,Books,Online,Consumer,SKU-1071,1,145.11,0.0,145.11,True,first-time customer
2025-06-15,South,Apparel,Online,Consumer,SKU-1017,4,34.64,0.0,138.56,False,gift wrap
2025-11-28,South,Apparel,Online,Enterprise,SKU-1111,10,12.84,0.05,121.98,False,bulk order
2026-03-28,North,Electronics,Partner,Consumer,SKU-1110,3,52.57,0.0,157.71,True,gift wrap
2025-01-08,West,Apparel,Retail Store,Enterprise,SKU-1096,8,63.39,0.0,507.12,False,
2024-12-07,East,Home & Kitchen,Online,Consumer,SKU-1045,5,31.29,0.05,148.63,True,
2026-03-14,West,Electronics,Online,Consumer,SKU-1067,9,75.05,0.05,641.68,False,
2025-02-08,South,Toys,Marketplace,Consumer,SKU-1110,7,,0.15,350.93,False,gift wrap
2025-06-29,East,Books,Online,Consumer,SKU-1079,9,36.97,0.1,299.46,False,gift wrap
2025-06-07,South,Toys,Marketplace,Consumer,SKU-1068,5,28.62,0.0,143.1,False,
2025-05-07,North,Home & Kitchen,Online,Enterprise,SKU-1003,11,48.85,0.0,537.35,False,
2026-05-19,Central,Electronics,Online,Enterprise,SKU-1067,1,88.42,0.0,88.42,False,first-time customer
2026-03-24,West,Electronics,Marketplace,Consumer,SKU-1077,5,89.33,0.0,446.65,False,bulk order
2025-05-14,East,Electronics,Online,Consumer,SKU-1018,3,38.06,0.05,108.47,False,gift wrap
2025-03-17,North,Sports,Marketplace,SMB,SKU-1106,5,50.9,0.0,254.5,False,bulk order
2025-02-07,West,Electronics,Retail Store,SMB,SKU-1074,1,17.25,0.0,17.25,True,
2025-01-26,South,Sports,Online,Consumer,SKU-1032,6,50.91,0.0,305.46,False,
2025-02-07,East,Sports,Marketplace,Consumer,SKU-1007,9,69.45,0.1,562.55,True,first-time customer
2025-01-09,North,Apparel,Online,Enterprise,SKU-1059,9,106.3,0.2,765.36,True,gift wrap
2025-10-30,North,Electronics,Online,SMB,SKU-1039,9,28.24,0.0,254.16,False,bulk order
2025-09-16,Central,Electronics,Marketplace,Consumer,SKU-1119,4,43.43,0.15,147.66,False,
2025-06-02,Central,Home & Kitchen,Online,SMB,SKU-1059,4,45.63,0.0,182.52,True,
2025-03-22,North,Sports,Retail Store,Consumer,SKU-1093,2,21.48,0.2,34.37,False,
2025-08-02,North,Toys,Partner,Consumer,SKU-1086,10,64.18,0.05,609.71,False,first-time customer
2025-04-29,Central,Apparel,Online,SMB,SKU-1059,11,54.28,0.2,477.66,False,
2025-11-14,East,Home & Kitchen,Online,SMB,SKU-1029,1,61.23,0.0,61.23,False,
2025-09-27,North,Apparel,Partner,Consumer,SKU-1080,3,75.26,0.0,225.78,False,expedited shipping requested
2024-12-27,South,Books,Retail Store,SMB,SKU-1100,1,109.97,0.2,87.98,True,
2025-05-02,Central,Electronics,Retail Store,Consumer,SKU-1103,3,11.05,0.05,31.49,True,
2025-08-10,North,Books,Retail Store,Consumer,SKU-1019,11,27.46,0.05,286.96,True,first-time customer
2025-07-01,North ,Apparel,Online,SMB,SKU-1036,11,30.62,0.15,286.3,False,expedited shipping requested
2025-05-06,North,Electronics,Retail Store,Consumer,SKU-1108,9,65.7,0.05,561.74,True,
2026-02-17,Central,Home & Kitchen,Retail Store,Enterprise,SKU-1085,10,80.27,0.05,762.56,False,gift wrap
2025-03-31,South,Home & Kitchen,Online,Consumer,SKU-1039,11,13.95,0.0,153.45,True,expedited shipping requested
2025-03-09,South,Electronics,Marketplace,SMB,SKU-1082,3,90.54,0.0,271.62,False,
2025-11-05,South,Apparel,Online,Consumer,SKU-1029,3,47.38,0.0,142.14,True,promo code applied
2025-05-26,North,Home & Kitchen,Online,Consumer,SKU-1071,5,46.52,0.15,197.71,False,
2025-05-07,South,Sports,Online,Consumer,SKU-1065,10,16.95,0.0,169.5,False,
2026-02-13,East,Toys,Partner,Consumer,SKU-1048,4,25.6,0.1,92.16,False,bulk order
2025-04-14,West,Electronics,Online,Enterprise,SKU-1008,10,113.64,0.0,1136.4,True,gift wrap
2025-04-17,South,Toys,Marketplace,SMB,SKU-1051,7,32.41,0.15,192.84,False,gift wrap
2025-07-01,Central,Sports,Retail Store,Consumer,SKU-1095,5,60.18,0.1,270.81,False,
2025-06-23,North,Books,Online,Consumer,SKU-1022,9,20.66,0.1,167.35,False,
2025-04-13,Central,Books,Online,Consumer,SKU-1106,1,32.92,0.15,27.98,False,first-time customer
2025-12-14,Central,Apparel,Marketplace,Consumer,SKU-1065,7,105.51,0.0,738.57,True,
2026-03-17,Central,Toys,Retail Store,SMB,SKU-1102,6,47.78,0.2,229.34,True,
2025-06-22,Central,Books,Marketplace,Consumer,SKU-1020,5,34.44,0.05,163.59,False,gift wrap
2026-02-21,North,Home & Kitchen,Partner,SMB,SKU-1081,4,15.69,0.1,56.48,False,
2025-11-11,Central,Books,Online,Consumer,SKU-1029,9,145.32,0.0,1307.88,False,expedited shipping requested
2025-04-11,West,Electronics,Online,Consumer,SKU-1050,9,75.66,0.1,612.85,False,expedited shipping requested
2025-09-22,South,Apparel,Online,Consumer,SKU-1013,5,62.47,0.15,265.5,False,
2025-03-05,Central,Apparel,Retail Store,Consumer,SKU-1059,4,14.81,0.1,53.32,False,gift wrap
2025-08-01,Central,Toys,Marketplace,Consumer,SKU-1108,4,27.1,0.1,97.56,True,
2026-01-11,Central,Apparel,Online,Consumer,SKU-1081,5,38.8,0.0,194.0,True,
2025-09-15,South,Electronics,Partner,Consumer,SKU-1007,2,14.72,0.2,23.55,True,expedited shipping requested
2026-04-01,West,Electronics,Online,Consumer,SKU-1074,9,12.05,0.1,97.6,True,first-time customer
2026-04-18,North,Apparel,Online,Consumer,SKU-1056,11,47.72,0.1,472.43,True,
2026-04-26,Central,Apparel,Partner,Consumer,SKU-1048,9,44.85,0.05,383.47,False,
2025-07-30,North,Sports,Online,Enterprise,SKU-1036,3,52.97,0.2,127.13,False,promo code applied
2025-02-07,North,Books,Online,Consumer,SKU-1005,7,27.42,0.0,191.94,True,
2025-06-21,North,Sports,Retail Store,Enterprise,SKU-1078,11,85.76,0.0,943.36,True,gift wrap
2025-02-08,North,Electronics,Online,SMB,SKU-1089,11,76.52,0.0,841.72,False,expedited shipping requested
2026-05-16,East,Toys,Online,Consumer,SKU-1028,6,58.3,0.2,279.84,False,bulk order
2025-07-07,West,Apparel,Retail Store,Consumer,SKU-1035,2,38.15,0.15,64.85,True,
2025-09-17,East,Sports,Online,Consumer,SKU-1037,4,89.22,0.0,356.88,False,expedited shipping requested
2025-03-19,West,Apparel,Online,Consumer,SKU-1013,7,45.82,0.0,320.74,True,
2025-07-29,North,Apparel,Online,SMB,SKU-1020,2,47.26,0.1,85.07,False,
2025-05-12,East,Apparel,Online,Enterprise,SKU-1028,2,35.27,0.0,70.54,True,expedited shipping requested
2025-07-04,North,Sports,Online,Consumer,SKU-1057,3,48.0,0.0,144.0,False,first-time customer
2025-12-05,West,Electronics,Partner,Consumer,SKU-1004,6,40.56,0.0,243.36,False,
2025-12-11,South,Electronics,Online,Consumer,SKU-1026,10,30.82,0.15,261.97,False,expedited shipping requested
2026-05-08,North ,Sports,Partner,Consumer,SKU-1087,10,92.54,0.0,925.4,True,promo code applied
2025-01-11,East,Apparel,Online,SMB,SKU-1010,6,48.87,0.05,278.56,False,
2025-01-24,West,Apparel,Online,Consumer,SKU-1052,7,23.87,0.2,133.67,False,promo code applied
2025-01-05,South,Sports,Online,Consumer,SKU-1104,5,64.58,0.2,258.32,True,
2025-03-26,North,Home & Kitchen,Marketplace,Consumer,SKU-1063,7,95.6,0.15,568.82,True,
2025-05-16,West,Apparel,Online,Consumer,SKU-1019,8,48.41,0.2,309.82,False,
2025-06-02,South,Electronics,Online,SMB,SKU-1047,6,74.52,0.2,357.7,True,
2025-05-16,North,Electronics,Retail Store,SMB,SKU-1103,1,23.78,0.0,23.78,False,first-time customer
2026-02-23,West,Toys,Online,SMB,SKU-1042,3,51.82,0.0,155.46,True,gift wrap
2025-06-20,Central,Apparel,Partner,SMB,SKU-1004,3,55.14,0.0,165.42,True,
2025-12-17,Central,Home & Kitchen,Online,SMB,SKU-1111,10,35.62,0.0,356.2,True,bulk order
2025-06-24,West,Electronics,Online,Consumer,SKU-1080,7,34.98,0.05,232.62,True,
2025-12-30,Central,Toys,Retail Store,SMB,SKU-1089,9,18.14,0.15,138.77,False,
2025-03-09,West,Home & Kitchen,Online,SMB,SKU-1058,11,25.82,0.0,284.02,True,promo code applied
2025-12-20,West,Toys,Partner,Consumer,SKU-1080,11,87.09,0.2,766.39,False,
2026-02-05,West,Apparel,Retail Store,Consumer,SKU-1069,11,60.44,0.1,598.36,False,gift wrap
2025-08-19,East,Apparel,Online,Consumer,SKU-1023,9,36.69,0.2,264.17,False,
2025-02-09,West,Electronics,Retail Store,Consumer,SKU-1052,6,27.86,0.15,142.09,True,expedited shipping requested
2026-04-07,Central,Electronics,Online,Consumer,SKU-1014,5,64.71,0.1,291.2,True,gift wrap
2025-12-29,West,Electronics,Online,Enterprise,SKU-1073,8,78.39,0.2,501.7,True,
2026-05-02,South,Home & Kitchen,Retail Store,Enterprise,SKU-1089,4,35.67,0.0,142.68,False,
2025-11-21,North,Home & Kitchen,Marketplace,SMB,SKU-1060,3,62.41,0.15,159.15,False,first-time customer
2025-07-27,East,Toys,Online,Consumer,SKU-1020,3,188.09,0.2,451.42,False,first-time customer
2026-05-11,North,Apparel,Online,Consumer,SKU-1068,10,140.13,0.0,1401.3,True,
2025-01-31,East,Sports,Marketplace,Consumer,SKU-1114,4,35.31,0.2,112.99,False,
2025-09-25,Central,Home & Kitchen,Online,Consumer,SKU-1108,10,75.33,0.1,677.97,False,promo code applied
2025-05-15,South,Electronics,Online,Consumer,SKU-1029,1,181.98,0.2,145.58,False,
2025-07-28,North,Sports,Online,Consumer,SKU-1068,11,22.43,0.0,246.73,False,gift wrap
2026-03-13,North,Home & Kitchen,Partner,SMB,SKU-1117,8,118.72,0.1,854.78,False,first-time customer
2026-01-10,East,Books,Marketplace,Consumer,SKU-1054,7,53.84,0.1,339.19,True,promo code applied
2024-12-22,North,Sports,Marketplace,Consumer,SKU-1061,10,35.46,0.0,354.6,True,expedited shipping requested
2024-12-09,West,Home & Kitchen,Retail Store,Consumer,SKU-1119,4,63.72,0.0,254.88,False,bulk order
2025-08-06,North,Toys,Partner,Consumer,SKU-1016,9,38.48,0.0,346.32,False,expedited shipping requested
2026-04-18,North ,Home & Kitchen,Retail Store,SMB,SKU-1058,3,108.49,0.15,276.65,False,
2025-10-21,North,Home & Kitchen,Marketplace,SMB,SKU-1003,8,45.74,0.2,292.74,False,expedited shipping requested
2025-06-06,Central,Home & Kitchen,Partner,SMB,SKU-1037,1,22.71,0.2,18.17,False,
2026-04-17,East,Home & Kitchen,Marketplace,Consumer,SKU-1019,7,30.02,0.05,199.63,False,
2025-07-12,South,Books,Retail Store,SMB,SKU-1101,7,32.87,0.15,195.58,False,
2025-02-06,West,Electronics,Online,Enterprise,SKU-1005,8,19.03,0.15,129.4,True,first-time customer
2026-02-13,North,Electronics,Retail Store,SMB,SKU-1066,11,55.23,0.1,546.78,False,expedited shipping requested
2025-03-19,South,Home & Kitchen,Online,Consumer,SKU-1021,4,65.07,0.0,260.28,False,
2026-02-20,North,Home & Kitchen,Online,Enterprise,SKU-1117,3,20.15,0.1,54.4,False,
2025-08-25,West,Books,Partner,Consumer,SKU-1010,9,54.07,0.1,437.97,False,
2025-04-24,East,Apparel,Marketplace,Enterprise,SKU-1044,11,33.13,0.2,291.54,True,
2025-07-28,East,Electronics,Retail Store,SMB,SKU-1108,1,75.35,0.0,75.35,False,promo code applied
2024-12-19,South,Books,Online,Consumer,SKU-1104,9,37.55,0.1,304.15,True,first-time customer
2025-01-18,South,Books,Partner,SMB,SKU-1013,2,61.97,0.0,123.94,False,
2025-07-11,West,Home & Kitchen,Online,Consumer,SKU-1056,9,36.39,0.15,278.38,True,promo code applied
2025-09-09,West,Electronics,Online,Consumer,SKU-1045,9,76.1,0.0,684.9,False,gift wrap
2025-07-26,East,Electronics,Marketplace,Consumer,SKU-1032,10,18.01,0.0,180.1,False,first-time customer
2025-06-27,Central,Apparel,Online,SMB,SKU-1016,10,37.7,0.2,301.6,True,
2025-05-19,North,Electronics,Online,Enterprise,SKU-1042,11,99.98,0.05,1044.79,True,expedited shipping requested
2026-01-19,Central,Books,Partner,SMB,SKU-1026,11,38.15,0.1,377.68,False,first-time customer
2025-01-02,South,Sports,Online,SMB,SKU-1084,7,19.61,0.05,130.41,False,
2025-10-15,North,Toys,Online,Consumer,SKU-1038,9,52.11,0.1,422.09,True,promo code applied
2026-01-09,North,Home & Kitchen,Partner,Consumer,SKU-1109,1,58.47,0.1,52.62,False,expedited shipping requested
2025-05-27,Central,Sports,Online,Consumer,SKU-1097,5,11.73,0.0,58.65,False,
2025-06-16,South,Sports,Retail Store,SMB,SKU-1067,11,67.49,0.05,705.27,False,
2026-01-01,North,Apparel,Retail Store,SMB,SKU-1083,2,132.14,0.0,264.28,False,promo code applied
2026-03-09,South,Electronics,Online,SMB,SKU-1070,6,,0.1,678.4,False,
2025-05-18,East,Apparel,Online,Consumer,SKU-1065,10,24.05,0.2,192.4,True,promo code applied
2026-01-21,East,Books,Online,Consumer,SKU-1110,5,52.71,0.1,237.2,False,first-time customer
2025-07-05,North,Sports,Online,Consumer,SKU-1063,7,32.78,0.0,229.46,True,
2025-08-28,West,Toys,Marketplace,Consumer,SKU-1110,2,28.13,0.0,56.26,True,gift wrap
2025-02-18,West,Electronics,Partner,Consumer,SKU-1041,4,45.54,0.2,145.73,False,
2025-09-15,Central,Toys,Online,Consumer,SKU-1044,5,65.43,0.1,294.44,False,promo code applied
2025-04-04,South,Electronics,Online,SMB,SKU-1113,5,97.15,0.1,437.18,False,
2025-04-30,West,Home & Kitchen,Online,SMB,SKU-1106,6,32.73,0.0,196.38,False,
2025-11-04,South,Toys,Partner,Consumer,SKU-1033,1,35.5,0.1,31.95,False,gift wrap
2026-04-24,North,Electronics,Online,Consumer,SKU-1108,9,58.54,0.05,500.52,False,promo code applied
2025-06-22,North,Apparel,Online,SMB,SKU-1073,2,79.99,0.1,143.98,False,bulk order
2025-12-24,Central,Toys,Marketplace,Consumer,SKU-1103,9,33.61,0.0,302.49,False,
2025-10-30,North,Home & Kitchen,Online,Consumer,SKU-1110,6,33.78,0.1,182.41,False,
2025-04-08,South,Toys,Online,Consumer,SKU-1113,2,29.08,0.2,46.53,False,gift wrap
2026-04-21,Central,Electronics,Retail Store,Consumer,SKU-1073,8,63.08,0.0,504.64,True,expedited shipping requested
2024-12-18,North,Apparel,Online,Consumer,SKU-1062,8,13.91,0.0,111.28,True,
2025-08-08,East,Apparel,Online,Consumer,SKU-1107,5,26.62,0.1,119.79,False,gift wrap
2025-05-09,Central,Sports,Online,Consumer,SKU-1019,8,51.73,0.05,393.15,False,
2025-12-14,South,Toys,Online,SMB,SKU-1110,3,32.99,0.05,94.02,False,
2026-02-27,North,Sports,Online,SMB,SKU-1112,9,74.89,0.1,606.61,True,
2026-01-14,Central,Apparel,Online,Enterprise,SKU-1119,6,24.39,0.1,131.71,True,first-time customer
2025-07-18,South,Electronics,Online,Consumer,SKU-1076,7,18.31,0.0,128.17,False,expedited shipping requested
2025-01-31,North,Sports,Online,Consumer,SKU-1095,5,65.11,0.0,325.55,True,gift wrap
2025-01-10,North,Toys,Marketplace,Enterprise,SKU-1024,8,111.55,0.1,803.16,False,
2026-01-28,North,Electronics,Online,SMB,SKU-1020,3,32.89,0.1,88.8,False,expedited shipping requested
2026-05-19,South,Books,Partner,Consumer,SKU-1062,9,87.25,0.1,706.72,False,first-time customer
2026-02-16,South,Toys,Retail Store,SMB,SKU-1068,10,76.06,0.0,760.6,False,
2026-01-20,East,Apparel,Marketplace,Consumer,SKU-1075,5,31.65,0.0,158.25,False,first-time customer
2025-01-07,North,Electronics,Online,Consumer,SKU-1075,11,139.09,0.0,1529.99,False,
2024-12-30,North,Apparel,Partner,SMB,SKU-1098,1,72.1,0.05,68.49,True,
2024-12-08,Central,Home & Kitchen,Online,SMB,SKU-1006,9,29.69,0.1,240.49,False,
2025-03-13,South,Apparel,Retail Store,Consumer,SKU-1030,4,101.29,0.15,344.39,False,first-time customer
2026-01-15,West,Apparel,Partner,Consumer,SKU-1116,7,76.48,0.2,428.29,False,
2026-01-04,North,Electronics,Partner,Enterprise,SKU-1113,9,72.07,0.05,616.2,True,gift wrap
2026-05-09,Central,Electronics,Online,Consumer,SKU-1036,10,59.82,0.0,598.2,False,
2026-04-12,West,Apparel,Retail Store,Consumer,SKU-1064,9,63.7,0.0,573.3,True,promo code applied
2026-05-01,East,Apparel,Online,Consumer,SKU-1041,5,69.73,0.0,348.65,True,promo code applied
2025-08-08,Central,Sports,Online,Consumer,SKU-1067,2,33.83,0.05,64.28,True,
2025-02-28,East,Toys,Partner,Consumer,SKU-1073,6,142.23,0.15,725.37,False,gift wrap
2025-05-21,West,Home & Kitchen,Online,SMB,SKU-1041,11,66.07,0.15,617.75,False,bulk order
2025-08-21,South,Apparel,Marketplace,Consumer,SKU-1010,3,39.89,0.1,107.7,False,
2025-05-13,South,Apparel,Retail Store,SMB,SKU-1097,7,42.73,0.0,299.11,False,expedited shipping requested
2025-10-20,North,Electronics,Retail Store,SMB,SKU-1039,4,53.74,0.0,214.96,True,
2025-06-19,North,Sports,Retail Store,Consumer,SKU-1029,7,74.44,0.2,416.86,False,
2026-03-20,South,Electronics,Partner,Consumer,SKU-1070,4,61.92,0.15,210.53,False,first-time customer
2025-08-10,North,Sports,Online,Consumer,SKU-1101,11,48.14,0.0,529.54,True,first-time customer
2026-02-20,Central,Sports,Online,Consumer,SKU-1110,11,96.41,0.05,1007.48,False,expedited shipping requested
2025-12-16,South,Home & Kitchen,Retail Store,Consumer,SKU-1024,11,30.3,0.2,266.64,False,bulk order
2026-02-11,West,Books,Retail Store,Consumer,SKU-1033,4,55.03,0.05,209.11,False,
2025-02-04,West,Apparel,Online,Consumer,SKU-1073,6,23.32,0.2,111.94,False,
2025-01-04,South,Home & Kitchen,Retail Store,SMB,SKU-1002,5,122.16,0.15,519.18,False,gift wrap
2026-02-26,East,Apparel,Partner,SMB,SKU-1060,5,36.18,0.0,180.9,True,bulk order
2026-03-29,North,Electronics,Online,Enterprise,SKU-1039,2,43.1,0.15,73.27,False,
2025-02-21,North,Electronics,Retail Store,Consumer,SKU-1052,8,111.84,0.0,894.72,True,gift wrap
2026-04-02,Central,Books,Online,Enterprise,SKU-1092,1,76.67,0.05,72.84,False,
2025-01-01,South,Electronics,Online,Consumer,SKU-1002,2,41.99,0.15,71.38,True,
2025-11-21,East,Toys,Marketplace,SMB,SKU-1074,11,65.93,0.0,725.23,False,expedited shipping requested
2026-02-09,West,Electronics,Marketplace,Consumer,SKU-1066,11,108.11,0.0,1189.21,False,expedited shipping requested
2025-12-17,West,Home & Kitchen,Marketplace,Enterprise,SKU-1027,5,59.9,0.2,239.6,False,
2025-02-02,East,Electronics,Retail Store,SMB,SKU-1024,2,35.51,0.05,67.47,False,first-time customer
2026-03-26,East,Books,Online,SMB,SKU-1099,6,105.34,0.0,632.04,False,first-time customer
2025-03-11,South,Home & Kitchen,Online,SMB,SKU-1092,11,98.66,0.0,1085.26,False,
2025-03-24,West,Apparel,Retail Store,Consumer,SKU-1064,10,40.0,0.15,340.0,False,
2026-04-23,West,Home & Kitchen,Online,Consumer,SKU-1035,4,33.65,0.2,107.68,False,
2025-01-30,North,Toys,Partner,SMB,SKU-1081,9,54.44,0.1,440.96,False,
2025-08-09,South,Home & Kitchen,Retail Store,SMB,SKU-1074,8,152.99,0.2,979.14,True,promo code applied
2026-01-20,South,Books,Online,Consumer,SKU-1114,11,27.98,0.2,246.22,False,expedited shipping requested
2026-04-16,East,Apparel,Retail Store,SMB,SKU-1026,10,24.32,0.05,231.04,False,
2024-12-27,South,Apparel,Retail Store,Consumer,SKU-1096,10,51.5,0.2,412.0,True,expedited shipping requested
2025-05-10,West ,Electronics,Online,SMB,SKU-1044,4,55.23,0.0,220.92,False,bulk order
2025-03-13,West,Apparel,Online,SMB,SKU-1028,1,43.94,0.05,41.74,True,bulk order
2026-01-15,South,Electronics,Online,SMB,SKU-1108,9,50.43,0.15,385.79,True,
2025-12-01,North,Home & Kitchen,Online,SMB,SKU-1088,8,50.55,0.15,343.74,False,gift wrap
2026-04-27,South,Toys,Online,SMB,SKU-1023,10,24.56,0.15,208.76,True,
2025-08-21,North ,Electronics,Retail Store,Consumer,SKU-1018,3,40.6,0.2,97.44,False,gift wrap
2025-11-20,North,Apparel,Marketplace,Consumer,SKU-1080,9,94.84,0.0,853.56,False,first-time customer
2026-03-02,East,Toys,Online,SMB,SKU-1027,4,14.14,0.0,56.56,False,expedited shipping requested
2026-04-27,West,Apparel,Partner,Consumer,SKU-1002,5,50.79,0.0,253.95,False,bulk order
2026-04-15,West,Home & Kitchen,Marketplace,Consumer,SKU-1048,8,81.6,0.15,554.88,False,
2025-05-11,South,Sports,Online,Consumer,SKU-1024,3,108.32,0.0,324.96,False,
2025-10-27,North,Electronics,Marketplace,SMB,SKU-1014,8,20.75,0.15,141.1,False,
2026-02-02,North,Sports,Marketplace,Consumer,SKU-1099,7,70.62,0.0,494.34,True,
2025-04-18,North,Sports,Online,SMB,SKU-1068,7,54.63,0.1,344.17,False,promo code applied
2025-06-03,North,Toys,Online,Consumer,SKU-1075,1,81.38,0.05,77.31,False,
2025-03-15,North,Toys,Online,SMB,SKU-1010,7,132.39,0.0,926.73,False,bulk order
2026-04-04,East,Home & Kitchen,Online,SMB,SKU-1074,2,26.68,0.05,50.69,False,first-time customer
2025-01-19,Central,Apparel,Online,Consumer,SKU-1042,9,16.96,0.1,137.38,True,gift wrap
2025-02-02,East,Home & Kitchen,Retail Store,SMB,SKU-1075,11,13.91,0.0,153.01,False,
2025-04-10,South,Sports,Marketplace,Enterprise,SKU-1092,10,50.43,0.0,504.3,False,
2025-09-01,West,Books,Online,Consumer,SKU-1081,9,20.75,0.15,158.74,True,
2025-01-03,South,Sports,Marketplace,Consumer,SKU-1037,5,62.36,0.2,249.44,False,
2025-05-14,West,Toys,Online,Consumer,SKU-1081,11,63.23,0.0,695.53,True,first-time customer
2025-06-04,South,Electronics,Retail Store,SMB,SKU-1044,4,13.1,0.2,41.92,False,
2025-05-16,East,Toys,Online,Consumer,SKU-1111,10,87.32,0.1,785.88,True,first-time customer
2026-05-17,West,Electronics,Online,Consumer,SKU-1042,8,130.66,0.0,1045.28,False,promo code applied
2025-10-25,East,Sports,Partner,Consumer,SKU-1118,1,33.2,0.0,33.2,True,promo code applied
2025-07-14,East,Home & Kitchen,Retail Store,Consumer,SKU-1004,5,23.7,0.0,118.5,False,bulk order
2026-01-19,North,Electronics,Retail Store,Consumer,SKU-1061,9,32.42,0.1,262.6,False,
2026-05-06,North,Home & Kitchen,Online,SMB,SKU-1016,5,46.63,0.0,233.15,False,first-time customer
2026-02-08,North,Books,Online,Enterprise,SKU-1109,11,83.41,0.0,917.51,True,
2026-02-21,Central,Electronics,Partner,Consumer,SKU-1002,9,33.99,0.15,260.02,False,promo code applied
2026-04-20,North,Books,Marketplace,Consumer,SKU-1008,10,24.69,0.2,197.52,False,expedited shipping requested
2025-04-12,North,Toys,Partner,Consumer,SKU-1003,4,103.58,0.2,331.46,False,
2025-08-21,North,Home & Kitchen,Marketplace,SMB,SKU-1073,11,61.48,0.0,676.28,False,expedited shipping requested
2024-12-02,South,Sports,Marketplace,Consumer,SKU-1025,3,37.17,0.15,94.78,False,expedited shipping requested
2025-10-18,North,Sports,Online,Consumer,SKU-1040,2,40.59,0.05,77.12,True,first-time customer
2026-04-25,East,Electronics,Marketplace,Consumer,SKU-1102,7,45.07,0.0,315.49,False,first-time customer
2025-12-09,North,Toys,Partner,Consumer,SKU-1108,2,127.49,0.1,229.48,False,expedited shipping requested
2025-04-05,Central,Sports,Retail Store,Consumer,SKU-1115,3,18.89,0.0,56.67,False,first-time customer
2025-12-29,West,Sports,Online,SMB,SKU-1020,5,89.86,0.2,359.44,False,promo code applied
2025-03-15,Central,Toys,Retail Store,Consumer,SKU-1119,10,98.26,0.0,982.6,True,gift wrap
2025-08-14,North,Sports,Online,Consumer,SKU-1098,11,82.55,0.0,908.05,False,expedited shipping requested
2025-07-08,Central,Apparel,Online,Consumer,SKU-1031,6,,0.2,269.04,True,gift wrap
2025-01-21,West,Toys,Marketplace,Consumer,SKU-1109,5,65.42,0.0,327.1,False,
2024-12-17,Central,Apparel,Online,Consumer,SKU-1031,3,20.16,0.1,54.43,False,expedited shipping requested
2026-03-23,South,Apparel,Online,Consumer,SKU-1058,8,,0.05,120.16,False,
2025-03-04,West,Apparel,Online,SMB,SKU-1118,2,66.86,0.0,133.72,False,
2025-11-22,Central,Sports,Online,Consumer,SKU-1050,2,70.04,0.0,140.08,False,gift wrap
2025-08-20,Central,Sports,Online,SMB,SKU-1025,1,91.08,0.1,81.97,False,first-time customer
2025-04-28,South,Apparel,Retail Store,Consumer,SKU-1006,10,50.23,0.0,502.3,False,
2025-09-13,East,Apparel,Partner,SMB,SKU-1096,5,138.73,0.15,589.6,False,promo code applied
2026-02-08,South,Sports,Partner,Consumer,SKU-1008,5,50.81,0.15,215.94,True,bulk order
2025-03-18,Central,Apparel,Retail Store,Enterprise,SKU-1074,5,40.28,0.0,201.4,True,bulk order
2025-05-27,East,Electronics,Online,Consumer,SKU-1040,6,59.9,0.05,341.43,False,
2025-02-26,East,Apparel,Partner,Enterprise,SKU-1031,11,73.99,0.0,813.89,True,
2026-02-09,South,Apparel,Retail Store,Consumer,SKU-1025,10,51.05,0.05,484.98,False,
2025-04-17,South,Apparel,Online,SMB,SKU-1048,2,62.28,0.0,124.56,True,gift wrap
2025-12-26,East,Books,Online,SMB,SKU-1114,1,58.09,0.2,46.47,True,
2025-05-10,South,Electronics,Partner,Consumer,SKU-1078,1,139.62,0.05,132.64,False,
2025-07-11,South,Toys,Marketplace,Consumer,SKU-1112,8,26.63,0.0,213.04,False,gift wrap
2025-12-09,West,Toys,Marketplace,SMB,SKU-1071,7,41.75,0.15,248.41,True,first-time customer
2026-04-03,North,Apparel,Retail Store,Consumer,SKU-1109,6,121.09,0.05,690.21,False,
2025-07-15,Central,Apparel,Online,Consumer,SKU-1080,2,54.01,0.0,108.02,False,
2025-06-08,South,Electronics,Partner,Consumer,SKU-1023,11,76.4,0.2,672.32,False,
2024-12-21,East,Books,Retail Store,Enterprise,SKU-1048,7,57.26,0.1,360.74,False,
2025-03-26,East,Electronics,Online,Enterprise,SKU-1112,6,69.15,0.0,414.9,False,bulk order
2025-05-25,South,Toys,Retail Store,Consumer,SKU-1081,2,20.78,0.2,33.25,False,bulk order
2025-06-24,East,Toys,Partner,Consumer,SKU-1089,9,111.34,0.0,1002.06,False,
2025-04-15,Central,Home & Kitchen,Online,Consumer,SKU-1111,4,65.29,0.0,261.16,False,promo code applied
2025-06-27,North,Electronics,Marketplace,Consumer,SKU-1005,3,26.98,0.2,64.75,False,expedited shipping requested
2025-10-05,West,Electronics,Online,Consumer,SKU-1009,7,39.28,0.2,219.97,False,
2026-04-11,East,Books,Marketplace,Consumer,SKU-1053,1,13.49,0.15,11.47,True,
2025-07-28,West,Home & Kitchen,Online,Consumer,SKU-1070,9,152.0,0.0,1368.0,False,
2025-02-28,South,Sports,Marketplace,Enterprise,SKU-1031,10,74.65,0.2,597.2,False,first-time customer
2025-10-18,Central,Apparel,Online,Consumer,SKU-1022,1,31.41,0.1,28.27,True,
2025-10-30,South,Toys,Retail Store,Consumer,SKU-1055,2,100.28,0.2,160.45,True,first-time customer
2025-10-08,South,Electronics,Marketplace,Consumer,SKU-1079,7,93.38,0.0,653.66,True,expedited shipping requested
2026-03-04,West,Electronics,Online,SMB,SKU-1010,11,26.0,0.0,286.0,False,
2026-02-27,South,Apparel,Partner,Consumer,SKU-1082,10,,0.05,1087.08,False,expedited shipping requested
2026-01-17,North,Home & Kitchen,Retail Store,Consumer,SKU-1045,4,52.63,0.0,210.52,True,promo code applied
2026-05-13,East,Electronics,Online,Consumer,SKU-1090,9,46.0,0.1,372.6,False,gift wrap
2025-07-23,Central,Electronics,Online,Enterprise,SKU-1066,8,102.25,0.15,695.3,True,
2025-06-15,South,Apparel,Online,SMB,SKU-1094,7,19.62,0.2,109.87,True,
2025-02-14,Central,Electronics,Marketplace,Consumer,SKU-1026,10,55.77,0.2,446.16,False,first-time customer
2026-05-05,South,Toys,Online,SMB,SKU-1091,8,142.11,0.05,1080.04,False,
2025-01-06,South,Home & Kitchen,Online,SMB,SKU-1013,5,97.14,0.0,485.7,True,
2025-12-27,North,Sports,Online,Consumer,SKU-1076,10,144.91,0.0,1449.1,False,first-time customer
2025-04-19,North,Apparel,Partner,Consumer,SKU-1068,2,63.73,0.0,127.46,False,bulk order
2025-04-20,North,Sports,Online,Enterprise,SKU-1099,10,15.62,0.05,148.39,False,bulk order
2025-05-27,South,Apparel,Online,Consumer,SKU-1020,9,96.84,0.0,871.56,False,gift wrap
2026-02-18,West,Electronics,Retail Store,Consumer,SKU-1101,5,53.18,0.0,265.9,False,promo code applied
2026-04-24,Central,Electronics,Retail Store,Consumer,SKU-1039,4,65.85,0.15,223.89,False,first-time customer
2025-12-23,Central,Apparel,Online,Consumer,SKU-1082,1,56.84,0.05,54.0,False,promo code applied
2025-02-13,South,Books,Retail Store,Consumer,SKU-1039,1,55.45,0.15,47.13,False,promo code applied
2026-03-04,East,Sports,Online,Consumer,SKU-1021,1,43.35,0.2,34.68,False,first-time customer
2025-02-16,East,Sports,Online,Consumer,SKU-1118,1,28.16,0.0,28.16,True,
2025-03-16,Central,Electronics,Marketplace,Consumer,SKU-1072,3,18.26,0.0,54.78,False,promo code applied
2025-11-26,West,Home & Kitchen,Online,SMB,SKU-1030,11,23.48,0.0,258.28,False,
2025-10-25,North,Sports,Online,Consumer,SKU-1084,10,56.29,0.2,450.32,False,first-time customer
2026-01-06,Central,Apparel,Retail Store,Consumer,SKU-1049,10,58.04,0.15,493.34,False,first-time customer
2025-10-17,North,Apparel,Retail Store,Consumer,SKU-1063,2,193.51,0.0,387.02,False,promo code applied
2024-12-09,Central,Books,Online,Consumer,SKU-1006,2,92.34,0.2,147.74,True,gift wrap
2025-06-24,Central,Home & Kitchen,Online,Consumer,SKU-1026,7,41.05,0.0,287.35,False,bulk order
2025-04-11,North,Books,Partner,SMB,SKU-1093,5,45.25,0.1,203.62,True,
2025-10-23,North,Toys,Marketplace,Consumer,SKU-1097,6,29.67,0.0,178.02,True,gift wrap
2026-01-04,Central,Home & Kitchen,Marketplace,Consumer,SKU-1077,2,88.99,0.0,177.98,True,
2025-07-08,West,Toys,Online,Consumer,SKU-1005,11,94.54,0.05,987.94,False,expedited shipping requested
2025-01-07,Central,Apparel,Retail Store,SMB,SKU-1047,8,54.29,0.2,347.46,True,
2025-07-04,West,Electronics,Online,Consumer,SKU-1025,7,46.51,0.2,260.46,False,bulk order
2024-12-27,North,Apparel,Online,Consumer,SKU-1058,9,32.98,0.0,296.82,False,
2025-03-27,West,Toys,Partner,Consumer,SKU-1112,11,88.5,0.1,876.15,False,
2026-04-14,Central,Sports,Partner,Consumer,SKU-1061,6,50.35,0.05,287.0,False,
2025-11-30,East,Apparel,Retail Store,Consumer,SKU-1089,3,30.07,0.15,76.68,True,promo code applied
2025-01-10,North,Apparel,Online,Consumer,SKU-1062,8,33.99,0.0,271.92,False,first-time customer
2025-06-20,North,Home & Kitchen,Partner,SMB,SKU-1061,6,27.66,0.0,165.96,True,promo code applied
2026-02-06,East,Electronics,Online,Enterprise,SKU-1046,6,72.28,0.1,390.31,True,promo code applied
2026-05-23,North,Electronics,Online,Consumer,SKU-1054,1,114.09,0.0,114.09,True,gift wrap
2025-07-09,East,Books,Retail Store,Consumer,SKU-1094,3,124.18,0.0,372.54,False,gift wrap
2025-09-08,East,Toys,Online,SMB,SKU-1098,10,37.57,0.2,300.56,False,first-time customer
2024-12-13,South,Sports,Online,Consumer,SKU-1105,2,24.43,0.1,43.97,True,
2024-12-17,South,Electronics,Online,Consumer,SKU-1048,5,209.56,0.05,995.41,False,
2026-01-23,West,Electronics,Marketplace,SMB,SKU-1004,8,20.01,0.0,160.08,True,gift wrap
2025-04-17,South,Toys,Online,Consumer,SKU-1045,1,67.63,0.0,67.63,True,
2025-09-14,North,Electronics,Online,Enterprise,SKU-1065,2,33.69,0.0,67.38,False,
2025-11-19,North,Apparel,Online,SMB,SKU-1096,9,74.81,0.0,673.29,True,first-time customer
2025-07-29,Central,Apparel,Retail Store,Consumer,SKU-1102,3,32.27,0.05,91.97,False,
2026-01-22,East,Electronics,Marketplace,Consumer,SKU-1041,5,110.52,0.0,552.6,True,
2026-03-18,West,Electronics,Marketplace,Consumer,SKU-1022,6,23.74,0.0,142.44,False,
2025-02-09,Central,Electronics,Online,Consumer,SKU-1111,8,62.68,0.1,451.3,True,first-time customer
2025-12-05,West,Apparel,Retail Store,Consumer,SKU-1029,9,55.33,0.0,497.97,True,
2025-10-22,East,Home & Kitchen,Online,Consumer,SKU-1033,3,80.89,0.05,230.54,False,
2026-03-12,West,Apparel,Partner,Consumer,SKU-1086,10,62.74,0.1,564.66,False,
2025-07-09,North,Sports,Marketplace,Consumer,SKU-1053,6,17.86,0.1,96.44,True,first-time customer
2026-05-20,South,Electronics,Marketplace,Consumer,SKU-1021,10,43.02,0.15,365.67,True,promo code applied
2025-11-21,North,Home & Kitchen,Online,Consumer,SKU-1002,4,89.76,0.05,341.09,False,
2025-12-21,Central,Apparel,Marketplace,Consumer,SKU-1080,2,49.85,0.05,94.72,False,first-time customer
2025-10-12,West,Apparel,Online,SMB,SKU-1086,5,93.35,0.0,466.75,True,
2026-02-20,Central,Electronics,Online,Consumer,SKU-1117,11,87.38,0.2,768.94,True,
2025-03-22,South,Electronics,Online,Consumer,SKU-1066,4,49.06,0.0,196.24,False,bulk order
2026-02-03,North,Electronics,Retail Store,SMB,SKU-1020,10,17.41,0.0,174.1,False,promo code applied
2025-08-13,North,Apparel,Retail Store,Consumer,SKU-1073,10,72.54,0.1,652.86,True,
2026-03-21,West,Home & Kitchen,Online,Consumer,SKU-1098,6,95.88,0.0,575.28,True,promo code applied
2025-03-23,Central,Electronics,Marketplace,Enterprise,SKU-1118,11,32.31,0.15,302.1,True,gift wrap
2025-03-21,Central,Books,Retail Store,Enterprise,SKU-1017,6,58.45,0.05,333.16,False,
2025-07-31,West,Apparel,Retail Store,Consumer,SKU-1108,7,25.17,0.05,167.38,True,first-time customer
2025-12-18,East,Apparel,Online,Consumer,SKU-1049,6,78.71,0.0,472.26,True,expedited shipping requested
2025-12-10,South,Home & Kitchen,Retail Store,Consumer,SKU-1005,9,56.0,0.1,453.6,False,
2026-05-08,Central,Apparel,Online,Consumer,SKU-1098,7,66.44,0.0,465.08,False,
2025-11-11,South,Sports,Retail Store,Consumer,SKU-1087,9,115.85,0.1,938.38,True,
2025-03-25,West,Apparel,Marketplace,SMB,SKU-1008,10,61.25,0.15,520.62,False,
2025-06-19,East,Home & Kitchen,Online,SMB,SKU-1064,10,32.77,0.0,327.7,False,
2025-08-15,West,Home & Kitchen,Online,Consumer,SKU-1051,9,44.25,0.0,398.25,False,gift wrap
2025-02-06,Central,Apparel,Online,SMB,SKU-1043,4,60.49,0.1,217.76,False,gift wrap
2025-12-31,Central,Toys,Online,Consumer,SKU-1103,6,63.33,0.1,341.98,True,first-time customer
2026-04-28,North,Apparel,Online,Consumer,SKU-1075,5,29.85,0.0,149.25,True,expedited shipping requested
2024-12-06,Central,Electronics,Marketplace,Consumer,SKU-1077,3,48.76,0.0,146.28,False,first-time customer
2025-06-27,East,Apparel,Retail Store,Consumer,SKU-1096,9,62.67,0.05,535.83,True,bulk order
2025-08-08,West,Books,Online,SMB,SKU-1038,5,171.93,0.0,859.65,False,expedited shipping requested
2025-02-25,South,Apparel,Marketplace,SMB,SKU-1098,8,24.03,0.15,163.4,True,first-time customer
2025-04-13,North,Sports,Online,Consumer,SKU-1032,4,48.84,0.0,195.36,False,
2025-01-30,East,Electronics,Online,SMB,SKU-1025,6,71.81,0.0,430.86,False,
2025-09-07,North,Electronics,Online,Enterprise,SKU-1012,1,48.41,0.0,48.41,False,
2025-12-18,Central,Toys,Online,SMB,SKU-1098,5,111.42,0.0,557.1,False,promo code applied
2025-08-24,South,Sports,Online,Consumer,SKU-1040,1,99.0,0.2,79.2,False,expedited shipping requested
2025-12-06,Central,Apparel,Online,SMB,SKU-1040,8,84.35,0.0,674.8,True,expedited shipping requested
2025-09-01,Central,Sports,Retail Store,Enterprise,SKU-1058,11,49.3,0.0,542.3,False,
2026-04-11,North,Sports,Online,SMB,SKU-1107,6,27.48,0.05,156.64,True,promo code applied
2026-05-09,Central,Books,Online,Consumer,SKU-1062,6,21.55,0.0,129.3,False,expedited shipping requested
2026-03-29,South,Books,Online,Consumer,SKU-1101,1,29.88,0.05,28.39,False,gift wrap
2025-03-02,North,Home & Kitchen,Marketplace,Consumer,SKU-1101,9,72.06,0.1,583.69,False,bulk order
2025-04-04,West,Home & Kitchen,Online,Consumer,SKU-1023,9,60.12,0.2,432.86,False,expedited shipping requested
2026-04-22,North,Sports,Online,Consumer,SKU-1110,7,48.38,0.1,304.79,False,expedited shipping requested
2025-04-25,North,Electronics,Online,Enterprise,SKU-1003,3,68.11,0.0,204.33,False,promo code applied
2025-12-01,North,Electronics,Partner,Consumer,SKU-1000,5,56.22,0.0,281.1,False,
2025-05-23,East,Electronics,Online,Enterprise,SKU-1037,9,85.15,0.0,766.35,True,first-time customer
2026-02-03,North,Electronics,Retail Store,Consumer,SKU-1043,10,31.62,0.15,268.77,True,gift wrap
2025-04-13,South,Electronics,Retail Store,Consumer,SKU-1102,5,98.89,0.15,420.28,False,
2025-12-30,North,Books,Retail Store,Consumer,SKU-1114,7,58.83,0.15,350.04,True,
2025-06-16,North,Home & Kitchen,Online,SMB,SKU-1089,10,49.61,0.0,496.1,True,
2025-12-13,North,Home & Kitchen,Retail Store,Consumer,SKU-1065,9,10.32,0.15,78.95,True,
2025-03-18,North,Electronics,Online,Consumer,SKU-1085,4,81.59,0.05,310.04,True,gift wrap
2026-02-23,North,Toys,Online,SMB,SKU-1079,1,50.06,0.0,50.06,False,
2025-01-27,Central,Electronics,Online,Consumer,SKU-1108,1,23.37,0.1,21.03,True,first-time customer
2024-12-06,Central,Home & Kitchen,Online,Consumer,SKU-1106,11,70.15,0.1,694.49,False,
2026-02-04,West,Electronics,Marketplace,Consumer,SKU-1086,2,52.51,0.1,94.52,False,first-time customer
2025-05-13,South,Toys,Marketplace,Consumer,SKU-1026,5,58.92,0.05,279.87,True,
2025-08-07,West,Electronics,Partner,Consumer,SKU-1023,11,18.91,0.0,208.01,False,
2026-01-07,Central,Sports,Retail Store,Consumer,SKU-1097,8,37.8,0.0,302.4,True,
2026-01-31,North,Electronics,Online,Consumer,SKU-1028,11,54.78,0.0,602.58,True,expedited shipping requested
2025-01-30,North,Sports,Online,Consumer,SKU-1069,5,35.5,0.0,177.5,False,
2025-02-14,West,Sports,Online,SMB,SKU-1008,1,136.93,0.15,116.39,True,
2026-04-26,South,Apparel,Partner,SMB,SKU-1018,1,79.92,0.0,79.92,True,bulk order
2025-05-16,East,Toys,Partner,Consumer,SKU-1118,7,22.04,0.2,123.42,True,
2025-03-15,South,Apparel,Online,Consumer,SKU-1062,3,69.5,0.15,177.22,False,promo code applied
2025-07-05,Central,Sports,Online,Consumer,SKU-1023,6,48.39,0.0,290.34,True,promo code applied
2025-02-11,West,Home & Kitchen,Online,Consumer,SKU-1038,11,64.41,0.0,708.51,True,first-time customer
2025-02-05,East,Apparel,Online,Consumer,SKU-1087,10,48.87,0.0,488.7,False,
2025-02-25,North,Apparel,Online,Consumer,SKU-1108,3,70.43,0.0,211.29,False,promo code applied
2026-04-12,Central,Toys,Marketplace,Consumer,SKU-1099,10,43.44,0.15,369.24,False,
2025-12-08,North,Electronics,Retail Store,SMB,SKU-1057,10,120.81,0.05,1147.7,True,expedited shipping requested
2026-04-06,North,Books,Retail Store,SMB,SKU-1105,8,81.84,0.1,589.25,False,
2025-01-21,West,Sports,Online,SMB,SKU-1029,5,61.77,0.15,262.52,True,bulk order
2025-01-17,West,Home & Kitchen,Online,Consumer,SKU-1115,6,46.12,0.15,235.21,True,
2026-02-03,Central,Apparel,Retail Store,SMB,SKU-1008,11,35.11,0.1,347.59,False,
2025-10-27,East,Apparel,Retail Store,SMB,SKU-1078,4,81.81,0.0,327.24,True,
2025-12-02,East,Electronics,Online,Consumer,SKU-1028,2,84.33,0.0,168.66,False,
2025-03-14,North,Home & Kitchen,Partner,Consumer,SKU-1068,3,54.8,0.1,147.96,False,
2025-09-14,Central,Sports,Online,SMB,SKU-1116,7,76.49,0.0,535.43,False,expedited shipping requested
2025-12-01,West,Home & Kitchen,Online,Enterprise,SKU-1054,4,130.21,0.2,416.67,True,first-time customer
2025-09-24,North,Electronics,Online,Enterprise,SKU-1050,1,55.48,0.15,47.16,True,first-time customer
2025-02-06,South,Apparel,Online,Consumer,SKU-1051,7,27.02,0.2,151.31,False,
2026-04-23,East,Books,Online,Consumer,SKU-1060,11,77.4,0.0,851.4,True,first-time customer
2025-05-27,West,Home & Kitchen,Online,SMB,SKU-1080,7,18.61,0.0,130.27,False,
2026-05-23,South,Sports,Online,Consumer,SKU-1057,5,97.09,0.0,485.45,False,
2025-05-02,North,Electronics,Partner,Consumer,SKU-1033,4,49.51,0.1,178.24,False,
2026-05-20,West,Electronics,Marketplace,SMB,SKU-1113,7,102.73,0.0,719.11,False,promo code applied
2026-01-30,North,Home & Kitchen,Online,Consumer,SKU-1043,3,48.44,0.0,145.32,False,first-time customer
2026-02-21,West,Electronics,Partner,Consumer,SKU-1101,7,52.35,0.2,293.16,False,gift wrap
2025-06-23,East,Electronics,Retail Store,SMB,SKU-1060,4,205.48,0.15,698.63,False,
2024-12-28,West,Sports,Online,Consumer,SKU-1032,6,28.77,0.15,146.73,False,expedited shipping requested
2025-10-14,North,Sports,Marketplace,Consumer,SKU-1118,2,40.53,0.0,81.06,False,first-time customer
2025-03-11,West,Electronics,Online,Consumer,SKU-1101,1,33.83,0.0,33.83,True,
2025-09-01,East,Home & Kitchen,Online,Consumer,SKU-1094,1,37.89,0.1,34.1,True,
2026-04-22,South,Sports,Online,SMB,SKU-1029,10,49.39,0.0,493.9,True,bulk order
2025-05-12,East,Home & Kitchen,Marketplace,SMB,SKU-1038,2,22.72,0.1,40.9,False,bulk order
2026-05-22,North,Sports,Online,Consumer,SKU-1021,8,20.31,0.0,162.48,True,
2025-03-11,North,Home & Kitchen,Partner,Consumer,SKU-1045,9,91.18,0.05,779.59,False,expedited shipping requested
2025-11-08,South,Books,Retail Store,Consumer,SKU-1032,4,108.64,0.15,369.38,True,
2025-07-25,East,Electronics,Retail Store,Consumer,SKU-1071,11,20.86,0.05,217.99,False,
2026-01-24,East,Apparel,Marketplace,SMB,SKU-1076,1,51.3,0.0,51.3,False,expedited shipping requested
2025-05-20,East,Electronics,Online,Consumer,SKU-1014,5,90.74,0.0,453.7,True,promo code applied
2025-11-26,East,Toys,Partner,Consumer,SKU-1080,1,65.68,0.1,59.11,False,
2025-07-28,South,Home & Kitchen,Partner,Consumer,SKU-1013,10,126.15,0.0,1261.5,False,gift wrap
2025-04-25,West,Home & Kitchen,Online,SMB,SKU-1106,7,62.57,0.2,350.39,True,
2025-04-15,West,Home & Kitchen,Marketplace,Consumer,SKU-1047,4,64.52,0.2,206.46,True,gift wrap
2025-07-25,North,Home & Kitchen,Retail Store,Consumer,SKU-1060,10,132.43,0.05,1258.08,True,
2025-08-25,West,Electronics,Online,Consumer,SKU-1054,9,42.71,0.0,384.39,False,
2025-06-26,Central,Home & Kitchen,Online,Consumer,SKU-1095,2,48.33,0.0,96.66,True,bulk order
2025-10-11,East,Electronics,Online,Consumer,SKU-1066,2,66.56,0.1,119.81,False,
2025-06-02,East,Apparel,Marketplace,Consumer,SKU-1056,6,46.55,0.2,223.44,True,
2026-05-16,South,Books,Online,Consumer,SKU-1006,10,27.11,0.2,216.88,False,
2025-04-24,South,Apparel,Online,Consumer,SKU-1074,4,94.02,0.15,319.67,True,
2025-05-29,North,Electronics,Partner,Consumer,SKU-1021,3,29.02,0.15,74.0,False,
2025-08-22,Central,Books,Retail Store,Consumer,SKU-1107,10,96.19,0.0,961.9,True,first-time customer
2026-05-16,North,Home & Kitchen,Retail Store,Consumer,SKU-1114,6,98.58,0.0,591.48,False,expedited shipping requested
2025-03-05,Central,Books,Retail Store,SMB,SKU-1095,11,47.53,0.0,522.83,True,
2025-04-15,Central,Home & Kitchen,Partner,Consumer,SKU-1034,6,45.18,0.0,271.08,True,
2025-12-10,Central,Home & Kitchen,Marketplace,Consumer,SKU-1083,1,70.46,0.0,70.46,False,expedited shipping requested
2026-05-13,West,Electronics,Marketplace,SMB,SKU-1056,9,77.43,0.05,662.03,False,first-time customer
2026-05-19,South,Home & Kitchen,Partner,Enterprise,SKU-1052,11,24.47,0.0,269.17,False,promo code applied
2025-06-19,Central,Electronics,Online,Consumer,SKU-1092,5,15.68,0.15,66.64,True,promo code applied
2025-04-27,East,Apparel,Marketplace,Consumer,SKU-1083,7,124.57,0.2,697.59,False,gift wrap
2025-05-07,Central,Sports,Partner,Consumer,SKU-1015,1,20.21,0.0,20.21,False,first-time customer
2025-02-24,West,Electronics,Partner,Consumer,SKU-1082,6,33.07,0.0,198.42,True,
2024-12-06,Central,Sports,Online,Consumer,SKU-1081,10,36.75,0.0,367.5,False,bulk order
2025-11-05,Central,Apparel,Marketplace,Consumer,SKU-1035,2,58.98,0.0,117.96,True,
2026-03-29,South ,Home & Kitchen,Online,SMB,SKU-1058,5,48.2,0.15,204.85,True,
2026-04-06,South,Home & Kitchen,Online,SMB,SKU-1065,9,63.05,0.15,482.33,True,bulk order
2025-09-25,North,Books,Online,SMB,SKU-1078,3,25.52,0.1,68.9,False,
2025-11-15,South,Apparel,Retail Store,Consumer,SKU-1065,4,28.09,0.0,112.36,False,
2025-10-22,South,Apparel,Marketplace,Consumer,SKU-1084,2,161.86,0.15,275.16,True,
2025-06-13,East,Apparel,Online,Consumer,SKU-1042,1,14.83,0.15,12.61,False,promo code applied
2025-02-09,Central,Apparel,Online,Consumer,SKU-1016,11,91.26,0.1,903.47,False,promo code applied
2026-02-26,East,Electronics,Retail Store,Consumer,SKU-1041,6,90.49,0.0,542.94,True,gift wrap
2025-11-01,East,Electronics,Online,SMB,SKU-1053,10,17.54,0.0,175.4,False,
2025-04-11,Central,Toys,Online,Consumer,SKU-1108,2,45.85,0.0,91.7,False,expedited shipping requested
2026-04-01,East,Books,Retail Store,Consumer,SKU-1019,6,92.26,0.05,525.88,False,
2026-02-13,South,Home & Kitchen,Online,Consumer,SKU-1098,7,30.15,0.1,189.94,False,
2026-01-31,Central,Sports,Online,Enterprise,SKU-1113,10,80.95,0.0,809.5,False,
2025-06-10,South,Electronics,Online,Consumer,SKU-1026,7,15.21,0.05,101.15,False,
2026-02-02,South,Toys,Online,Consumer,SKU-1028,7,94.93,0.1,598.06,False,promo code applied
2025-08-05,North,Apparel,Partner,SMB,SKU-1113,4,79.81,0.0,319.24,True,
2025-01-15,South,Electronics,Online,Consumer,SKU-1062,3,55.78,0.0,167.34,False,bulk order
2026-02-13,East,Electronics,Online,Consumer,SKU-1049,3,47.69,0.1,128.76,False,bulk order
2025-03-19,Central,Home & Kitchen,Online,Enterprise,SKU-1116,5,18.19,0.0,90.95,False,bulk order
2026-01-25,West,Apparel,Retail Store,SMB,SKU-1084,7,51.77,0.0,362.39,False,
2026-01-26,East,Toys,Retail Store,Consumer,SKU-1044,6,32.54,0.15,165.95,False,
2024-12-12,East,Electronics,Partner,Consumer,SKU-1035,5,30.09,0.0,150.45,False,
2025-03-06,Central,Toys,Online,SMB,SKU-1117,8,14.87,0.0,118.96,True,gift wrap
2025-05-02,West,Home & Kitchen,Retail Store,Consumer,SKU-1080,11,41.58,0.05,434.51,True,
2025-05-17,North,Home & Kitchen,Partner,Consumer,SKU-1063,4,77.83,0.1,280.19,True,expedited shipping requested
2026-03-12,West,Apparel,Retail Store,Consumer,SKU-1097,6,85.28,0.1,460.51,False,promo code applied
2026-01-14,West,Electronics,Online,Enterprise,SKU-1031,8,101.03,0.15,687.0,False,
2025-02-26,West,Home & Kitchen,Retail Store,SMB,SKU-1054,11,40.43,0.0,444.73,True,gift wrap
2025-11-24,South,Books,Online,Enterprise,SKU-1032,10,46.25,0.0,462.5,False,first-time customer
2025-02-03,East,Books,Marketplace,Consumer,SKU-1045,11,24.22,0.05,253.1,False,expedited shipping requested
2025-03-22,South,Electronics,Online,Consumer,SKU-1061,5,,0.0,183.85,True,bulk order
2025-12-24,North,Electronics,Partner,SMB,SKU-1015,3,20.55,0.0,61.65,False,
2026-04-08,North,Books,Marketplace,Consumer,SKU-1040,1,69.19,0.0,69.19,False,
2026-03-24,South,Electronics,Online,Enterprise,SKU-1050,1,13.74,0.15,11.68,False,expedited shipping requested
2026-03-14,West,Electronics,Retail Store,Consumer,SKU-1057,9,18.67,0.0,168.03,True,gift wrap
2025-08-29,North,Toys,Partner,Consumer,SKU-1072,7,107.68,0.05,716.07,True,
2025-01-25,Central,Apparel,Marketplace,Consumer,SKU-1077,4,80.98,0.1,291.53,True,
2025-09-06,East,Sports,Retail Store,SMB,SKU-1096,6,91.68,0.1,495.07,True,first-time customer
2026-02-01,South,Home & Kitchen,Marketplace,Consumer,SKU-1113,5,90.18,0.0,450.9,False,bulk order
2025-05-07,West,Electronics,Retail Store,Consumer,SKU-1040,4,43.27,0.0,173.08,False,
2025-02-07,East,Home & Kitchen,Marketplace,SMB,SKU-1103,11,34.12,0.0,375.32,True,bulk order
2025-10-14,South,Apparel,Partner,SMB,SKU-1062,4,115.52,0.2,369.66,False,bulk order
2024-12-04,North,Sports,Online,SMB,SKU-1118,3,,0.0,150.96,True,
2025-01-02,South,Books,Online,SMB,SKU-1087,11,,0.05,474.12,False,first-time customer
2025-08-26,West,Electronics,Online,Consumer,SKU-1042,1,26.49,0.1,23.84,False,
2025-02-04,North,Electronics,Partner,SMB,SKU-1003,11,120.58,0.1,1193.74,True,bulk order
2026-03-12,Central,Toys,Online,Consumer,SKU-1060,8,19.97,0.0,159.76,True,bulk order
2025-03-07,South,Home & Kitchen,Marketplace,SMB,SKU-1119,5,54.97,0.05,261.11,True,
2026-04-24,South,Electronics,Online,Consumer,SKU-1058,9,44.41,0.2,319.75,True,
2025-10-29,West,Home & Kitchen,Partner,Consumer,SKU-1096,11,94.24,0.2,829.31,True,
2026-02-09,Central,Home & Kitchen,Online,Consumer,SKU-1006,9,,0.1,504.87,False,
2025-02-21,South,Sports,Online,SMB,SKU-1093,4,117.56,0.0,470.24,False,first-time customer
2024-12-25,West,Electronics,Online,Consumer,SKU-1011,10,39.17,0.1,352.53,True,
2025-01-18,South,Electronics,Online,Consumer,SKU-1075,2,35.81,0.15,60.88,False,bulk order
2025-04-01,West,Home & Kitchen,Online,Consumer,SKU-1091,6,140.18,0.0,841.08,True,
2024-12-12,West,Apparel,Online,Consumer,SKU-1039,10,50.3,0.0,503.0,False,
2024-12-18,Central,Home & Kitchen,Marketplace,Consumer,SKU-1103,11,26.58,0.0,292.38,False,bulk order
2025-01-14,South,Books,Retail Store,Consumer,SKU-1054,1,145.94,0.15,124.05,True,bulk order
2026-03-12,West,Electronics,Retail Store,Consumer,SKU-1035,2,93.93,0.15,159.68,False,bulk order
2025-08-01,Central,Electronics,Marketplace,Consumer,SKU-1080,1,14.48,0.0,14.48,False,
2025-04-06,East,Sports,Online,SMB,SKU-1090,10,51.34,0.15,436.39,False,bulk order
2025-09-30,North,Sports,Retail Store,SMB,SKU-1061,8,39.22,0.0,313.76,False,first-time customer
2025-11-08,South,Sports,Retail Store,Consumer,SKU-1053,11,70.64,0.0,777.04,True,
2026-05-19,North,Electronics,Partner,Consumer,SKU-1013,5,69.91,0.0,349.55,True,
2026-02-26,East,Apparel,Online,Consumer,SKU-1034,4,29.17,0.05,110.85,True,promo code applied
2025-09-01,West,Home & Kitchen,Online,SMB,SKU-1037,1,48.21,0.05,45.8,False,gift wrap
2025-05-31,Central,Home & Kitchen,Marketplace,Consumer,SKU-1010,3,213.79,0.05,609.3,False,gift wrap
2025-03-14,South,Toys,Online,Consumer,SKU-1073,4,77.99,0.0,311.96,False,bulk order
2025-03-27,West,Home & Kitchen,Retail Store,Consumer,SKU-1093,11,53.17,0.05,555.63,True,bulk order
2026-03-18,East,Apparel,Marketplace,SMB,SKU-1064,6,85.71,0.0,514.26,True,first-time customer
2025-03-30,West,Sports,Online,Consumer,SKU-1034,7,8.45,0.05,56.19,False,
2024-12-30,East,Toys,Partner,Enterprise,SKU-1093,2,79.97,0.2,127.95,False,
2024-12-18,Central,Home & Kitchen,Marketplace,SMB,SKU-1022,10,57.04,0.05,541.88,False,
2025-09-18,East,Electronics,Partner,Consumer,SKU-1006,8,128.25,0.0,1026.0,False,first-time customer
2026-01-06,South,Electronics,Online,SMB,SKU-1052,11,70.77,0.05,739.55,False,
2026-03-02,North,Toys,Retail Store,Enterprise,SKU-1093,7,59.68,0.05,396.87,False,
2025-09-25,East,Electronics,Online,SMB,SKU-1048,5,40.2,0.05,190.95,True,expedited shipping requested
2025-01-02,North,Home & Kitchen,Online,Consumer,SKU-1076,3,19.41,0.15,49.5,False,expedited shipping requested
2025-01-21,North,Electronics,Online,SMB,SKU-1048,8,37.89,0.1,272.81,False,
2025-12-29,South,Home & Kitchen,Online,Consumer,SKU-1114,9,60.77,0.0,546.93,False,
2026-05-20,South,Apparel,Online,Consumer,SKU-1080,4,72.49,0.0,289.96,False,
2025-06-21,West,Apparel,Partner,Consumer,SKU-1057,10,30.43,0.0,304.3,False,first-time customer
2026-02-05,South,Electronics,Online,Consumer,SKU-1036,10,35.23,0.1,317.07,True,expedited shipping requested
2026-03-08,North,Home & Kitchen,Marketplace,Consumer,SKU-1036,8,23.96,0.1,172.51,False,
2026-01-27,North,Sports,Marketplace,SMB,SKU-1039,8,217.66,0.15,1480.09,False,
2026-03-09,North,Apparel,Online,Consumer,SKU-1080,9,43.7,0.0,393.3,False,
2025-02-08,East,Books,Retail Store,Consumer,SKU-1031,5,97.55,0.05,463.36,False,first-time customer
2025-09-06,West,Home & Kitchen,Online,Consumer,SKU-1059,6,76.44,0.2,366.91,False,
2026-04-03,West,Sports,Marketplace,SMB,SKU-1089,5,96.69,0.0,483.45,True,
2026-02-27,North,Home & Kitchen,Retail Store,Consumer,SKU-1054,3,34.55,0.05,98.47,False,
2025-01-31,South,Books,Marketplace,Consumer,SKU-1013,7,124.67,0.1,785.42,False,gift wrap
2025-01-30,East,Books,Marketplace,SMB,SKU-1111,9,38.08,0.0,342.72,True,gift wrap
2025-12-31,South,Books,Partner,Enterprise,SKU-1069,7,57.7,0.0,403.9,False,
2026-04-15,Central,Sports,Retail Store,Enterprise,SKU-1112,2,68.18,0.2,109.09,False,
2025-02-11,Central,Apparel,Online,Consumer,SKU-1061,4,22.37,0.0,89.48,False,first-time customer
2025-12-25,Central,Sports,Retail Store,Consumer,SKU-1004,7,82.3,0.2,460.88,False,first-time customer
2026-03-28,West,Electronics,Online,Consumer,SKU-1009,4,43.48,0.0,173.92,False,bulk order
2025-06-16,North,Apparel,Retail Store,Consumer,SKU-1014,5,61.58,0.0,307.9,True,
2026-01-31,West,Books,Online,Consumer,SKU-1003,8,53.52,0.0,428.16,False,
2025-01-16,Central,Electronics,Online,Enterprise,SKU-1033,6,40.29,0.0,241.74,True,first-time customer
2025-05-09,South,Home & Kitchen,Online,SMB,SKU-1081,2,11.86,0.1,21.35,False,gift wrap
2025-06-14,East,Toys,Marketplace,Consumer,SKU-1054,5,33.07,0.0,165.35,False,
2025-04-11,West,Apparel,Marketplace,Consumer,SKU-1041,11,33.12,0.15,309.67,False,
2025-09-14,East,Electronics,Online,SMB,SKU-1081,9,37.5,0.0,337.5,False,
2026-03-30,North,Sports,Online,Consumer,SKU-1078,6,67.36,0.0,404.16,True,
2025-07-25,East,Sports,Online,Enterprise,SKU-1115,10,24.99,0.1,224.91,True,first-time customer
2025-09-15,North,Electronics,Online,Consumer,SKU-1005,1,21.15,0.0,21.15,False,
2025-09-24,East,Toys,Retail Store,Consumer,SKU-1075,3,132.63,0.0,397.89,True,promo code applied
2026-01-13,North,Apparel,Online,Enterprise,SKU-1024,4,,0.1,548.53,False,promo code applied
2026-04-05,Central,Sports,Online,Consumer,SKU-1075,8,87.9,0.0,703.2,False,gift wrap
2025-01-02,West,Books,Retail Store,SMB,SKU-1084,5,132.44,0.15,562.87,True,
2025-02-18,Central,Apparel,Retail Store,Consumer,SKU-1104,7,113.47,0.0,794.29,False,expedited shipping requested
2026-02-25,South,Home & Kitchen,Online,Consumer,SKU-1023,3,18.77,0.0,56.31,False,bulk order
2026-04-04,Central,Books,Retail Store,Consumer,SKU-1085,7,100.24,0.2,561.34,True,promo code applied
2026-05-15,East,Home & Kitchen,Online,Consumer,SKU-1093,9,167.85,0.1,1359.58,False,
2025-06-22,North,Books,Online,Consumer,SKU-1096,8,82.25,0.15,559.3,True,
2026-04-21,South,Electronics,Online,SMB,SKU-1075,3,176.71,0.0,530.13,True,first-time customer
2026-04-21,North,Apparel,Retail Store,SMB,SKU-1049,8,83.8,0.2,536.32,False,
2025-03-26,South,Electronics,Retail Store,Consumer,SKU-1099,6,16.08,0.0,96.48,False,bulk order
2026-05-07,North,Apparel,Retail Store,Enterprise,SKU-1022,10,94.11,0.2,752.88,True,
2025-02-08,West,Sports,Online,SMB,SKU-1096,10,64.67,0.2,517.36,False,promo code applied
2026-01-22,West,Sports,Online,SMB,SKU-1113,9,93.68,0.05,800.96,False,
2025-12-29,East,Electronics,Retail Store,Consumer,SKU-1058,10,87.57,0.1,788.13,True,expedited shipping requested
2025-08-28,South,Books,Retail Store,Consumer,SKU-1072,4,16.41,0.1,59.08,True,
2025-10-11,West,Apparel,Online,Enterprise,SKU-1000,1,23.59,0.1,21.23,False,
2026-04-02,Central,Apparel,Marketplace,Consumer,SKU-1102,2,75.96,0.0,151.92,True,
2025-12-26,South,Books,Online,Enterprise,SKU-1101,1,20.84,0.0,20.84,True,promo code applied
2025-10-11,West,Apparel,Online,Consumer,SKU-1000,2,75.7,0.0,151.4,True,
2025-01-16,East,Apparel,Online,Consumer,SKU-1105,8,138.43,0.05,1052.07,True,
2024-12-21,North,Apparel,Retail Store,Consumer,SKU-1027,6,91.6,0.0,549.6,True,promo code applied
2025-12-06,North,Apparel,Online,Consumer,SKU-1092,1,34.03,0.1,30.63,False,gift wrap
2025-02-10,South,Toys,Online,SMB,SKU-1094,1,115.21,0.1,103.69,True,gift wrap
2025-07-21,West,Books,Marketplace,Consumer,SKU-1062,11,144.26,0.1,1428.17,True,bulk order
2026-01-16,South,Apparel,Online,Consumer,SKU-1055,9,55.29,0.2,398.09,True,
2026-03-06,East,Books,Retail Store,Consumer,SKU-1000,10,36.92,0.0,369.2,True,
2026-01-12,West,Books,Online,Consumer,SKU-1093,6,45.13,0.1,243.7,True,promo code applied
2025-12-14,West,Apparel,Marketplace,Enterprise,SKU-1115,7,36.09,0.15,214.74,True,expedited shipping requested
2026-03-29,Central,Sports,Retail Store,SMB,SKU-1095,9,140.7,0.1,1139.67,False,
2025-12-15,West,Electronics,Online,SMB,SKU-1023,2,29.35,0.2,46.96,False,
2026-01-19,North,Sports,Online,Consumer,SKU-1074,2,17.65,0.1,31.77,False,
2025-07-04,West,Toys,Online,Consumer,SKU-1010,10,29.64,0.15,251.94,False,
2025-10-16,South,Home & Kitchen,Online,Consumer,SKU-1043,1,129.46,0.1,116.51,True,
2025-08-31,South,Electronics,Online,Consumer,SKU-1027,4,51.42,0.1,185.11,False,
2026-05-06,North,Electronics,Online,Consumer,SKU-1047,1,101.61,0.15,86.37,True,
2025-01-01,West,Electronics,Retail Store,Consumer,SKU-1031,6,45.12,0.0,270.72,False,gift wrap
2025-05-07,North,Apparel,Partner,SMB,SKU-1002,2,7.49,0.0,14.98,False,
2026-01-14,West,Electronics,Partner,SMB,SKU-1020,3,81.72,0.15,208.39,False,
2025-01-16,West,Home & Kitchen,Online,Consumer,SKU-1028,7,14.47,0.1,91.16,False,
2025-08-25,Central,Home & Kitchen,Online,Consumer,SKU-1067,3,,0.2,61.85,False,bulk order
2025-04-17,East,Apparel,Partner,SMB,SKU-1086,5,39.85,0.0,199.25,True,
2026-03-07,Central,Electronics,Online,SMB,SKU-1056,11,10.74,0.05,112.23,False,expedited shipping requested
2026-02-19,West,Apparel,Online,Consumer,SKU-1021,11,31.97,0.0,351.67,False,
2025-03-15,Central,Electronics,Online,Consumer,SKU-1064,6,63.13,0.15,321.96,False,
2025-11-22,Central,Toys,Online,Consumer,SKU-1035,7,60.39,0.0,422.73,True,gift wrap
2025-11-14,East,Toys,Marketplace,Consumer,SKU-1092,4,37.24,0.05,141.51,True,gift wrap
2025-03-27,East,Books,Online,Consumer,SKU-1065,11,71.3,0.05,745.08,True,
2026-01-19,South,Electronics,Retail Store,Consumer,SKU-1006,9,,0.0,357.3,True,gift wrap
2025-10-09,South,Home & Kitchen,Online,Consumer,SKU-1041,6,62.28,0.2,298.94,False,
2026-02-16,Central,Electronics,Retail Store,Consumer,SKU-1022,6,72.17,0.0,433.02,False,gift wrap
2025-04-10,South,Books,Online,Consumer,SKU-1096,2,53.16,0.15,90.37,False,
2025-08-06,West,Electronics,Online,Consumer,SKU-1051,3,41.35,0.0,124.05,True,
2025-04-24,Central,Toys,Online,Consumer,SKU-1069,4,56.87,0.05,216.11,True,bulk order
2024-12-23,East,Sports,Online,SMB,SKU-1044,7,28.03,0.0,196.21,False,promo code applied
2025-06-22,East,Apparel,Online,Consumer,SKU-1049,10,34.01,0.15,289.08,True,
2025-10-23,South,Home & Kitchen,Retail Store,SMB,SKU-1065,2,14.7,0.0,29.4,False,
2026-01-10,Central,Apparel,Online,SMB,SKU-1044,2,82.52,0.0,165.04,False,gift wrap
2026-01-26,West,Apparel,Online,SMB,SKU-1111,10,32.02,0.0,320.2,False,
2025-02-14,Central,Books,Online,Consumer,SKU-1095,1,29.73,0.0,29.73,False,
2024-12-02,West,Electronics,Partner,Consumer,SKU-1048,10,19.99,0.05,189.9,False,
2025-10-02,South,Apparel,Online,SMB,SKU-1063,5,86.61,0.0,433.05,False,gift wrap
2025-05-10,North,Electronics,Partner,Consumer,SKU-1029,3,76.48,0.0,229.44,False,
2025-10-19,Central,Apparel,Online,Consumer,SKU-1009,9,48.3,0.2,347.76,False,gift wrap
2025-08-26,North,Books,Retail Store,SMB,SKU-1069,6,43.98,0.0,263.88,True,
2025-07-08,East,Electronics,Online,Enterprise,SKU-1031,3,60.72,0.1,163.94,False,
2024-12-13,South,Books,Marketplace,Consumer,SKU-1066,8,17.72,0.0,141.76,True,promo code applied
2026-03-17,East,Books,Online,Consumer,SKU-1004,1,64.03,0.0,64.03,False,
2026-05-05,East,Electronics,Retail Store,Consumer,SKU-1085,2,32.01,0.2,51.22,False,
2025-05-16,Central,Toys,Online,SMB,SKU-1051,3,102.43,0.0,307.29,True,
2026-04-03,North,Books,Online,SMB,SKU-1106,7,99.24,0.1,625.21,False,
2025-07-24,South,Toys,Online,Consumer,SKU-1026,2,16.87,0.15,28.68,False,
2024-12-04,South,Electronics,Online,Consumer,SKU-1029,5,151.4,0.0,757.0,True,promo code applied
2024-12-22,East,Electronics,Partner,Consumer,SKU-1036,10,35.97,0.0,359.7,False,
2026-05-13,West,Electronics,Online,Enterprise,SKU-1004,2,31.95,0.0,63.9,True,promo code applied
2026-03-05,Central,Electronics,Retail Store,SMB,SKU-1007,6,105.68,0.2,507.26,True,
2025-06-25,East,Electronics,Partner,Consumer,SKU-1014,7,90.91,0.0,636.37,True,
2025-08-08,Central,Toys,Retail Store,SMB,SKU-1103,3,21.99,0.05,62.67,True,
2025-05-06,East,Toys,Retail Store,SMB,SKU-1059,11,58.15,0.1,575.68,False,
2025-04-14,South,Apparel,Retail Store,Consumer,SKU-1089,6,17.17,0.0,103.02,True,expedited shipping requested
2025-12-08,South,Sports,Online,SMB,SKU-1061,7,71.72,0.0,502.04,True,
2025-12-01,North,Apparel,Partner,Enterprise,SKU-1056,2,59.69,0.1,107.44,False,first-time customer
2026-04-20,Central,Toys,Online,Consumer,SKU-1119,7,36.95,0.1,232.79,False,gift wrap
2026-02-05,West,Sports,Online,Consumer,SKU-1095,1,98.31,0.1,88.48,False,
2026-02-04,East,Toys,Retail Store,Consumer,SKU-1098,7,82.86,0.0,580.02,False,
2025-01-05,North,Toys,Online,Consumer,SKU-1111,3,60.08,0.2,144.19,True,expedited shipping requested
2025-09-24,South,Electronics,Partner,Consumer,SKU-1092,7,64.67,0.0,452.69,True,
2025-04-13,West,Home & Kitchen,Online,Consumer,SKU-1056,2,45.68,0.1,82.22,False,first-time customer
2025-02-16,Central,Electronics,Online,SMB,SKU-1068,2,53.15,0.2,85.04,True,
2025-06-01,North,Apparel,Online,Consumer,SKU-1057,6,42.0,0.2,201.6,True,gift wrap
2025-06-13,South,Electronics,Online,Enterprise,SKU-1034,8,29.38,0.0,235.04,False,
2025-11-21,South,Electronics,Online,Consumer,SKU-1013,3,28.81,0.2,69.14,False,
2025-11-10,Central,Sports,Retail Store,Consumer,SKU-1044,6,39.33,0.2,188.78,False,
2025-05-28,South,Electronics,Partner,Consumer,SKU-1119,1,93.88,0.05,89.19,True,
2026-01-14,South,Home & Kitchen,Marketplace,Consumer,SKU-1005,5,30.92,0.05,146.87,False,expedited shipping requested
2025-11-01,North,Electronics,Retail Store,SMB,SKU-1002,5,70.11,0.05,333.02,True,bulk order
2026-02-04,East,Electronics,Online,SMB,SKU-1073,1,127.16,0.15,108.09,True,gift wrap
2026-02-12,North,Sports,Retail Store,Consumer,SKU-1064,9,25.34,0.15,193.85,False,promo code applied
2025-05-13,South,Toys,Marketplace,Consumer,SKU-1074,8,57.64,0.1,415.01,False,
2025-12-27,Central,Toys,Marketplace,Enterprise,SKU-1062,11,92.21,0.0,1014.31,False,
2025-01-12,East,Apparel,Online,Consumer,SKU-1100,1,28.59,0.2,22.87,False,
2025-12-06,West,Toys,Retail Store,Consumer,SKU-1083,1,80.03,0.2,64.02,False,expedited shipping requested
2025-10-22,Central,Electronics,Marketplace,SMB,SKU-1044,4,135.43,0.0,541.72,False,expedited shipping requested
2025-04-04,West,Apparel,Online,Consumer,SKU-1012,5,36.84,0.0,184.2,True,expedited shipping requested
2025-03-09,East,Electronics,Online,Consumer,SKU-1005,9,22.61,0.0,203.49,True,gift wrap
2025-02-04,East,Electronics,Retail Store,Consumer,SKU-1019,4,129.99,0.0,519.96,False,promo code applied
2025-06-14,West,Sports,Retail Store,SMB,SKU-1072,3,26.12,0.05,74.44,False,
2025-12-03,South,Apparel,Partner,SMB,SKU-1085,10,43.98,0.1,395.82,True,first-time customer
2025-12-11,South,Apparel,Online,SMB,SKU-1061,11,42.68,0.05,446.01,False,first-time customer
2026-05-03,North,Apparel,Marketplace,Consumer,SKU-1062,2,107.62,0.0,215.24,True,bulk order
2026-02-24,Central,Toys,Online,Consumer,SKU-1045,8,43.65,0.05,331.74,True,first-time customer
2025-03-12,Central,Sports,Retail Store,SMB,SKU-1111,8,10.22,0.0,81.76,False,
2025-06-30,West,Home & Kitchen,Online,SMB,SKU-1087,4,67.84,0.0,271.36,True,expedited shipping requested
2024-12-01,North,Electronics,Partner,Consumer,SKU-1078,2,43.16,0.1,77.69,False,first-time customer
2025-06-15,South,Toys,Online,SMB,SKU-1040,10,71.07,0.1,639.63,False,
2025-03-23,West,Apparel,Online,Consumer,SKU-1095,3,78.92,0.15,201.25,True,first-time customer
2025-01-01,South,Sports,Retail Store,SMB,SKU-1086,8,42.62,0.0,340.96,False,first-time customer
2025-09-18,Central,Home & Kitchen,Partner,Consumer,SKU-1110,5,79.06,0.15,336.0,True,
2026-02-01,East,Electronics,Online,Consumer,SKU-1003,10,62.98,0.2,503.84,False,expedited shipping requested
2026-01-18,East,Electronics,Partner,Consumer,SKU-1092,10,57.53,0.0,575.3,False,
2025-08-28,North,Sports,Online,Consumer,SKU-1067,3,38.84,0.1,104.87,True,first-time customer
2025-02-27,Central,Home & Kitchen,Online,SMB,SKU-1057,6,52.18,0.2,250.46,False,gift wrap
2025-08-25,East,Apparel,Online,Consumer,SKU-1102,10,21.43,0.0,214.3,False,expedited shipping requested
2026-03-17,South,Toys,Online,SMB,SKU-1102,1,48.05,0.2,38.44,True,
2024-12-22,West,Apparel,Online,Consumer,SKU-1082,7,98.38,0.0,688.66,True,
2025-06-28,East,Electronics,Online,SMB,SKU-1024,10,26.66,0.05,253.27,True,bulk order
2026-04-11,South,Electronics,Partner,Consumer,SKU-1118,3,25.76,0.15,65.69,True,promo code applied
2025-08-20,West,Home & Kitchen,Online,Enterprise,SKU-1085,9,23.79,0.2,171.29,False,
2025-01-18,Central,Apparel,Online,Enterprise,SKU-1038,9,63.1,0.0,567.9,True,
2025-06-17,West,Apparel,Online,Consumer,SKU-1016,9,23.47,0.05,200.67,False,
2025-10-10,North,Sports,Online,Consumer,SKU-1093,7,82.68,0.15,491.95,True,
2026-03-20,East,Home & Kitchen,Online,SMB,SKU-1070,6,74.98,0.2,359.9,False,
2025-02-10,East,Home & Kitchen,Marketplace,Consumer,SKU-1087,5,39.4,0.0,197.0,False,promo code applied
2025-12-12,Central,Apparel,Partner,Consumer,SKU-1028,2,70.1,0.1,126.18,True,
2025-12-03,North,Electronics,Retail Store,Consumer,SKU-1065,10,36.07,0.2,288.56,False,gift wrap
2025-10-27,Central,Apparel,Online,SMB,SKU-1119,1,66.23,0.1,59.61,False,bulk order
2025-08-06,North,Electronics,Online,Enterprise,SKU-1070,2,36.59,0.0,73.18,False,
2025-08-17,South,Apparel,Online,Enterprise,SKU-1077,8,24.34,0.0,194.72,False,
2026-04-22,West,Books,Online,SMB,SKU-1065,4,56.47,0.0,225.88,False,
2026-03-26,Central,Toys,Online,Consumer,SKU-1058,2,38.55,0.0,77.1,False,
2026-01-28,East,Toys,Online,Enterprise,SKU-1115,9,35.83,0.0,322.47,False,
2026-02-11,South,Sports,Partner,Consumer,SKU-1101,2,44.91,0.0,89.82,True,
2025-01-09,East,Apparel,Online,Consumer,SKU-1031,4,69.68,0.0,278.72,True,expedited shipping requested
2025-08-10,South ,Sports,Retail Store,SMB,SKU-1047,2,142.26,0.0,284.52,True,promo code applied
2026-03-25,North,Books,Marketplace,Consumer,SKU-1106,11,81.8,0.15,764.83,False,
2025-05-09,West,Apparel,Online,Consumer,SKU-1014,2,92.18,0.0,184.36,True,promo code applied
2025-11-27,West,Apparel,Online,Consumer,SKU-1075,2,70.71,0.1,127.28,False,gift wrap
2025-02-24,East,Home & Kitchen,Partner,Enterprise,SKU-1067,8,30.69,0.1,220.97,False,
2025-07-30,North,Electronics,Retail Store,Consumer,SKU-1080,10,46.46,0.05,441.37,False,bulk order
2025-12-05,North,Books,Online,Consumer,SKU-1067,9,17.96,0.1,145.48,True,expedited shipping requested
2025-12-13,East,Apparel,Marketplace,Consumer,SKU-1046,4,54.58,0.0,218.32,False,
2026-02-11,South,Home & Kitchen,Online,Consumer,SKU-1074,1,160.46,0.1,144.41,False,gift wrap
2025-11-10,Central,Home & Kitchen,Online,Enterprise,SKU-1099,8,84.33,0.0,674.64,False,
2025-03-10,North,Apparel,Retail Store,Consumer,SKU-1028,9,39.88,0.0,358.92,True,
2025-05-11,East,Home & Kitchen,Retail Store,Enterprise,SKU-1082,10,75.55,0.0,755.5,False,
2026-03-04,North,Home & Kitchen,Online,SMB,SKU-1040,9,94.97,0.2,683.78,True,
2025-07-04,Central,Home & Kitchen,Retail Store,Consumer,SKU-1071,1,30.57,0.1,27.51,False,gift wrap
2025-01-26,North,Apparel,Online,Consumer,SKU-1047,5,54.15,0.0,270.75,False,gift wrap
2025-04-21,North,Apparel,Online,SMB,SKU-1110,10,52.41,0.0,524.1,False,
2025-04-25,South,Electronics,Marketplace,Enterprise,SKU-1080,6,33.44,0.05,190.61,False,expedited shipping requested
2025-11-15,South,Apparel,Retail Store,Consumer,SKU-1065,4,28.09,0.0,112.36,False,
2026-04-09,North,Home & Kitchen,Online,Consumer,SKU-1091,8,84.48,0.0,675.84,True,gift wrap
2026-04-03,West,Toys,Retail Store,Consumer,SKU-1027,9,12.21,0.15,93.41,False,
2026-05-09,North,Sports,Retail Store,Consumer,SKU-1028,1,80.08,0.05,76.08,False,
2025-11-17,North,Books,Marketplace,Consumer,SKU-1109,5,22.33,0.0,111.65,False,promo code applied
2025-08-03,Central,Sports,Online,SMB,SKU-1112,5,,0.0,504.05,False,
2025-09-08,East,Toys,Online,Enterprise,SKU-1084,5,33.4,0.0,167.0,True,first-time customer
2026-02-02,East,Home & Kitchen,Online,Consumer,SKU-1098,7,92.1,0.1,580.23,False,
2025-09-07,South,Electronics,Online,SMB,SKU-1084,6,57.23,0.0,343.38,True,
2025-09-21,East,Electronics,Partner,SMB,SKU-1044,9,84.67,0.05,723.93,False,first-time customer
2026-04-27,West,Electronics,Online,Consumer,SKU-1031,5,79.27,0.2,317.08,False,
2025-06-12,Central,Toys,Marketplace,Consumer,SKU-1036,5,50.73,0.0,253.65,True,
2025-07-25,North,Books,Retail Store,Consumer,SKU-1074,6,38.82,0.0,232.92,False,
2026-01-12,West,Books,Retail Store,SMB,SKU-1018,7,110.94,0.0,776.58,False,
2025-08-31,North,Sports,Online,Consumer,SKU-1069,7,39.26,0.15,233.6,False,first-time customer
2025-01-27,Central,Apparel,Online,Consumer,SKU-1050,10,63.73,0.0,637.3,True,
2026-05-07,East,Books,Online,Consumer,SKU-1047,3,33.89,0.05,96.59,True,first-time customer
2025-10-05,North,Apparel,Online,Consumer,SKU-1009,5,20.08,0.1,90.36,True,bulk order
2025-11-12,South,Electronics,Online,Consumer,SKU-1007,9,35.58,0.15,272.19,True,
2025-10-21,East,Books,Retail Store,SMB,SKU-1077,9,81.67,0.0,735.03,False,
2025-06-27,West,Electronics,Retail Store,Consumer,SKU-1060,6,17.65,0.0,105.9,True,first-time customer
2026-01-07,Central,Electronics,Partner,Consumer,SKU-1042,1,52.79,0.2,42.23,False,
2025-05-11,West,Books,Online,Consumer,SKU-1075,1,76.94,0.15,65.4,True,
2026-04-07,East,Home & Kitchen,Online,Consumer,SKU-1031,11,144.82,0.0,1593.02,True,first-time customer
2025-04-14,South,Electronics,Marketplace,Consumer,SKU-1107,8,43.23,0.0,345.84,False,promo code applied
2025-03-07,North,Apparel,Online,Consumer,SKU-1090,10,88.86,0.0,888.6,False,
2025-04-21,South,Home & Kitchen,Retail Store,Consumer,SKU-1118,7,36.45,0.15,216.88,False,expedited shipping requested
2026-02-13,West,Home & Kitchen,Retail Store,SMB,SKU-1027,2,61.71,0.05,117.25,True,promo code applied
2025-01-30,South,Apparel,Online,Consumer,SKU-1044,2,107.09,0.1,192.76,False,
2025-06-24,Central,Sports,Online,Consumer,SKU-1070,10,107.37,0.2,858.96,True,
2025-04-30,West,Apparel,Retail Store,SMB,SKU-1021,6,81.69,0.0,490.14,False,first-time customer
2026-02-17,South,Electronics,Retail Store,Consumer,SKU-1064,1,99.99,0.0,99.99,False,expedited shipping requested
2025-05-07,Central,Electronics,Partner,Consumer,SKU-1029,7,89.18,0.0,624.26,False,bulk order
2025-10-12,North,Electronics,Online,Consumer,SKU-1024,4,11.82,0.2,37.82,True,
2026-02-11,North,Electronics,Partner,Consumer,SKU-1078,2,24.47,0.0,48.94,True,
2025-11-04,South,Sports,Online,SMB,SKU-1012,1,37.59,0.05,35.71,False,expedited shipping requested
2024-12-10,North,Toys,Online,SMB,SKU-1083,7,130.72,0.15,777.78,True,bulk order
2026-03-02,North,Apparel,Retail Store,Consumer,SKU-1099,11,71.02,0.15,664.04,True,expedited shipping requested
2025-01-15,Central,Toys,Online,Enterprise,SKU-1109,6,39.26,0.0,235.56,True,promo code applied
2025-04-12,East,Home & Kitchen,Retail Store,Consumer,SKU-1110,11,170.02,0.15,1589.69,False,first-time customer
2025-12-01,Central,Apparel,Online,SMB,SKU-1063,7,36.33,0.05,241.59,True,
2025-10-30,West,Toys,Retail Store,SMB,SKU-1009,7,68.55,0.0,479.85,False,
2025-09-17,East,Home & Kitchen,Online,Consumer,SKU-1007,4,71.15,0.15,241.91,False,
2025-05-16,East,Home & Kitchen,Online,Consumer,SKU-1021,1,56.7,0.0,56.7,True,
2026-04-23,East,Electronics,Partner,Consumer,SKU-1054,4,49.74,0.05,189.01,False,
2026-04-22,West,Electronics,Online,SMB,SKU-1015,2,86.47,0.0,172.94,False,bulk order
2025-01-13,South,Electronics,Retail Store,Consumer,SKU-1007,1,68.53,0.05,65.1,True,bulk order
2025-09-02,West,Sports,Online,Consumer,SKU-1098,6,27.53,0.0,165.18,True,
2026-03-13,West,Home & Kitchen,Retail Store,SMB,SKU-1026,4,19.8,0.05,75.24,True,
2025-07-19,North,Sports,Partner,Consumer,SKU-1033,11,129.69,0.1,1283.93,False,
2025-02-04,East,Electronics,Online,SMB,SKU-1042,7,34.03,0.1,214.39,False,
2025-11-19,North,Home & Kitchen,Online,Consumer,SKU-1018,8,80.03,0.05,608.23,False,
2025-06-09,West,Home & Kitchen,Online,Enterprise,SKU-1107,9,113.22,0.0,1018.98,False,
2026-01-09,West,Electronics,Online,Consumer,SKU-1041,7,34.47,0.0,241.29,True,expedited shipping requested
2025-11-22,North,Home & Kitchen,Retail Store,Consumer,SKU-1117,1,63.94,0.15,54.35,False,promo code applied
2025-02-20,East,Sports,Marketplace,Consumer,SKU-1080,11,60.11,0.0,661.21,True,
2025-01-21,South,Toys,Retail Store,Consumer,SKU-1108,9,81.25,0.0,731.25,False,
2025-07-16,South,Sports,Online,SMB,SKU-1090,3,35.94,0.05,102.43,False,
2025-02-16,North,Toys,Marketplace,Enterprise,SKU-1094,2,30.44,0.0,60.88,False,
2025-08-22,South,Toys,Online,Enterprise,SKU-1011,11,75.35,0.0,828.85,False,
2025-02-04,Central,Home & Kitchen,Online,Enterprise,SKU-1047,8,25.7,0.05,195.32,False,
2025-11-27,North,Electronics,Retail Store,Consumer,SKU-1061,5,73.89,0.15,314.03,True,
2026-02-17,North,Electronics,Online,Consumer,SKU-1057,7,24.6,0.15,146.37,False,promo code applied
2025-12-23,North,Apparel,Online,Consumer,SKU-1035,3,71.52,0.0,214.56,True,gift wrap
2026-04-27,North,Home & Kitchen,Partner,Consumer,SKU-1013,8,46.79,0.1,336.89,True,
2025-11-04,West,Sports,Marketplace,SMB,SKU-1040,7,58.05,0.0,406.35,False,first-time customer
2025-07-29,Central,Home & Kitchen,Retail Store,SMB,SKU-1088,7,49.36,0.15,293.69,True,
2025-12-23,Central,Sports,Online,Consumer,SKU-1095,1,28.09,0.05,26.69,False,
2025-03-12,South,Books,Online,Consumer,SKU-1109,8,26.34,0.2,168.58,False,
2025-05-08,West,Electronics,Online,Consumer,SKU-1049,3,97.12,0.0,291.36,False,
2026-04-05,South,Electronics,Retail Store,Enterprise,SKU-1072,10,36.4,0.05,345.8,False,
2025-03-24,South,Electronics,Online,Consumer,SKU-1019,8,26.15,0.0,209.2,False,
2025-10-13,North,Books,Marketplace,Consumer,SKU-1086,2,55.6,0.0,111.2,True,
2025-07-17,North,Home & Kitchen,Marketplace,Consumer,SKU-1002,10,72.11,0.05,685.04,True,first-time customer
2026-02-06,Central,Apparel,Online,SMB,SKU-1067,11,101.2,0.2,890.56,False,promo code applied
2025-05-05,Central,Apparel,Marketplace,Consumer,SKU-1026,6,98.09,0.05,559.11,True,
2025-09-29,South,Electronics,Marketplace,Enterprise,SKU-1024,8,24.77,0.0,198.16,True,
2025-03-04,East,Apparel,Online,Consumer,SKU-1039,10,107.83,0.1,970.47,False,
2025-03-04,North,Apparel,Online,Consumer,SKU-1055,7,120.34,0.2,673.9,False,bulk order
2025-12-25,North,Books,Marketplace,SMB,SKU-1033,4,71.74,0.2,229.57,False,expedited shipping requested
2025-08-25,Central,Sports,Online,Consumer,SKU-1020,4,21.92,0.1,78.91,False,gift wrap
2026-01-18,West,Apparel,Retail Store,SMB,SKU-1060,10,152.51,0.0,1525.1,False,first-time customer
2026-03-19,South,Home & Kitchen,Online,Consumer,SKU-1016,9,9.76,0.1,79.06,False,
2025-09-10,Central,Sports,Online,Consumer,SKU-1015,10,35.36,0.2,282.88,False,promo code applied
2025-01-24,South,Books,Marketplace,Consumer,SKU-1079,9,14.29,0.2,102.89,True,
2025-06-08,North,Apparel,Marketplace,Consumer,SKU-1001,10,77.59,0.15,659.52,True,expedited shipping requested
2025-12-02,South,Sports,Marketplace,SMB,SKU-1000,8,103.53,0.1,745.42,False,expedited shipping requested
2026-02-22,West,Sports,Marketplace,SMB,SKU-1050,2,34.42,0.0,68.84,False,
2025-02-21,East,Apparel,Retail Store,SMB,SKU-1024,8,27.96,0.0,223.68,False,expedited shipping requested
2025-03-05,South,Electronics,Online,Consumer,SKU-1110,4,49.24,0.0,196.96,False,promo code applied
2025-03-10,North,Electronics,Online,Consumer,SKU-1085,9,65.73,0.1,532.41,False,promo code applied
2025-03-19,South,Apparel,Online,Consumer,SKU-1070,8,26.09,0.2,166.98,True,
2025-05-14,West,Electronics,Marketplace,Consumer,SKU-1104,11,35.4,0.2,311.52,False,bulk order
2025-08-16,North,Sports,Online,Consumer,SKU-1090,1,62.58,0.2,50.06,False,first-time customer
2025-05-23,North,Home & Kitchen,Online,SMB,SKU-1032,6,49.9,0.15,254.49,False,
2025-10-12,West,Apparel,Online,SMB,SKU-1067,1,41.42,0.0,41.42,True,
2025-01-21,North,Books,Retail Store,Consumer,SKU-1078,10,24.35,0.0,243.5,True,
2025-09-23,West,Toys,Partner,Consumer,SKU-1077,1,49.22,0.1,44.3,True,bulk order
2025-10-22,West,Electronics,Online,Consumer,SKU-1025,1,37.23,0.15,31.65,True,
2025-05-07,Central,Home & Kitchen,Online,Consumer,SKU-1010,2,80.62,0.15,137.05,False,
2025-05-10,East,Electronics,Marketplace,Consumer,SKU-1050,9,31.01,0.05,265.14,True,
2025-11-11,East,Electronics,Partner,Consumer,SKU-1089,5,108.55,0.2,434.2,True,first-time customer
2025-03-30,West,Apparel,Online,Consumer,SKU-1018,6,102.0,0.1,550.8,False,
2026-04-10,South,Toys,Online,Consumer,SKU-1094,3,68.1,0.1,183.87,True,bulk order
2024-12-26,West,Apparel,Marketplace,Consumer,SKU-1079,9,40.75,0.0,366.75,False,expedited shipping requested
2026-01-01,West,Apparel,Retail Store,Consumer,SKU-1065,3,69.39,0.0,208.17,False,gift wrap
2026-01-06,South,Home & Kitchen,Partner,Enterprise,SKU-1087,9,89.24,0.2,642.53,False,
2025-10-22,East,Apparel,Online,Consumer,SKU-1088,3,39.03,0.15,99.53,False,
2026-02-09,West,Apparel,Online,Enterprise,SKU-1007,8,35.75,0.05,271.7,True,
2025-11-26,Central,Toys,Retail Store,Consumer,SKU-1116,11,99.03,0.15,925.93,False,
2025-12-11,Central,Electronics,Online,Consumer,SKU-1001,2,57.24,0.1,103.03,True,gift wrap
2025-10-17,West,Electronics,Marketplace,Consumer,SKU-1068,5,112.28,0.0,561.4,True,
2025-12-10,Central,Apparel,Online,Enterprise,SKU-1119,10,37.21,0.0,372.1,False,
2026-03-05,South,Books,Marketplace,Consumer,SKU-1100,1,47.11,0.15,40.04,True,
2024-12-28,South,Electronics,Partner,Consumer,SKU-1026,9,7.22,0.0,64.98,False,promo code applied
2025-06-13,Central,Home & Kitchen,Online,Consumer,SKU-1038,1,,0.0,25.55,True,
2025-07-23,West,Apparel,Marketplace,SMB,SKU-1012,3,46.43,0.1,125.36,False,promo code applied
2025-12-14,South,Home & Kitchen,Retail Store,Enterprise,SKU-1107,11,13.26,0.1,131.27,False,
2026-05-03,South,Sports,Retail Store,Consumer,SKU-1046,8,46.65,0.0,373.2,False,
2025-01-31,South,Electronics,Partner,Enterprise,SKU-1118,5,117.92,0.0,589.6,False,
2025-10-25,North,Toys,Retail Store,Consumer,SKU-1048,4,38.65,0.0,154.6,False,first-time customer
2025-12-11,Central,Toys,Partner,Enterprise,SKU-1009,4,35.43,0.2,113.38,True,first-time customer
2025-12-14,Central,Sports,Marketplace,Enterprise,SKU-1088,8,61.12,0.0,488.96,False,promo code applied
2026-01-03,West,Electronics,Online,SMB,SKU-1091,5,50.87,0.15,216.2,False,bulk order
2025-01-15,Central,Toys,Online,Consumer,SKU-1025,6,68.95,0.05,393.02,False,
2025-12-04,Central,Books,Online,SMB,SKU-1008,11,44.69,0.1,442.43,True,
2025-11-01,South,Home & Kitchen,Online,SMB,SKU-1088,7,39.58,0.15,235.5,False,promo code applied
2025-05-27,Central,Books,Online,SMB,SKU-1067,1,37.19,0.0,37.19,False,bulk order
2025-05-12,North,Electronics,Partner,Consumer,SKU-1035,5,23.68,0.15,100.64,True,gift wrap
2026-03-23,Central,Home & Kitchen,Partner,Enterprise,SKU-1075,1,75.37,0.2,60.3,True,first-time customer
2026-03-19,North,Sports,Online,SMB,SKU-1074,3,113.1,0.0,339.3,True,promo code applied
2026-04-19,East,Sports,Online,Consumer,SKU-1096,7,57.49,0.2,321.94,True,
2025-07-22,North,Electronics,Retail Store,SMB,SKU-1022,6,92.77,0.1,500.96,True,first-time customer
2024-12-31,Central,Sports,Online,Consumer,SKU-1078,11,47.62,0.1,471.44,False,
2025-01-27,Central,Electronics,Retail Store,Consumer,SKU-1047,3,120.64,0.05,343.82,True,
2026-04-11,West,Books,Online,SMB,SKU-1094,8,64.77,0.2,414.53,True,
2025-05-29,North,Home & Kitchen,Online,Consumer,SKU-1016,2,46.4,0.0,92.8,True,bulk order
2025-03-03,Central ,Electronics,Online,Consumer,SKU-1014,7,40.8,0.2,228.48,False,
2025-02-19,South,Sports,Partner,Consumer,SKU-1049,11,,0.15,236.27,True,
2025-02-28,East,Apparel,Online,Consumer,SKU-1107,2,80.4,0.1,144.72,True,
2025-02-15,North,Electronics,Partner,SMB,SKU-1112,10,85.79,0.1,772.11,False,bulk order
2025-04-27,South,Electronics,Partner,Consumer,SKU-1000,8,73.65,0.05,559.74,True,bulk order
2025-06-22,West,Home & Kitchen,Online,SMB,SKU-1067,4,48.05,0.0,192.2,True,
2025-07-24,North,Home & Kitchen,Marketplace,Consumer,SKU-1078,9,77.58,0.1,628.4,False,gift wrap
2025-01-14,Central,Home & Kitchen,Online,Consumer,SKU-1019,1,90.0,0.0,90.0,False,
2025-04-05,West,Apparel,Online,Consumer,SKU-1040,4,59.9,0.0,239.6,True,
2025-11-07,South,Sports,Online,Consumer,SKU-1080,9,48.75,0.15,372.94,False,
2025-07-25,North,Apparel,Online,Consumer,SKU-1055,11,143.72,0.05,1501.87,True,
2026-05-09,West,Electronics,Marketplace,Enterprise,SKU-1004,9,14.03,0.1,113.64,True,first-time customer
2025-10-02,West,Home & Kitchen,Retail Store,Consumer,SKU-1104,5,51.54,0.0,257.7,False,promo code applied
2025-01-18,North,Sports,Marketplace,SMB,SKU-1046,11,87.11,0.05,910.3,False,bulk order
2026-01-28,South,Home & Kitchen,Retail Store,SMB,SKU-1037,9,87.49,0.0,787.41,False,bulk order
2026-04-08,West,Electronics,Online,Consumer,SKU-1105,7,41.91,0.1,264.03,False,
2025-12-03,East,Books,Retail Store,Enterprise,SKU-1005,4,30.54,0.15,103.84,False,gift wrap
2025-12-29,Central,Electronics,Retail Store,Consumer,SKU-1057,5,54.21,0.2,216.84,False,
2026-01-14,West,Apparel,Online,Consumer,SKU-1034,2,39.59,0.2,63.34,True,
2025-01-27,West,Electronics,Retail Store,SMB,SKU-1117,2,57.49,0.0,114.98,True,
2025-12-19,East,Toys,Partner,SMB,SKU-1026,1,45.09,0.0,45.09,True,expedited shipping requested
2026-01-16,East,Books,Retail Store,Consumer,SKU-1053,1,21.44,0.15,18.22,False,bulk order
2025-03-13,East,Toys,Online,Enterprise,SKU-1105,11,24.08,0.05,251.64,False,expedited shipping requested
2025-08-24,North,Toys,Retail Store,Consumer,SKU-1097,8,67.88,0.0,543.04,False,expedited shipping requested
2024-12-27,North,Toys,Marketplace,Consumer,SKU-1107,3,77.73,0.0,233.19,True,
2025-05-19,West,Electronics,Retail Store,Consumer,SKU-1040,10,43.1,0.0,431.0,False,promo code applied
2026-01-04,South,Apparel,Marketplace,Consumer,SKU-1052,2,120.07,0.0,240.14,False,
2026-03-13,North,Electronics,Online,Consumer,SKU-1069,5,46.74,0.2,186.96,False,promo code applied
2026-04-05,West ,Apparel,Online,SMB,SKU-1117,3,28.36,0.05,80.83,False,promo code applied
2025-11-17,West,Toys,Retail Store,SMB,SKU-1048,11,33.65,0.0,370.15,False,promo code applied
2025-10-12,South,Home & Kitchen,Partner,Consumer,SKU-1072,2,102.94,0.15,175.0,False,gift wrap
2025-05-28,West,Apparel,Online,Enterprise,SKU-1078,9,85.12,0.0,766.08,False,first-time customer
2026-05-01,East,Home & Kitchen,Marketplace,Consumer,SKU-1025,1,48.02,0.0,48.02,True,
2026-03-02,West,Electronics,Online,Consumer,SKU-1063,1,36.5,0.0,36.5,True,first-time customer
2026-02-23,Central,Sports,Marketplace,SMB,SKU-1095,4,58.67,0.0,234.68,False,first-time customer
2025-12-15,North,Apparel,Online,Consumer,SKU-1010,6,42.35,0.0,254.1,False,
2026-02-16,East,Electronics,Partner,Enterprise,SKU-1086,3,126.75,0.1,342.22,False,
2026-01-11,West,Apparel,Marketplace,SMB,SKU-1115,7,40.2,0.05,267.33,False,
2026-02-18,North,Electronics,Marketplace,Consumer,SKU-1033,11,21.16,0.15,197.85,False,expedited shipping requested
2025-08-25,South,Toys,Online,SMB,SKU-1101,3,35.54,0.0,106.62,True,
2026-03-31,North,Apparel,Marketplace,Consumer,SKU-1032,7,46.03,0.0,322.21,False,
2026-02-03,South,Electronics,Partner,Consumer,SKU-1022,2,39.81,0.15,67.68,True,
2025-03-10,West,Electronics,Retail Store,Consumer,SKU-1021,5,58.65,0.0,293.25,False,bulk order
2026-01-22,East,Electronics,Online,Consumer,SKU-1025,2,106.6,0.0,213.2,False,
2025-09-03,Central,Apparel,Online,Consumer,SKU-1080,2,71.61,0.0,143.22,False,promo code applied
2026-01-12,West,Home & Kitchen,Retail Store,Enterprise,SKU-1008,9,62.19,0.0,559.71,True,
2025-02-02,East,Apparel,Online,Consumer,SKU-1026,11,81.91,0.0,901.01,False,gift wrap
2025-12-17,North,Apparel,Partner,SMB,SKU-1053,5,46.05,0.05,218.74,False,promo code applied
2025-01-08,West,Electronics,Marketplace,Consumer,SKU-1076,2,77.73,0.0,155.46,True,gift wrap
2025-12-09,West,Home & Kitchen,Marketplace,Consumer,SKU-1090,3,42.94,0.0,128.82,False,gift wrap
2025-02-06,Central,Apparel,Partner,Consumer,SKU-1092,1,52.92,0.15,44.98,True,gift wrap
2025-10-18,North,Home & Kitchen,Online,SMB,SKU-1063,11,41.02,0.2,360.98,False,expedited shipping requested
2025-01-25,North,Home & Kitchen,Online,Consumer,SKU-1081,6,89.32,0.0,535.92,False,expedited shipping requested
2024-12-23,East,Sports,Partner,SMB,SKU-1058,8,51.8,0.0,414.4,False,
2026-05-05,South,Toys,Online,Consumer,SKU-1057,2,72.29,0.1,130.12,True,
2025-09-28,West,Toys,Online,SMB,SKU-1108,9,53.12,0.0,478.08,True,promo code applied
2026-04-12,East,Home & Kitchen,Marketplace,Consumer,SKU-1091,9,150.39,0.15,1150.48,False,
2025-10-17,North,Home & Kitchen,Marketplace,Consumer,SKU-1008,4,60.04,0.1,216.14,False,expedited shipping requested
2025-05-16,West,Electronics,Marketplace,SMB,SKU-1065,8,29.18,0.15,198.42,False,
2025-12-30,South,Home & Kitchen,Online,Consumer,SKU-1085,3,37.56,0.0,112.68,True,
2025-03-24,Central,Electronics,Marketplace,Enterprise,SKU-1010,4,102.34,0.2,327.49,False,
2026-01-05,North,Apparel,Marketplace,Consumer,SKU-1004,3,68.32,0.0,204.96,True,gift wrap
2025-10-02,Central,Apparel,Retail Store,Enterprise,SKU-1092,11,51.76,0.1,512.42,False,bulk order
2026-01-31,South,Apparel,Online,SMB,SKU-1062,10,39.06,0.0,390.6,True,first-time customer
2025-01-07,Central,Electronics,Online,Consumer,SKU-1059,8,63.64,0.2,407.3,False,
2026-04-12,South,Electronics,Online,Consumer,SKU-1037,1,39.19,0.2,31.35,True,
2025-03-27,East,Electronics,Retail Store,Consumer,SKU-1099,3,83.04,0.05,236.66,False,
2025-08-15,East,Electronics,Online,Consumer,SKU-1010,4,17.22,0.15,58.55,True,
2025-02-26,South ,Sports,Marketplace,SMB,SKU-1002,4,41.34,0.0,165.36,True,expedited shipping requested
2025-01-06,North,Electronics,Online,SMB,SKU-1097,1,73.83,0.2,59.06,True,
2025-11-04,West,Books,Online,SMB,SKU-1096,3,34.46,0.0,103.38,False,
2025-06-03,South,Electronics,Retail Store,Consumer,SKU-1086,1,198.09,0.1,178.28,False,first-time customer
2026-04-26,East,Home & Kitchen,Online,Consumer,SKU-1106,7,80.8,0.0,565.6,True,promo code applied
2025-07-21,West,Books,Partner,Consumer,SKU-1103,7,,0.05,477.4,True,
2025-04-22,North,Home & Kitchen,Online,SMB,SKU-1074,1,36.68,0.0,36.68,True,bulk order
2025-08-23,Central,Toys,Online,Consumer,SKU-1068,2,54.21,0.15,92.16,False,
2025-01-07,Central,Home & Kitchen,Partner,Consumer,SKU-1095,5,50.1,0.2,200.4,False,expedited shipping requested
2025-10-18,East,Books,Online,SMB,SKU-1018,2,111.72,0.2,178.75,False,
2025-09-05,West,Books,Online,Consumer,SKU-1110,3,75.4,0.0,226.2,True,
2025-12-30,North,Electronics,Online,SMB,SKU-1043,7,49.86,0.0,349.02,True,bulk order
2025-11-22,North,Sports,Marketplace,Consumer,SKU-1036,9,25.97,0.0,233.73,True,bulk order
2026-04-24,South,Books,Online,Consumer,SKU-1016,1,141.31,0.0,141.31,False,expedited shipping requested
2026-01-13,Central,Apparel,Online,SMB,SKU-1067,3,50.71,0.05,144.52,True,expedited shipping requested
2025-10-07,South,Apparel,Online,Consumer,SKU-1058,6,63.24,0.0,379.44,True,first-time customer
2025-10-27,West,Home & Kitchen,Online,Consumer,SKU-1010,11,102.93,0.0,1132.23,True,
2025-08-15,Central,Apparel,Online,SMB,SKU-1095,8,91.49,0.05,695.32,False,expedited shipping requested
2025-07-25,North,Apparel,Online,Consumer,SKU-1062,11,83.33,0.1,824.97,False,gift wrap
2025-02-17,South,Apparel,Retail Store,Consumer,SKU-1117,8,60.17,0.0,481.36,False,
2026-03-26,South,Electronics,Online,Consumer,SKU-1108,3,25.44,0.1,68.69,False,promo code applied
2025-06-02,Central,Sports,Online,Consumer,SKU-1015,5,29.43,0.0,147.15,True,
2025-04-15,South,Home & Kitchen,Marketplace,SMB,SKU-1008,4,27.96,0.0,111.84,False,
2025-06-03,Central,Home & Kitchen,Marketplace,SMB,SKU-1015,5,20.17,0.0,100.85,False,gift wrap
2025-09-27,Central,Books,Online,SMB,SKU-1104,6,31.78,0.1,171.61,False,
2025-07-26,North,Toys,Marketplace,Consumer,SKU-1081,4,101.57,0.0,406.28,True,expedited shipping requested
2025-04-24,North,Home & Kitchen,Online,SMB,SKU-1001,4,47.42,0.2,151.74,False,expedited shipping requested
2025-08-06,North,Apparel,Retail Store,Consumer,SKU-1030,9,73.71,0.0,663.39,False,expedited shipping requested
2025-05-25,North,Apparel,Marketplace,Consumer,SKU-1111,10,68.77,0.0,687.7,False,first-time customer
2025-01-29,Central,Toys,Partner,Consumer,SKU-1058,4,27.18,0.0,108.72,True,gift wrap
2025-12-06,Central,Home & Kitchen,Online,Consumer,SKU-1058,8,,0.05,730.89,True,first-time customer
2026-02-18,South,Electronics,Online,Consumer,SKU-1060,2,51.02,0.0,102.04,False,first-time customer
2024-12-10,West,Books,Online,Consumer,SKU-1039,8,89.33,0.0,714.64,True,promo code applied
2025-05-02,Central,Electronics,Partner,Consumer,SKU-1037,9,46.52,0.0,418.68,False,expedited shipping requested
2025-05-29,South,Toys,Online,SMB,SKU-1073,2,27.68,0.0,55.36,False,
2025-08-07,North,Home & Kitchen,Online,Consumer,SKU-1074,5,61.79,0.0,308.95,False,expedited shipping requested
2026-05-20,West,Apparel,Partner,Consumer,SKU-1019,1,95.97,0.15,81.57,True,first-time customer
2025-02-16,East,Electronics,Online,Consumer,SKU-1005,4,28.86,0.0,115.44,False,
2026-03-10,North,Home & Kitchen,Online,SMB,SKU-1100,10,24.44,0.0,244.4,False,
2025-08-30,North,Electronics,Marketplace,Consumer,SKU-1070,2,43.01,0.15,73.12,True,first-time customer
2025-07-24,South,Books,Partner,Consumer,SKU-1046,6,38.77,0.0,232.62,False,bulk order
2026-01-07,East,Electronics,Marketplace,Enterprise,SKU-1051,5,36.09,0.0,180.45,False,expedited shipping requested
2026-02-07,South,Electronics,Partner,Consumer,SKU-1118,10,21.76,0.2,174.08,False,bulk order
2025-05-06,East,Sports,Online,Consumer,SKU-1101,1,81.7,0.1,73.53,False,
2025-07-07,South,Sports,Online,Enterprise,SKU-1059,2,71.65,0.1,128.97,False,
2025-08-26,West,Books,Online,Consumer,SKU-1073,3,69.2,0.1,186.84,True,
2025-12-08,North,Home & Kitchen,Online,Enterprise,SKU-1111,3,55.17,0.0,165.51,True,
2025-02-24,East,Toys,Online,SMB,SKU-1017,6,64.04,0.0,384.24,True,gift wrap
2025-04-29,East,Books,Online,SMB,SKU-1084,3,21.45,0.0,64.35,True,
2025-02-16,North,Home & Kitchen,Online,Consumer,SKU-1057,2,9.66,0.0,19.32,False,promo code applied
2026-03-16,West,Sports,Online,SMB,SKU-1020,9,33.1,0.0,297.9,True,first-time customer
2024-12-07,Central,Apparel,Marketplace,Consumer,SKU-1081,8,39.92,0.2,255.49,False,bulk order
2025-07-22,East,Home & Kitchen,Partner,Consumer,SKU-1105,1,110.18,0.0,110.18,False,expedited shipping requested
2026-01-05,Central,Apparel,Online,SMB,SKU-1081,5,40.21,0.2,160.84,False,
2025-05-08,North,Apparel,Online,SMB,SKU-1028,4,72.69,0.0,290.76,True,expedited shipping requested
2025-03-03,North,Toys,Online,Consumer,SKU-1080,7,47.71,0.0,333.97,True,expedited shipping requested
2025-09-29,South,Sports,Online,Consumer,SKU-1068,11,64.4,0.2,566.72,False,
2026-05-14,North,Home & Kitchen,Retail Store,Consumer,SKU-1082,11,63.25,0.0,695.75,True,bulk order
2025-04-01,South,Electronics,Marketplace,Consumer,SKU-1013,2,31.66,0.0,63.32,True,
2025-02-28,Central,Electronics,Retail Store,SMB,SKU-1037,10,280.8,0.0,2808.0,False,gift wrap
2026-02-24,East,Electronics,Online,SMB,SKU-1017,10,60.9,0.0,609.0,True,
2025-12-14,Central,Apparel,Online,Consumer,SKU-1007,4,71.13,0.2,227.62,False,
2025-04-14,North,Electronics,Online,Consumer,SKU-1043,9,40.4,0.05,345.42,True,bulk order
2025-09-28,West,Toys,Online,Consumer,SKU-1060,9,,0.15,611.31,False,first-time customer
2025-02-01,North,Electronics,Retail Store,Consumer,SKU-1067,9,64.73,0.0,582.57,False,expedited shipping requested
2025-09-23,West,Electronics,Online,Consumer,SKU-1087,2,50.21,0.05,95.4,False,
2025-08-26,South,Electronics,Marketplace,Consumer,SKU-1006,7,63.35,0.1,399.1,False,gift wrap
2025-10-03,South,Sports,Online,Consumer,SKU-1118,6,65.07,0.2,312.34,False,gift wrap
2025-08-06,North,Toys,Online,Consumer,SKU-1103,7,59.04,0.05,392.62,True,
2025-05-07,South,Apparel,Partner,Consumer,SKU-1015,6,45.54,0.0,273.24,True,first-time customer
2025-02-17,North,Apparel,Online,SMB,SKU-1009,3,18.12,0.0,54.36,False,
2025-01-05,Central,Electronics,Online,Consumer,SKU-1116,4,88.96,0.05,338.05,False,first-time customer
2025-12-26,East,Electronics,Online,Consumer,SKU-1081,4,55.67,0.0,222.68,False,gift wrap
2025-11-16,North,Home & Kitchen,Online,Consumer,SKU-1033,8,41.21,0.2,263.74,True,promo code applied
2025-06-14,South,Sports,Online,Consumer,SKU-1047,6,44.49,0.2,213.55,False,
2025-10-17,South,Home & Kitchen,Retail Store,Consumer,SKU-1075,4,53.65,0.1,193.14,True,
2026-04-23,South,Books,Marketplace,Consumer,SKU-1044,1,58.38,0.05,55.46,False,
2026-05-07,Central,Apparel,Retail Store,Consumer,SKU-1002,8,103.68,0.05,787.97,True,
2026-05-02,Central ,Electronics,Online,Consumer,SKU-1025,6,84.95,0.0,509.7,False,
2026-05-02,North,Electronics,Retail Store,Consumer,SKU-1119,1,31.14,0.15,26.47,False,bulk order
2025-05-28,West,Electronics,Online,Consumer,SKU-1058,7,110.06,0.1,693.38,True,
2025-12-12,North,Toys,Online,Consumer,SKU-1052,1,34.82,0.1,31.34,True,promo code applied
2026-04-22,East,Apparel,Online,Consumer,SKU-1081,5,149.97,0.0,749.85,False,bulk order
2025-11-02,West,Toys,Online,Consumer,SKU-1101,3,55.83,0.05,159.12,True,
2026-02-14,North,Electronics,Online,SMB,SKU-1006,9,82.02,0.05,701.27,True,
2026-04-21,South,Home & Kitchen,Online,Enterprise,SKU-1052,3,45.75,0.05,130.39,False,
2025-10-14,North,Apparel,Online,Consumer,SKU-1048,10,113.98,0.15,968.83,False,
2024-11-30,Central,Apparel,Online,SMB,SKU-1052,8,36.44,0.15,247.79,False,bulk order
2025-10-10,East,Electronics,Online,Consumer,SKU-1032,7,106.28,0.2,595.17,False,
2025-10-17,Central,Electronics,Online,Consumer,SKU-1081,10,67.3,0.0,673.0,False,first-time customer
2025-10-31,Central,Apparel,Online,Consumer,SKU-1042,6,33.48,0.1,180.79,True,gift wrap
2026-04-28,South,Home & Kitchen,Retail Store,Consumer,SKU-1090,4,64.42,0.0,257.68,False,
2025-02-23,Central,Sports,Online,Consumer,SKU-1073,3,90.64,0.2,217.54,False,expedited shipping requested
2026-04-10,South,Electronics,Online,SMB,SKU-1053,5,71.94,0.2,287.76,False,promo code applied
2025-09-16,Central,Books,Online,Consumer,SKU-1117,11,35.66,0.1,353.03,False,
2026-03-04,West,Books,Online,Consumer,SKU-1027,2,12.94,0.0,25.88,True,
2025-01-20,South,Toys,Marketplace,Consumer,SKU-1027,7,44.71,0.05,297.32,True,bulk order
2025-07-13,West,Apparel,Retail Store,SMB,SKU-1002,10,96.77,0.1,870.93,True,first-time customer
2026-03-09,North,Electronics,Online,Consumer,SKU-1110,5,130.55,0.0,652.75,True,
2026-04-02,West,Sports,Retail Store,Consumer,SKU-1115,11,19.11,0.15,178.68,False,expedited shipping requested
2026-02-25,Central,Apparel,Partner,SMB,SKU-1067,10,35.35,0.0,353.5,True,gift wrap
2026-04-28,West,Sports,Online,Consumer,SKU-1055,11,98.27,0.05,1026.92,False,
2026-02-08,East,Toys,Retail Store,Consumer,SKU-1064,8,37.43,0.1,269.5,True,
2025-06-01,North,Electronics,Online,Consumer,SKU-1024,7,36.44,0.0,255.08,False,
2025-05-06,North,Apparel,Partner,SMB,SKU-1102,6,82.98,0.0,497.88,False,promo code applied
2025-05-04,North,Sports,Online,Consumer,SKU-1079,9,55.18,0.0,496.62,False,bulk order
2026-03-07,Central,Home & Kitchen,Online,SMB,SKU-1037,6,30.27,0.15,154.38,True,
2025-04-25,Central,Home & Kitchen,Marketplace,SMB,SKU-1074,7,99.17,0.1,624.77,False,
2025-04-17,West,Sports,Marketplace,Consumer,SKU-1028,7,25.72,0.0,180.04,False,first-time customer
2025-02-14,North,Apparel,Online,Consumer,SKU-1104,3,92.12,0.0,276.36,False,expedited shipping requested
2025-07-30,West,Apparel,Marketplace,Enterprise,SKU-1080,8,20.73,0.0,165.84,True,
2025-08-01,South,Books,Retail Store,SMB,SKU-1056,5,156.47,0.15,665.0,False,
2025-01-27,North,Sports,Online,Consumer,SKU-1095,2,88.02,0.0,176.04,False,bulk order
2026-02-02,South,Home & Kitchen,Online,Enterprise,SKU-1076,11,50.25,0.1,497.48,True,gift wrap
2025-03-25,North,Home & Kitchen,Online,Consumer,SKU-1014,1,,0.0,46.38,True,first-time customer
2025-08-30,North,Electronics,Marketplace,Consumer,SKU-1068,10,61.79,0.1,556.11,True,bulk order
2025-11-07,West,Electronics,Online,SMB,SKU-1087,9,93.73,0.2,674.86,False,
2025-10-26,South,Books,Retail Store,Consumer,SKU-1037,4,44.36,0.2,141.95,False,
2025-03-13,North,Sports,Partner,SMB,SKU-1050,10,21.36,0.0,213.6,True,expedited shipping requested
2025-03-12,Central,Sports,Online,Consumer,SKU-1077,11,60.77,0.1,601.62,False,
2024-12-12,South,Home & Kitchen,Online,SMB,SKU-1071,2,63.18,0.0,126.36,False,
2025-06-25,South,Sports,Partner,Consumer,SKU-1119,10,39.88,0.15,338.98,True,
2025-06-20,East,Home & Kitchen,Online,Consumer,SKU-1012,8,36.55,0.05,277.78,True,
2025-03-25,South,Sports,Retail Store,SMB,SKU-1080,11,77.33,0.0,850.63,False,first-time customer
2025-04-23,North,Electronics,Online,Consumer,SKU-1108,1,23.52,0.1,21.17,False,
2025-10-19,West,Books,Retail Store,Consumer,SKU-1036,9,45.27,0.2,325.94,False,
2025-12-28,South,Books,Retail Store,Consumer,SKU-1103,1,70.28,0.05,66.77,False,expedited shipping requested
2025-09-15,East,Home & Kitchen,Marketplace,SMB,SKU-1075,9,93.2,0.0,838.8,True,
2025-11-18,North,Electronics,Online,Enterprise,SKU-1056,2,47.83,0.0,95.66,False,expedited shipping requested
2026-05-20,North,Electronics,Online,SMB,SKU-1038,7,55.6,0.0,389.2,False,
2025-07-07,South,Electronics,Online,Consumer,SKU-1053,7,80.64,0.1,508.03,True,
2025-09-04,North,Home & Kitchen,Retail Store,Consumer,SKU-1041,1,61.74,0.15,52.48,True,expedited shipping requested
2026-03-04,South ,Apparel,Online,Consumer,SKU-1103,1,80.74,0.15,68.63,False,
2026-03-21,South,Apparel,Online,Consumer,SKU-1027,11,18.75,0.2,165.0,True,
2026-01-24,South,Electronics,Online,SMB,SKU-1051,1,48.55,0.15,41.27,True,
2025-09-23,Central,Sports,Retail Store,SMB,SKU-1069,2,117.78,0.0,235.56,True,
2025-06-21,West,Apparel,Retail Store,SMB,SKU-1109,9,89.51,0.05,765.31,False,
2025-06-25,North,Electronics,Partner,Consumer,SKU-1002,8,111.85,0.1,805.32,False,gift wrap
2025-11-10,West,Electronics,Marketplace,SMB,SKU-1071,5,28.58,0.0,142.9,False,gift wrap
2025-01-10,West,Electronics,Partner,Consumer,SKU-1008,6,67.62,0.2,324.58,True,
2025-10-18,West,Books,Marketplace,Consumer,SKU-1106,6,27.01,0.05,153.96,True,promo code applied
2025-05-17,South,Apparel,Partner,Consumer,SKU-1074,9,52.87,0.0,475.83,True,bulk order
2025-12-22,East,Electronics,Online,SMB,SKU-1023,10,52.04,0.2,416.32,False,promo code applied
2026-03-08,Central,Home & Kitchen,Online,Consumer,SKU-1000,5,14.37,0.15,61.07,False,bulk order
2026-01-16,North,Apparel,Online,SMB,SKU-1114,6,37.5,0.0,225.0,False,
2025-09-01,Central,Toys,Marketplace,Consumer,SKU-1093,2,30.15,0.1,54.27,True,
2025-02-25,East ,Sports,Partner,Consumer,SKU-1012,10,10.43,0.0,104.3,True,
2025-03-14,West,Toys,Online,SMB,SKU-1113,4,16.14,0.1,58.1,False,
2025-08-06,East,Apparel,Online,Consumer,SKU-1025,2,8.84,0.1,15.91,False,gift wrap
2026-05-18,North,Books,Online,Consumer,SKU-1059,10,63.07,0.2,504.56,False,promo code applied
2026-02-10,North,Home & Kitchen,Online,SMB,SKU-1112,1,150.67,0.1,135.6,True,
2026-02-12,West,Electronics,Marketplace,SMB,SKU-1002,3,35.71,0.2,85.7,False,promo code applied
2025-06-05,South,Books,Marketplace,SMB,SKU-1052,11,57.11,0.2,502.57,True,
2025-05-09,North,Electronics,Retail Store,Consumer,SKU-1042,6,78.3,0.0,469.8,False,gift wrap
2025-01-27,West,Sports,Online,Consumer,SKU-1074,6,22.06,0.15,112.51,True,first-time customer
2025-09-18,South,Toys,Retail Store,Consumer,SKU-1082,3,72.39,0.1,195.45,True,
2025-03-10,West,Toys,Online,SMB,SKU-1034,1,61.76,0.15,52.5,False,
2025-05-03,South,Electronics,Retail Store,Consumer,SKU-1059,3,26.88,0.05,76.61,True,
2026-05-07,South,Toys,Partner,Enterprise,SKU-1085,5,18.17,0.0,90.85,False,expedited shipping requested
2026-04-18,South,Electronics,Online,Consumer,SKU-1091,9,23.94,0.0,215.46,False,expedited shipping requested
2026-05-20,North,Electronics,Partner,Consumer,SKU-1065,3,67.01,0.2,160.82,True,
2025-02-13,West,Electronics,Online,Consumer,SKU-1032,11,113.2,0.2,996.16,False,
2025-07-30,South,Books,Partner,SMB,SKU-1032,7,107.16,0.0,750.12,False,promo code applied
2025-08-22,East ,Electronics,Online,Consumer,SKU-1054,3,29.72,0.05,84.7,True,expedited shipping requested
2024-12-19,North,Home & Kitchen,Marketplace,Consumer,SKU-1053,11,83.7,0.0,920.7,True,gift wrap
2025-12-08,North,Home & Kitchen,Online,Consumer,SKU-1047,11,52.63,0.1,521.04,True,promo code applied
2025-09-14,North,Apparel,Retail Store,Consumer,SKU-1119,10,31.45,0.0,314.5,False,gift wrap
2026-04-01,South,Apparel,Online,Consumer,SKU-1031,10,28.26,0.15,240.21,False,
2025-06-06,East,Electronics,Online,Enterprise,SKU-1052,9,41.66,0.0,374.94,False,
2026-05-20,Central,Apparel,Marketplace,SMB,SKU-1112,1,44.4,0.1,39.96,False,promo code applied
2025-06-19,Central,Electronics,Online,SMB,SKU-1108,4,61.83,0.2,197.86,True,
2025-12-06,Central,Electronics,Online,Consumer,SKU-1040,7,29.78,0.2,166.77,False,gift wrap
2025-07-21,East ,Books,Online,Consumer,SKU-1110,6,111.14,0.0,666.84,True,
2025-07-25,East,Home & Kitchen,Online,Consumer,SKU-1068,8,19.03,0.2,121.79,True,
2025-11-21,East,Apparel,Partner,SMB,SKU-1023,11,30.26,0.15,282.93,False,promo code applied
2025-03-16,East,Apparel,Retail Store,Consumer,SKU-1078,4,55.46,0.15,188.56,False,bulk order
2025-10-08,South,Home & Kitchen,Online,Enterprise,SKU-1084,6,59.41,0.15,302.99,False,
2024-12-29,South,Home & Kitchen,Retail Store,Consumer,SKU-1038,9,135.83,0.1,1100.22,True,first-time customer
2026-04-06,East,Apparel,Retail Store,Consumer,SKU-1025,2,,0.2,110.03,False,
2025-12-03,East,Electronics,Partner,Consumer,SKU-1074,10,43.87,0.0,438.7,False,promo code applied
2025-03-12,South,Electronics,Partner,Consumer,SKU-1055,6,94.9,0.05,540.93,True,expedited shipping requested
2026-02-17,Central,Electronics,Retail Store,Consumer,SKU-1006,6,49.35,0.1,266.49,True,gift wrap
2024-12-18,Central,Home & Kitchen,Online,Consumer,SKU-1012,6,75.83,0.0,454.98,False,gift wrap
2026-03-16,North,Toys,Online,Consumer,SKU-1017,8,113.53,0.1,817.42,False,
2025-10-21,North,Apparel,Online,Enterprise,SKU-1075,8,41.08,0.2,262.91,False,
2025-05-01,South,Books,Online,Enterprise,SKU-1119,1,51.24,0.0,51.24,False,bulk order
2025-08-29,South,Electronics,Online,SMB,SKU-1087,8,55.64,0.0,445.12,False,
2026-03-22,Central,Electronics,Retail Store,Consumer,SKU-1039,6,56.29,0.0,337.74,True,
2025-07-14,West,Apparel,Retail Store,Consumer,SKU-1029,5,117.13,0.2,468.52,True,promo code applied
2025-11-19,South,Apparel,Online,Consumer,SKU-1037,1,32.31,0.05,30.69,False,gift wrap
2026-04-19,West,Toys,Online,Consumer,SKU-1016,10,70.16,0.1,631.44,True,
2024-12-16,South,Apparel,Online,Consumer,SKU-1083,2,53.2,0.0,106.4,True,
2025-11-22,North,Electronics,Online,Consumer,SKU-1093,9,45.38,0.2,326.74,False,expedited shipping requested
2025-04-24,West,Apparel,Marketplace,Consumer,SKU-1047,11,162.62,0.15,1520.5,False,expedited shipping requested
2025-12-06,North,Books,Retail Store,Enterprise,SKU-1054,11,36.01,0.0,396.11,True,
2026-02-18,East,Electronics,Online,SMB,SKU-1034,1,58.14,0.0,58.14,True,expedited shipping requested
2026-03-11,Central,Apparel,Partner,Consumer,SKU-1100,3,202.93,0.0,608.79,False,promo code applied
2026-03-08,South,Home & Kitchen,Online,SMB,SKU-1107,5,146.6,0.0,733.0,True,gift wrap
2025-12-20,North,Apparel,Retail Store,Consumer,SKU-1072,11,29.03,0.0,319.33,False,first-time customer
2026-01-30,West,Electronics,Online,Consumer,SKU-1083,1,81.03,0.0,81.03,False,
2024-12-16,West,Apparel,Partner,SMB,SKU-1032,4,22.2,0.0,88.8,False,
2025-02-20,West,Home & Kitchen,Retail Store,Consumer,SKU-1014,8,76.29,0.0,610.32,False,bulk order
2025-04-03,Central,Electronics,Online,Enterprise,SKU-1090,7,12.01,0.15,71.46,False,
2024-12-01,Central,Electronics,Online,Consumer,SKU-1012,3,33.4,0.15,85.17,False,
2025-11-18,West,Electronics,Retail Store,Consumer,SKU-1061,9,92.98,0.05,794.98,False,first-time customer
2026-05-05,West,Electronics,Retail Store,Consumer,SKU-1091,8,55.97,0.15,380.6,True,
2025-06-13,East,Home & Kitchen,Online,Enterprise,SKU-1021,3,31.36,0.05,89.38,False,
2025-12-29,North,Toys,Online,Consumer,SKU-1014,1,44.96,0.15,38.22,False,first-time customer
2025-04-29,South,Books,Online,SMB,SKU-1055,3,92.87,0.15,236.82,False,first-time customer
2025-10-20,North,Sports,Online,SMB,SKU-1027,11,32.39,0.1,320.66,True,promo code applied
2026-05-18,West,Electronics,Retail Store,Consumer,SKU-1068,3,37.78,0.0,113.34,True,gift wrap
2026-04-24,East,Apparel,Retail Store,Consumer,SKU-1095,2,191.0,0.0,382.0,False,bulk order
2025-06-18,East,Electronics,Marketplace,SMB,SKU-1028,7,15.37,0.0,107.59,True,
2025-09-16,Central,Books,Retail Store,Consumer,SKU-1063,2,73.34,0.05,139.35,True,
2026-02-02,West ,Toys,Online,Consumer,SKU-1061,2,50.3,0.15,85.51,False,
2025-04-30,West,Apparel,Retail Store,SMB,SKU-1036,7,76.73,0.15,456.54,True,promo code applied
2025-08-31,South,Home & Kitchen,Retail Store,Consumer,SKU-1020,10,13.64,0.05,129.58,False,promo code applied
2025-09-08,West,Apparel,Retail Store,SMB,SKU-1106,11,111.43,0.05,1164.44,False,bulk order
2025-09-21,Central ,Sports,Retail Store,Consumer,SKU-1081,5,122.61,0.0,613.05,True,promo code applied
2026-05-16,Central ,Toys,Online,SMB,SKU-1080,3,22.57,0.2,54.17,True,expedited shipping requested
2026-05-11,Central,Toys,Online,Consumer,SKU-1005,2,48.37,0.1,87.07,True,first-time customer
2025-09-05,South,Toys,Retail Store,SMB,SKU-1049,5,35.35,0.1,159.08,False,promo code applied
2026-05-14,South,Apparel,Marketplace,Consumer,SKU-1107,6,91.23,0.1,492.64,False,first-time customer
2025-03-25,Central,Toys,Partner,Consumer,SKU-1112,7,119.58,0.0,837.06,True,
2025-07-22,West,Books,Marketplace,Consumer,SKU-1041,1,55.22,0.15,46.94,False,
2025-08-28,Central,Home & Kitchen,Online,Consumer,SKU-1057,1,50.7,0.0,50.7,True,bulk order
2026-01-23,Central,Sports,Online,Consumer,SKU-1087,10,64.79,0.0,647.9,False,promo code applied
2025-11-04,West,Books,Online,SMB,SKU-1085,5,32.42,0.1,145.89,False,first-time customer
2026-04-27,North,Electronics,Retail Store,SMB,SKU-1041,1,9.37,0.2,7.5,False,
2026-02-01,South,Electronics,Online,Consumer,SKU-1115,1,35.73,0.2,28.58,False,gift wrap
2025-12-01,East,Books,Marketplace,Consumer,SKU-1073,5,46.35,0.2,185.4,False,
2025-01-24,South,Home & Kitchen,Online,SMB,SKU-1093,7,70.29,0.2,393.62,False,gift wrap
2026-03-29,West,Toys,Online,Consumer,SKU-1083,1,106.38,0.1,95.74,True,
2025-02-08,East,Electronics,Retail Store,Consumer,SKU-1017,11,41.23,0.15,385.5,False,
2024-12-11,East,Apparel,Marketplace,SMB,SKU-1045,4,56.23,0.2,179.94,False,gift wrap
2026-04-09,North,Home & Kitchen,Online,Consumer,SKU-1014,9,122.2,0.0,1099.8,True,
2025-12-10,East,Toys,Retail Store,Consumer,SKU-1047,4,73.01,0.05,277.44,False,
2025-01-02,West,Home & Kitchen,Partner,SMB,SKU-1030,1,50.65,0.1,45.58,False,gift wrap
2025-02-03,East,Electronics,Retail Store,Consumer,SKU-1048,9,58.69,0.1,475.39,True,
2025-12-13,West,Sports,Marketplace,Consumer,SKU-1091,10,63.78,0.0,637.8,False,first-time customer
2024-12-23,South,Home & Kitchen,Partner,Consumer,SKU-1000,7,56.19,0.15,334.33,True,first-time customer
2025-09-14,North,Home & Kitchen,Partner,Consumer,SKU-1084,4,26.53,0.2,84.9,False,bulk order
2026-01-29,East,Home & Kitchen,Retail Store,Enterprise,SKU-1021,6,35.01,0.0,210.06,False,bulk order
2026-05-10,North,Toys,Partner,Consumer,SKU-1025,6,113.18,0.05,645.13,False,
2025-04-05,South,Home & Kitchen,Online,Consumer,SKU-1112,2,35.12,0.0,70.24,False,
2025-02-11,East,Sports,Online,Consumer,SKU-1114,8,126.34,0.0,1010.72,False,expedited shipping requested
2025-07-24,East,Books,Retail Store,Consumer,SKU-1010,7,46.33,0.0,324.31,False,
2025-02-12,East,Apparel,Marketplace,Consumer,SKU-1001,9,101.93,0.0,917.37,False,
2026-05-14,Central,Apparel,Partner,Consumer,SKU-1087,6,47.7,0.1,257.58,False,promo code applied
2025-09-27,West,Toys,Online,Consumer,SKU-1014,8,42.7,0.0,341.6,False,
2025-02-03,West,Books,Retail Store,Consumer,SKU-1010,11,20.38,0.05,212.97,True,first-time customer
2026-03-14,South,Sports,Online,Enterprise,SKU-1031,1,59.15,0.2,47.32,False,bulk order
2025-12-05,North,Electronics,Marketplace,Consumer,SKU-1110,2,37.47,0.05,71.19,True,promo code applied
2026-04-21,South,Apparel,Marketplace,Consumer,SKU-1021,8,40.31,0.15,274.11,True,expedited shipping requested
2025-08-07,East,Home & Kitchen,Online,SMB,SKU-1031,1,38.89,0.0,38.89,False,promo code applied
2025-07-18,West,Books,Retail Store,Consumer,SKU-1027,11,33.65,0.05,351.64,False,first-time customer
2024-12-28,Central,Sports,Retail Store,Consumer,SKU-1050,3,51.08,0.15,130.25,True,first-time customer
2025-09-27,South,Home & Kitchen,Online,SMB,SKU-1036,9,67.73,0.1,548.61,False,
2026-05-21,Central,Home & Kitchen,Retail Store,Consumer,SKU-1080,7,54.47,0.0,381.29,True,
2026-01-01,Central,Electronics,Online,SMB,SKU-1047,2,37.55,0.05,71.34,True,
2026-03-20,Central,Home & Kitchen,Online,Enterprise,SKU-1044,3,113.18,0.0,339.54,False,gift wrap
2025-04-12,Central,Books,Retail Store,Consumer,SKU-1015,10,16.43,0.15,139.66,False,
2025-11-09,Central,Apparel,Marketplace,Consumer,SKU-1015,1,49.55,0.0,49.55,False,gift wrap
2025-06-22,South,Toys,Marketplace,Consumer,SKU-1037,3,23.06,0.0,69.18,False,first-time customer
2025-04-23,Central,Apparel,Online,Consumer,SKU-1060,10,26.34,0.0,263.4,True,
2025-11-22,West,Electronics,Partner,SMB,SKU-1023,8,40.4,0.15,274.72,True,promo code applied
2026-05-09,Central,Apparel,Online,Consumer,SKU-1023,5,80.51,0.2,322.04,True,promo code applied
2025-06-23,South,Electronics,Marketplace,Enterprise,SKU-1088,3,56.73,0.1,153.17,True,bulk order
2024-12-18,East,Sports,Online,Consumer,SKU-1078,5,92.52,0.15,393.21,False,
2025-10-08,East,Home & Kitchen,Online,SMB,SKU-1096,3,13.69,0.05,39.02,False,
2025-12-21,West,Home & Kitchen,Online,Consumer,SKU-1047,3,110.5,0.0,331.5,False,
2026-04-08,East,Sports,Online,SMB,SKU-1074,5,66.87,0.15,284.2,False,promo code applied
2025-08-12,West,Home & Kitchen,Online,Consumer,SKU-1023,2,57.83,0.0,115.66,True,
2026-05-18,South,Sports,Retail Store,Consumer,SKU-1052,2,60.87,0.15,103.48,True,
2025-08-22,North,Books,Online,SMB,SKU-1058,1,76.0,0.15,64.6,False,
2025-08-30,North,Sports,Online,Consumer,SKU-1106,10,60.84,0.05,577.98,True,promo code applied
2026-05-10,East,Electronics,Online,Consumer,SKU-1047,3,18.97,0.2,45.53,True,promo code applied
2026-05-15,East,Toys,Partner,Consumer,SKU-1075,9,49.13,0.15,375.84,False,gift wrap
2025-07-05,South,Apparel,Marketplace,Consumer,SKU-1098,8,77.02,0.0,616.16,False,
2026-03-27,North,Books,Online,Consumer,SKU-1000,11,68.4,0.0,752.4,False,bulk order
2025-05-01,South,Apparel,Retail Store,SMB,SKU-1026,4,31.46,0.05,119.55,False,
2025-07-09,East,Home & Kitchen,Partner,Consumer,SKU-1073,3,74.89,0.2,179.74,True,gift wrap
2025-05-31,South,Books,Retail Store,Consumer,SKU-1026,8,37.28,0.05,283.33,False,promo code applied
2025-11-16,South,Electronics,Online,Consumer,SKU-1012,8,50.72,0.0,405.76,False,bulk order
2026-03-05,North,Electronics,Retail Store,Enterprise,SKU-1002,4,64.61,0.05,245.52,False,promo code applied
2026-02-11,East,Home & Kitchen,Online,Consumer,SKU-1115,5,13.1,0.0,65.5,False,first-time customer
2026-03-09,West,Electronics,Online,Consumer,SKU-1067,2,60.31,0.15,102.53,False,
2025-02-02,South,Electronics,Online,Consumer,SKU-1078,8,26.7,0.2,170.88,False,
2025-03-19,East,Books,Retail Store,Consumer,SKU-1046,3,92.93,0.0,278.79,True,gift wrap
2025-10-13,East,Electronics,Online,Enterprise,SKU-1089,8,61.41,0.1,442.15,False,gift wrap
2025-03-06,East,Sports,Marketplace,Consumer,SKU-1028,4,41.35,0.05,157.13,True,first-time customer
2026-03-09,East,Home & Kitchen,Online,Consumer,SKU-1044,5,56.83,0.0,284.15,False,bulk order
2025-07-28,East,Toys,Retail Store,Consumer,SKU-1023,1,28.44,0.1,25.6,False,
2025-11-09,West,Apparel,Marketplace,Enterprise,SKU-1092,4,81.39,0.0,325.56,True,
2025-04-29,West,Toys,Partner,Consumer,SKU-1116,10,40.79,0.15,346.72,False,
2025-06-05,South,Electronics,Marketplace,Consumer,SKU-1035,10,39.92,0.05,379.24,False,
2025-08-24,Central,Electronics,Online,Consumer,SKU-1062,3,49.91,0.2,119.78,True,
2026-04-28,North,Home & Kitchen,Online,Enterprise,SKU-1052,1,42.47,0.15,36.1,False,
2025-07-10,West,Electronics,Online,Consumer,SKU-1057,1,149.79,0.0,149.79,False,promo code applied
2026-03-06,East,Books,Online,Consumer,SKU-1091,8,45.12,0.0,360.96,True,first-time customer
2025-06-21,East,Toys,Partner,Consumer,SKU-1066,1,79.31,0.0,79.31,True,gift wrap
2026-02-13,East,Electronics,Online,Consumer,SKU-1050,8,38.61,0.15,262.55,True,
2026-03-24,North,Sports,Retail Store,Consumer,SKU-1046,9,71.72,0.05,613.21,True,
2025-05-10,South,Home & Kitchen,Online,Consumer,SKU-1115,7,76.85,0.1,484.16,True,first-time customer
2025-12-20,West,Apparel,Online,Consumer,SKU-1072,11,128.54,0.05,1343.24,True,bulk order
2025-07-02,East,Home & Kitchen,Marketplace,Consumer,SKU-1106,8,37.41,0.05,284.32,False,
2025-05-19,West,Sports,Partner,SMB,SKU-1104,3,113.42,0.15,289.22,False,first-time customer
2024-12-06,North,Electronics,Online,Consumer,SKU-1096,6,27.5,0.0,165.0,False,
2025-08-15,North,Home & Kitchen,Online,Consumer,SKU-1060,1,104.95,0.2,83.96,True,
2026-03-18,Central,Sports,Retail Store,Consumer,SKU-1012,9,62.35,0.1,505.04,False,
2025-06-20,North,Electronics,Online,SMB,SKU-1015,10,65.77,0.2,526.16,False,
2026-03-21,North,Toys,Online,Consumer,SKU-1097,1,104.22,0.05,99.01,False,
2025-08-13,East,Apparel,Retail Store,Consumer,SKU-1089,11,86.48,0.05,903.72,False,
2025-06-12,West,Apparel,Online,Consumer,SKU-1000,9,110.38,0.1,894.08,False,
2025-11-14,North,Apparel,Online,Consumer,SKU-1047,4,16.99,0.05,64.56,False,promo code applied
2025-04-21,South,Electronics,Partner,Consumer,SKU-1096,7,34.94,0.05,232.35,False,
2025-04-24,West,Electronics,Marketplace,Consumer,SKU-1034,6,75.31,0.1,406.67,False,
2025-04-23,Central,Toys,Online,Consumer,SKU-1077,1,58.52,0.0,58.52,True,bulk order
2025-03-12,Central,Apparel,Online,Enterprise,SKU-1003,6,45.77,0.0,274.62,True,
2026-02-03,West,Apparel,Online,Consumer,SKU-1058,5,24.68,0.05,117.23,False,first-time customer
2025-02-14,Central,Sports,Retail Store,Enterprise,SKU-1079,10,93.08,0.0,930.8,True,first-time customer
2025-08-25,North,Sports,Online,SMB,SKU-1075,7,125.16,0.1,788.51,True,gift wrap
2025-02-19,East,Electronics,Online,Consumer,SKU-1008,4,26.13,0.2,83.62,True,
2025-12-01,West,Home & Kitchen,Retail Store,Consumer,SKU-1033,11,62.99,0.0,692.89,True,first-time customer
2024-12-30,East,Sports,Retail Store,Consumer,SKU-1099,5,93.36,0.1,420.12,False,promo code applied
2025-12-15,Central,Apparel,Online,SMB,SKU-1041,1,59.58,0.2,47.66,False,
2025-03-27,East,Home & Kitchen,Online,Enterprise,SKU-1091,2,96.35,0.0,192.7,True,expedited shipping requested
2025-12-28,West,Books,Online,Consumer,SKU-1012,3,17.89,0.0,53.67,False,
2025-12-20,South,Electronics,Online,Consumer,SKU-1014,3,45.26,0.0,135.78,False,first-time customer
2024-12-20,South,Apparel,Online,Consumer,SKU-1096,5,50.91,0.2,203.64,True,gift wrap
2025-07-13,Central,Home & Kitchen,Online,Consumer,SKU-1003,10,43.4,0.2,347.2,False,
2026-01-30,Central,Sports,Online,SMB,SKU-1090,11,9.55,0.2,84.04,True,
2026-03-25,North,Apparel,Retail Store,Consumer,SKU-1007,2,101.39,0.15,172.36,False,
2025-11-08,West,Sports,Online,Consumer,SKU-1002,9,45.42,0.05,388.34,False,
2025-06-29,North,Electronics,Online,Consumer,SKU-1114,2,61.45,0.0,122.9,True,
2025-07-27,Central,Books,Marketplace,Consumer,SKU-1080,8,86.04,0.2,550.66,False,first-time customer
2025-11-24,North,Electronics,Partner,Consumer,SKU-1117,11,31.09,0.0,341.99,False,
2025-04-18,South,Apparel,Online,SMB,SKU-1044,2,63.89,0.05,121.39,True,
2025-05-05,West,Electronics,Marketplace,SMB,SKU-1004,2,51.17,0.2,81.87,False,
2025-07-21,North,Home & Kitchen,Online,Consumer,SKU-1000,2,60.09,0.0,120.18,True,
2025-06-23,East,Electronics,Online,Consumer,SKU-1053,3,43.86,0.1,118.42,False,bulk order
2025-06-03,Central,Home & Kitchen,Online,SMB,SKU-1039,3,70.25,0.0,210.75,True,promo code applied
2025-02-22,Central,Electronics,Online,Consumer,SKU-1072,1,91.87,0.0,91.87,True,
2025-08-16,South,Home & Kitchen,Online,Consumer,SKU-1042,3,17.76,0.15,45.29,False,
2025-05-14,East,Apparel,Online,SMB,SKU-1013,11,42.91,0.0,472.01,True,promo code applied
2025-07-17,Central,Electronics,Retail Store,Consumer,SKU-1047,4,56.63,0.0,226.52,False,bulk order
2025-06-21,North,Electronics,Retail Store,Consumer,SKU-1034,8,34.08,0.0,272.64,True,
